15.007,94.453,15
15.007,94.453,-8.992
15.007,94.453,-9.938
15.007,94.453,-10.04
15.007,15.004,-10.047,-10.04
14.997,94.452,-10.05
14.77,94.409,-10.05
14.764,94.405,-10.05
14.762,94.398,-10.05
14.83,94.038,-10.05
14.83,94.035,-10.05
14.977,93.657,-10.05
14.979,93.652,-10.05
15.193,93.306,-10.05
15.196,93.302,-10.05
15.469,93.003,-10.05
15.472,93,-10.05
15.797,92.754,-10.05
15.801,92.752,-10.05
16.167,92.57,-10.05
16.171,92.569,-10.05
16.561,92.458,-10.05
16.565,92.457,-10.05
16.968,92.42,-10.05
16.973,92.42,-10.05
17.38,92.457,-10.05
17.384,92.459,-10.05
17.774,92.57,-10.05
17.779,92.572,-10.05
18.143,92.753,-10.05
18.145,92.755,-10.05
18.468,92.999,-10.05
18.472,93.002,-10.05
18.744,93.3,-10.05
18.748,93.305,-10.05
18.963,93.652,-10.05
18.965,93.657,-10.05
19.111,94.034,-10.05
19.112,94.038,-10.05
19.187,94.437,-10.05
19.188,94.441,-10.05
19.188,94.849,-10.05
19.187,94.853,-10.05
19.113,95.252,-10.05
19.112,95.256,-10.05
18.964,95.638,-10.05
18.961,95.642,-10.05
18.749,95.984,-10.05
18.747,95.988,-10.05
18.472,96.289,-10.05
18.469,96.292,-10.05
18.143,96.538,-10.05
18.139,96.54,-10.05
17.775,96.721,-10.05
17.384,96.833,-10.05
17.38,96.834,-10.05
16.973,96.871,-10.05
16.968,96.871,-10.05
16.565,96.834,-10.05
16.561,96.833,-10.05
16.169,96.722,-10.05
16.166,96.721,-10.05
15.802,96.54,-10.05
15.798,96.537,-10.05
15.475,96.294,-10.05
15.471,96.29,-10.05
15.195,95.988,-10.05
15.193,95.985,-10.05
14.981,95.642,-10.05
14.978,95.638,-10.05
14.83,95.256,-10.05
14.829,95.252,-10.05
14.755,94.853,-10.05
14.754,94.849,-10.05
14.754,94.441,-10.05
14.755,94.437,-10.05
14.762,94.398,-10.05
14.772,94.348,-10.05
14.781,94.299,-10.05
14.79,94.25,-10.051
14.799,94.201,-10.051
14.809,94.152,-10.052
14.818,94.103,-10.053
14.829,94.042,-10.054
14.83,94.036,-10.054
14.842,94.007,-10.055
14.86,93.96,-10.056
14.878,93.914,-10.057
14.896,93.867,-10.058
14.914,93.82,-10.06
14.932,93.774,-10.061
14.95,93.727,-10.063
14.977,93.658,-10.065
14.98,93.652,-10.066
14.989,93.636,-10.066
15.016,93.594,-10.068
15.147,93.381,-10.077
15.193,93.307,-10.08
15.197,93.302,-10.08
15.268,93.224,-10.084
15.302,93.187,-10.085
15.335,93.15,-10.087
15.369,93.113,-10.088
15.403,93.076,-10.09
15.453,93.021,-10.092
15.47,93.002,-10.093
15.475,92.998,-10.093
15.509,92.972,-10.094
15.549,92.942,-10.095
15.589,92.912,-10.096
15.629,92.882,-10.097
15.669,92.852,-10.098
15.709,92.822,-10.099
15.748,92.792,-10.099
15.798,92.754,-10.1
15.804,92.751,-10.1
15.832,92.737,-10.1
15.885,92.71,-10.1
16.167,92.57,-10.1
16.171,92.569,-10.1
16.561,92.458,-10.1
16.565,92.457,-10.1
16.968,92.42,-10.1
16.973,92.42,-10.1
17.38,92.458,-10.1
17.384,92.459,-10.1
17.774,92.57,-10.1
17.779,92.572,-10.1
18.142,92.753,-10.1
18.145,92.755,-10.1
18.468,92.999,-10.1
18.472,93.002,-10.1
18.744,93.3,-10.1
18.747,93.305,-10.1
18.963,93.652,-10.1
18.965,93.657,-10.1
19.111,94.034,-10.1
19.112,94.038,-10.1
19.187,94.437,-10.1
19.187,94.441,-10.1
19.187,94.849,-10.1
19.187,94.853,-10.1
19.112,95.252,-10.1
19.111,95.256,-10.1
18.963,95.638,-10.1
18.749,95.984,-10.1
18.747,95.988,-10.1
18.472,96.289,-10.1
18.469,96.292,-10.1
18.143,96.538,-10.1
18.139,96.54,-10.1
17.778,96.719,-10.1
17.775,96.721,-10.1
17.384,96.832,-10.1
17.38,96.834,-10.1
16.973,96.871,-10.1
16.968,96.871,-10.1
16.565,96.834,-10.1
16.561,96.833,-10.1
16.17,96.722,-10.1
16.167,96.721,-10.1
15.802,96.539,-10.1
15.798,96.537,-10.1
15.475,96.293,-10.1
15.471,96.29,-10.1
15.195,95.988,-10.1
15.193,95.985,-10.1
14.979,95.638,-10.1
14.83,95.255,-10.1
14.83,95.251,-10.1
14.755,94.853,-10.1
14.755,94.849,-10.1
14.755,94.441,-10.1
14.755,94.437,-10.1
14.762,94.399,-10.1
14.83,94.038,-10.1
14.83,94.036,-10.1
14.977,93.657,-10.1
14.979,93.652,-10.1
15.194,93.306,-10.1
15.197,93.302,-10.1
15.469,93.003,-10.1
15.472,93,-10.1
15.798,92.754,-10.1
15.801,92.752,-10.1
15.885,92.71,-10.1
15.93,92.688,-10.1
15.975,92.666,-10.1
16.019,92.644,-10.101
16.064,92.621,-10.101
16.109,92.599,-10.102
16.165,92.571,-10.103
16.17,92.569,-10.103
16.2,92.561,-10.104
16.248,92.547,-10.105
16.296,92.533,-10.106
16.344,92.52,-10.107
16.392,92.506,-10.108
16.44,92.492,-10.11
16.488,92.479,-10.111
16.56,92.458,-10.114
16.567,92.457,-10.114
16.585,92.456,-10.115
16.635,92.451,-10.116
16.685,92.446,-10.118
16.97,92.42,-10.128
16.977,92.42,-10.128
17.132,92.435,-10.134
17.182,92.439,-10.135
17.231,92.444,-10.137
17.281,92.449,-10.138
17.356,92.455,-10.141
17.374,92.457,-10.141
17.38,92.458,-10.141
17.392,92.461,-10.142
17.428,92.471,-10.143
17.476,92.485,-10.144
17.524,92.499,-10.145
17.572,92.512,-10.146
17.62,92.526,-10.147
17.668,92.54,-10.148
17.716,92.553,-10.149
17.771,92.569,-10.149
17.776,92.571,-10.149
17.788,92.576,-10.149
17.81,92.587,-10.15
17.855,92.61,-10.15
17.908,92.636,-10.15
18.142,92.753,-10.15
18.145,92.755,-10.15
18.468,92.999,-10.15
18.472,93.002,-10.15
18.744,93.3,-10.15
18.747,93.305,-10.15
18.963,93.652,-10.15
18.965,93.657,-10.15
19.111,94.034,-10.15
19.112,94.038,-10.15
19.187,94.437,-10.15
19.187,94.441,-10.15
19.187,94.849,-10.15
19.187,94.853,-10.15
19.112,95.252,-10.15
19.111,95.256,-10.15
18.963,95.638,-10.15
18.749,95.984,-10.15
18.747,95.988,-10.15
18.472,96.289,-10.15
18.469,96.292,-10.15
18.143,96.538,-10.15
18.139,96.54,-10.15
17.778,96.719,-10.15
17.775,96.721,-10.15
17.384,96.832,-10.15
17.38,96.834,-10.15
16.973,96.871,-10.15
16.968,96.871,-10.15
16.565,96.834,-10.15
16.561,96.833,-10.15
16.17,96.722,-10.15
16.167,96.721,-10.15
15.802,96.539,-10.15
15.798,96.537,-10.15
15.475,96.293,-10.15
15.471,96.29,-10.15
15.195,95.988,-10.15
15.193,95.985,-10.15
14.979,95.638,-10.15
14.83,95.255,-10.15
14.83,95.251,-10.15
14.755,94.853,-10.15
14.755,94.849,-10.15
14.755,94.441,-10.15
14.755,94.437,-10.15
14.762,94.399,-10.15
14.83,94.038,-10.15
14.83,94.036,-10.15
14.977,93.657,-10.15
14.979,93.652,-10.15
15.194,93.306,-10.15
15.197,93.302,-10.15
15.469,93.003,-10.15
15.472,93,-10.15
15.798,92.754,-10.15
15.801,92.752,-10.15
16.167,92.57,-10.15
16.171,92.569,-10.15
16.561,92.458,-10.15
16.565,92.457,-10.15
16.968,92.42,-10.15
16.973,92.42,-10.15
17.38,92.458,-10.15
17.384,92.459,-10.15
17.774,92.57,-10.15
17.779,92.572,-10.15
17.908,92.636,-10.15
17.953,92.659,-10.15
17.998,92.681,-10.15
18.042,92.703,-10.151
18.087,92.725,-10.151
18.143,92.753,-10.152
18.153,92.761,-10.152
18.173,92.776,-10.153
18.212,92.806,-10.154
18.252,92.836,-10.155
18.292,92.866,-10.156
18.332,92.896,-10.157
18.372,92.926,-10.158
18.412,92.956,-10.16
18.466,92.998,-10.162
18.471,93.002,-10.162
18.488,93.02,-10.163
18.522,93.057,-10.165
18.555,93.094,-10.166
18.589,93.131,-10.168
18.744,93.301,-10.176
18.748,93.306,-10.176
18.86,93.486,-10.184
18.886,93.529,-10.185
18.913,93.571,-10.187
18.952,93.635,-10.189
18.962,93.651,-10.19
18.965,93.657,-10.19
18.974,93.68,-10.191
18.983,93.703,-10.191
19.001,93.75,-10.193
19.019,93.796,-10.194
19.037,93.843,-10.195
19.055,93.889,-10.196
19.073,93.936,-10.197
19.091,93.982,-10.198
19.111,94.035,-10.199
19.113,94.041,-10.199
19.119,94.077,-10.199
19.129,94.127,-10.2
19.138,94.176,-10.2
19.149,94.235,-10.2
19.187,94.437,-10.2
19.187,94.441,-10.2
19.187,94.849,-10.2
19.187,94.853,-10.2
19.112,95.252,-10.2
19.111,95.256,-10.2
18.963,95.638,-10.2
18.749,95.984,-10.2
18.747,95.988,-10.2
18.472,96.289,-10.2
18.469,96.292,-10.2
18.143,96.538,-10.2
18.139,96.54,-10.2
17.778,96.719,-10.2
17.775,96.721,-10.2
17.384,96.832,-10.2
17.38,96.834,-10.2
16.973,96.871,-10.2
16.968,96.871,-10.2
16.565,96.834,-10.2
16.561,96.833,-10.2
16.17,96.722,-10.2
16.167,96.721,-10.2
15.802,96.539,-10.2
15.798,96.537,-10.2
15.475,96.293,-10.2
15.471,96.29,-10.2
15.195,95.988,-10.2
15.193,95.985,-10.2
14.979,95.638,-10.2
14.83,95.255,-10.2
14.83,95.251,-10.2
14.755,94.853,-10.2
14.755,94.849,-10.2
14.755,94.441,-10.2
14.755,94.437,-10.2
14.762,94.399,-10.2
14.83,94.038,-10.2
14.83,94.036,-10.2
14.977,93.657,-10.2
14.979,93.652,-10.2
15.194,93.306,-10.2
15.197,93.302,-10.2
15.469,93.003,-10.2
15.472,93,-10.2
15.798,92.754,-10.2
15.801,92.752,-10.2
16.167,92.57,-10.2
16.171,92.569,-10.2
16.561,92.458,-10.2
16.565,92.457,-10.2
16.968,92.42,-10.2
16.973,92.42,-10.2
17.38,92.458,-10.2
17.384,92.459,-10.2
17.774,92.57,-10.2
17.779,92.572,-10.2
18.142,92.753,-10.2
18.145,92.755,-10.2
18.468,92.999,-10.2
18.472,93.002,-10.2
18.744,93.3,-10.2
18.747,93.305,-10.2
18.963,93.652,-10.2
18.965,93.657,-10.2
19.111,94.034,-10.2
19.112,94.038,-10.2
19.149,94.235,-10.2
19.158,94.284,-10.2
19.167,94.333,-10.2
19.176,94.382,-10.201
19.187,94.437,-10.201
19.187,94.443,-10.201
19.187,94.456,-10.202
19.187,94.481,-10.202
19.187,94.53,-10.203
19.187,94.58,-10.204
19.187,94.63,-10.205
19.187,94.68,-10.206
19.187,94.73,-10.207
19.187,94.78,-10.208
19.187,94.849,-10.21
19.187,94.855,-10.211
19.182,94.879,-10.211
19.173,94.928,-10.213
19.164,94.977,-10.215
19.154,95.027,-10.216
19.145,95.076,-10.218
19.112,95.253,-10.224
19.11,95.259,-10.224
19.015,95.504,-10.234
18.997,95.55,-10.235
18.97,95.62,-10.238
18.964,95.637,-10.238
18.96,95.643,-10.238
18.934,95.685,-10.24
18.908,95.728,-10.241
18.881,95.77,-10.243
18.855,95.813,-10.244
18.829,95.855,-10.245
18.803,95.897,-10.246
18.776,95.94,-10.247
18.75,95.982,-10.248
18.747,95.988,-10.248
18.734,96.001,-10.248
18.717,96.02,-10.249
18.684,96.057,-10.249
18.65,96.094,-10.25
18.616,96.13,-10.25
18.576,96.175,-10.25
18.472,96.289,-10.25
18.469,96.292,-10.25
18.143,96.538,-10.25
18.139,96.54,-10.25
17.778,96.719,-10.25
17.775,96.721,-10.25
17.384,96.832,-10.25
17.38,96.834,-10.25
16.973,96.871,-10.25
16.968,96.871,-10.25
16.565,96.834,-10.25
16.561,96.833,-10.25
16.17,96.722,-10.25
16.167,96.721,-10.25
15.802,96.539,-10.25
15.798,96.537,-10.25
15.475,96.293,-10.25
15.471,96.29,-10.25
15.195,95.988,-10.25
15.193,95.985,-10.25
14.979,95.638,-10.25
14.83,95.255,-10.25
14.83,95.251,-10.25
14.755,94.853,-10.25
14.755,94.849,-10.25
14.755,94.441,-10.25
14.755,94.437,-10.25
14.762,94.399,-10.25
14.83,94.038,-10.25
14.83,94.036,-10.25
14.977,93.657,-10.25
14.979,93.652,-10.25
15.194,93.306,-10.25
15.197,93.302,-10.25
15.469,93.003,-10.25
15.472,93,-10.25
15.798,92.754,-10.25
15.801,92.752,-10.25
16.167,92.57,-10.25
16.171,92.569,-10.25
16.561,92.458,-10.25
16.565,92.457,-10.25
16.968,92.42,-10.25
16.973,92.42,-10.25
17.38,92.458,-10.25
17.384,92.459,-10.25
17.774,92.57,-10.25
17.779,92.572,-10.25
18.142,92.753,-10.25
18.145,92.755,-10.25
18.468,92.999,-10.25
18.472,93.002,-10.25
18.744,93.3,-10.25
18.747,93.305,-10.25
18.963,93.652,-10.25
18.965,93.657,-10.25
19.111,94.034,-10.25
19.112,94.038,-10.25
19.187,94.437,-10.25
19.187,94.441,-10.25
19.187,94.849,-10.25
19.187,94.853,-10.25
19.112,95.252,-10.25
19.111,95.256,-10.25
18.963,95.638,-10.25
18.749,95.984,-10.25
18.747,95.988,-10.25
18.576,96.175,-10.25
18.542,96.212,-10.25
18.509,96.249,-10.25
18.471,96.29,-10.251
18.466,96.294,-10.251
18.436,96.316,-10.251
18.396,96.347,-10.252
18.356,96.377,-10.253
18.317,96.407,-10.254
18.277,96.437,-10.255
18.237,96.467,-10.256
18.197,96.497,-10.257
18.147,96.535,-10.259
18.142,96.538,-10.259
18.114,96.552,-10.26
18.07,96.574,-10.261
18.025,96.597,-10.263
17.98,96.619,-10.265
17.936,96.641,-10.266
17.891,96.663,-10.268
17.779,96.719,-10.272
17.774,96.721,-10.273
17.612,96.768,-10.278
17.516,96.795,-10.282
17.468,96.809,-10.284
17.384,96.832,-10.286
17.377,96.834,-10.287
17.371,96.834,-10.287
17.322,96.839,-10.288
17.272,96.844,-10.29
17.222,96.848,-10.291
17.172,96.853,-10.293
17.123,96.857,-10.294
17.073,96.862,-10.295
17.023,96.867,-10.296
16.974,96.871,-10.297
16.967,96.871,-10.297
16.949,96.869,-10.298
16.924,96.867,-10.298
16.874,96.862,-10.299
16.825,96.858,-10.299
16.775,96.853,-10.3
16.725,96.849,-10.3
16.665,96.843,-10.3
16.565,96.834,-10.3
16.561,96.833,-10.3
16.17,96.722,-10.3
16.167,96.721,-10.3
15.802,96.539,-10.3
15.798,96.537,-10.3
15.475,96.293,-10.3
15.471,96.29,-10.3
15.195,95.988,-10.3
15.193,95.985,-10.3
14.979,95.638,-10.3
14.83,95.255,-10.3
14.83,95.251,-10.3
14.755,94.853,-10.3
14.755,94.849,-10.3
14.755,94.441,-10.3
14.755,94.437,-10.3
14.762,94.399,-10.3
14.83,94.038,-10.3
14.83,94.036,-10.3
14.977,93.657,-10.3
14.979,93.652,-10.3
15.194,93.306,-10.3
15.197,93.302,-10.3
15.469,93.003,-10.3
15.472,93,-10.3
15.798,92.754,-10.3
15.801,92.752,-10.3
16.167,92.57,-10.3
16.171,92.569,-10.3
16.561,92.458,-10.3
16.565,92.457,-10.3
16.968,92.42,-10.3
16.973,92.42,-10.3
17.38,92.458,-10.3
17.384,92.459,-10.3
17.774,92.57,-10.3
17.779,92.572,-10.3
18.142,92.753,-10.3
18.145,92.755,-10.3
18.468,92.999,-10.3
18.472,93.002,-10.3
18.744,93.3,-10.3
18.747,93.305,-10.3
18.963,93.652,-10.3
18.965,93.657,-10.3
19.111,94.034,-10.3
19.112,94.038,-10.3
19.187,94.437,-10.3
19.187,94.441,-10.3
19.187,94.849,-10.3
19.187,94.853,-10.3
19.112,95.252,-10.3
19.111,95.256,-10.3
18.963,95.638,-10.3
18.749,95.984,-10.3
18.747,95.988,-10.3
18.576,96.175,-10.3
18.472,96.289,-10.3
18.469,96.292,-10.3
18.143,96.538,-10.3
18.139,96.54,-10.3
17.778,96.719,-10.3
17.775,96.721,-10.3
17.384,96.832,-10.3
17.38,96.834,-10.3
16.973,96.871,-10.3
16.968,96.871,-10.3
16.665,96.843,-10.3
16.617,96.839,-10.3
16.563,96.834,-10.301
16.557,96.832,-10.301
16.546,96.829,-10.301
16.523,96.822,-10.301
16.476,96.809,-10.302
16.43,96.796,-10.303
16.383,96.783,-10.304
16.337,96.769,-10.305
16.29,96.756,-10.306
16.244,96.743,-10.308
16.168,96.721,-10.31
16.163,96.719,-10.31
16.109,96.692,-10.312
16.065,96.671,-10.314
16.022,96.649,-10.315
15.979,96.627,-10.316
15.936,96.606,-10.317
15.892,96.584,-10.318
15.849,96.563,-10.319
15.8,96.539,-10.32
15.795,96.535,-10.32
15.786,96.528,-10.32
15.767,96.513,-10.32
15.72,96.478,-10.32
15.475,96.293,-10.32
15.471,96.29,-10.32
15.195,95.988,-10.32
15.193,95.985,-10.32
14.979,95.638,-10.32
14.83,95.255,-10.32
14.83,95.251,-10.32
14.755,94.853,-10.32
14.755,94.849,-10.32
14.755,94.441,-10.32
14.755,94.437,-10.32
14.762,94.399,-10.32
14.83,94.038,-10.32
14.83,94.036,-10.32
14.977,93.657,-10.32
14.979,93.652,-10.32
15.194,93.306,-10.32
15.197,93.302,-10.32
15.469,93.003,-10.32
15.472,93,-10.32
15.798,92.754,-10.32
15.801,92.752,-10.32
16.167,92.57,-10.32
16.171,92.569,-10.32
16.561,92.458,-10.32
16.565,92.457,-10.32
16.968,92.42,-10.32
16.973,92.42,-10.32
17.38,92.458,-10.32
17.384,92.459,-10.32
17.774,92.57,-10.32
17.779,92.572,-10.32
18.142,92.753,-10.32
18.145,92.755,-10.32
18.468,92.999,-10.32
18.472,93.002,-10.32
18.744,93.3,-10.32
18.747,93.305,-10.32
18.963,93.652,-10.32
18.965,93.657,-10.32
19.111,94.034,-10.32
19.112,94.038,-10.32
19.187,94.437,-10.32
19.187,94.441,-10.32
19.187,94.849,-10.32
19.187,94.853,-10.32
19.112,95.252,-10.32
19.111,95.256,-10.32
18.963,95.638,-10.32
18.749,95.984,-10.32
18.747,95.988,-10.32
18.472,96.289,-10.32
18.469,96.292,-10.32
18.143,96.538,-10.32
18.139,96.54,-10.32
17.778,96.719,-10.32
17.775,96.721,-10.32
17.384,96.832,-10.32
17.38,96.834,-10.32
16.973,96.871,-10.32
16.968,96.871,-10.32
16.665,96.843,-10.32
16.565,96.834,-10.32
16.561,96.833,-10.32
16.17,96.722,-10.32
16.167,96.721,-10.32
15.802,96.539,-10.32
15.798,96.537,-10.32
15.72,96.478,-10.32
15.68,96.448,-10.32
15.64,96.418,-10.32
15.601,96.388,-10.321
15.561,96.358,-10.321
15.521,96.328,-10.322
15.476,96.294,-10.323
15.471,96.29,-10.323
15.446,96.262,-10.324
15.412,96.226,-10.325
15.379,96.189,-10.326
15.345,96.152,-10.327
15.311,96.115,-10.328
15.278,96.078,-10.33
15.244,96.041,-10.331
15.198,95.99,-10.334
15.194,95.986,-10.334
15.181,95.964,-10.335
15.155,95.922,-10.336
15.128,95.88,-10.338
14.981,95.641,-10.348
14.978,95.635,-10.348
14.919,95.484,-10.354
14.901,95.438,-10.355
14.883,95.391,-10.357
14.865,95.344,-10.358
14.838,95.275,-10.361
14.831,95.257,-10.361
14.83,95.251,-10.361
14.82,95.202,-10.363
14.811,95.153,-10.364
14.802,95.104,-10.365
14.793,95.055,-10.366
14.784,95.006,-10.367
14.774,94.957,-10.368
14.765,94.908,-10.369
14.755,94.853,-10.369
14.755,94.846,-10.369
14.755,94.809,-10.37
14.755,94.759,-10.37
14.755,94.699,-10.37
14.755,94.441,-10.37
14.755,94.437,-10.37
14.762,94.399,-10.37
14.83,94.038,-10.37
14.83,94.036,-10.37
14.977,93.657,-10.37
14.979,93.652,-10.37
15.194,93.306,-10.37
15.197,93.302,-10.37
15.469,93.003,-10.37
15.472,93,-10.37
15.798,92.754,-10.37
15.801,92.752,-10.37
16.167,92.57,-10.37
16.171,92.569,-10.37
16.561,92.458,-10.37
16.565,92.457,-10.37
16.968,92.42,-10.37
16.973,92.42,-10.37
17.38,92.458,-10.37
17.384,92.459,-10.37
17.774,92.57,-10.37
17.779,92.572,-10.37
18.142,92.753,-10.37
18.145,92.755,-10.37
18.468,92.999,-10.37
18.472,93.002,-10.37
18.744,93.3,-10.37
18.747,93.305,-10.37
18.963,93.652,-10.37
18.965,93.657,-10.37
19.111,94.034,-10.37
19.112,94.038,-10.37
19.187,94.437,-10.37
19.187,94.441,-10.37
19.187,94.849,-10.37
19.187,94.853,-10.37
19.112,95.252,-10.37
19.111,95.256,-10.37
18.963,95.638,-10.37
18.749,95.984,-10.37
18.747,95.988,-10.37
18.472,96.289,-10.37
18.469,96.292,-10.37
18.143,96.538,-10.37
18.139,96.54,-10.37
17.778,96.719,-10.37
17.775,96.721,-10.37
17.384,96.832,-10.37
17.38,96.834,-10.37
16.973,96.871,-10.37
16.968,96.871,-10.37
16.565,96.834,-10.37
16.561,96.833,-10.37
16.17,96.722,-10.37
16.167,96.721,-10.37
15.802,96.539,-10.37
15.798,96.537,-10.37
15.475,96.293,-10.37
15.471,96.29,-10.37
15.195,95.988,-10.37
15.193,95.985,-10.37
14.979,95.638,-10.37
14.83,95.255,-10.37
14.83,95.251,-10.37
14.755,94.853,-10.37
14.755,94.849,-10.37
14.755,94.699,-10.37
14.755,94.649,-10.37
14.755,94.599,-10.37
14.755,94.549,-10.371
14.755,94.499,-10.371
14.755,94.443,-10.372
14.755,94.437,-10.372
14.758,94.425,-10.372
14.762,94.4,-10.373
14.771,94.351,-10.374
14.781,94.302,-10.375
14.79,94.253,-10.376
14.799,94.204,-10.377
14.808,94.155,-10.378
14.817,94.106,-10.38
14.83,94.038,-10.382
14.832,94.032,-10.382
14.841,94.009,-10.383
14.859,93.963,-10.385
14.877,93.916,-10.386
14.895,93.87,-10.388
14.978,93.654,-10.396
14.981,93.649,-10.396
15.093,93.469,-10.404
15.119,93.426,-10.405
15.146,93.384,-10.407
15.185,93.32,-10.409
15.195,93.304,-10.41
15.199,93.3,-10.41
15.233,93.263,-10.411
15.266,93.226,-10.413
15.3,93.189,-10.414
15.334,93.152,-10.415
15.367,93.115,-10.416
15.401,93.078,-10.417
15.434,93.041,-10.418
15.468,93.004,-10.419
15.472,93,-10.419
15.487,92.989,-10.419
15.507,92.974,-10.419
15.547,92.944,-10.42
15.587,92.914,-10.42
15.635,92.877,-10.42
15.798,92.754,-10.42
15.801,92.752,-10.42
16.167,92.57,-10.42
16.171,92.569,-10.42
16.561,92.458,-10.42
16.565,92.457,-10.42
16.968,92.42,-10.42
16.973,92.42,-10.42
17.38,92.458,-10.42
17.384,92.459,-10.42
17.774,92.57,-10.42
17.779,92.572,-10.42
18.142,92.753,-10.42
18.145,92.755,-10.42
18.468,92.999,-10.42
18.472,93.002,-10.42
18.744,93.3,-10.42
18.747,93.305,-10.42
18.963,93.652,-10.42
18.965,93.657,-10.42
19.111,94.034,-10.42
19.112,94.038,-10.42
19.187,94.437,-10.42
19.187,94.441,-10.42
19.187,94.849,-10.42
19.187,94.853,-10.42
19.112,95.252,-10.42
19.111,95.256,-10.42
18.963,95.638,-10.42
18.749,95.984,-10.42
18.747,95.988,-10.42
18.472,96.289,-10.42
18.469,96.292,-10.42
18.143,96.538,-10.42
18.139,96.54,-10.42
17.778,96.719,-10.42
17.775,96.721,-10.42
17.384,96.832,-10.42
17.38,96.834,-10.42
16.973,96.871,-10.42
16.968,96.871,-10.42
16.565,96.834,-10.42
16.561,96.833,-10.42
16.17,96.722,-10.42
16.167,96.721,-10.42
15.802,96.539,-10.42
15.798,96.537,-10.42
15.475,96.293,-10.42
15.471,96.29,-10.42
15.195,95.988,-10.42
15.193,95.985,-10.42
14.979,95.638,-10.42
14.83,95.255,-10.42
14.83,95.251,-10.42
14.755,94.853,-10.42
14.755,94.849,-10.42
14.755,94.441,-10.42
14.755,94.437,-10.42
14.762,94.399,-10.42
14.83,94.038,-10.42
14.83,94.036,-10.42
14.977,93.657,-10.42
14.979,93.652,-10.42
15.194,93.306,-10.42
15.197,93.302,-10.42
15.469,93.003,-10.42
15.472,93,-10.42
15.635,92.877,-10.42
15.642,92.875,-10.42
15.649,92.879,-10.42
15.653,92.885,-10.417
15.655,92.887,-10.41
15.655,92.887,5
27.32,88.982,5
27.32,88.982,-8.991
27.32,88.982,-9.938
27.32,88.982,-10.04
27.317,88.983,-10.047
27.31,88.985,-10.05
27.223,89.014,-10.05
27.215,89.013,-10.05
27.21,89.007,-10.05
27.209,89.003,-10.05
27.208,88.999,-10.05
27.187,88.812,-10.05
27.186,88.778,-10.05
27.186,60.747,-10.05
27.188,60.713,-10.05
27.209,60.53,-10.05
27.209,60.526,-10.05
27.275,60.339,-10.05
27.277,60.335,-10.05
27.279,60.33,-10.05
27.383,60.165,-10.05
27.387,60.16,-10.05
27.527,60.02,-10.05
27.531,60.016,-10.05
27.701,59.909,-10.05
27.705,59.907,-10.05
27.892,59.842,-10.05
27.896,59.84,-10.05
27.93,59.836,-10.05
28.1,59.817,-10.05
28.104,59.818,-10.05
28.269,59.836,-10.05
28.303,59.84,-10.05
28.307,59.841,-10.05
28.494,59.907,-10.05
28.498,59.909,-10.05
28.668,60.016,-10.05
28.672,60.019,-10.05
28.815,60.162,-10.05
28.817,60.164,-10.05
28.92,60.329,-10.05
28.923,60.334,-10.05
28.924,60.337,-10.05
28.991,60.526,-10.05
28.991,60.53,-10.05
29.012,60.713,-10.05
29.014,60.747,-10.05
29.014,88.778,-10.05
29.013,88.812,-10.05
28.992,88.999,-10.05
28.991,89.003,-10.05
28.99,89.007,-10.05
28.925,89.192,-10.05
28.924,89.195,-10.05
28.922,89.198,-10.05
28.816,89.367,-10.05
28.812,89.371,-10.05
28.67,89.513,-10.05
28.667,89.515,-10.05
28.507,89.616,-10.05
28.496,89.623,-10.05
28.493,89.624,-10.05
28.307,89.689,-10.05
28.303,89.69,-10.05
28.269,89.694,-10.05
28.104,89.713,-10.05
28.1,89.713,-10.05
27.93,89.694,-10.05
27.896,89.69,-10.05
27.892,89.689,-10.05
27.706,89.624,-10.05
27.704,89.623,-10.05
27.692,89.616,-10.05
27.532,89.515,-10.05
27.529,89.512,-10.05
27.387,89.37,-10.05
27.384,89.367,-10.05
27.278,89.198,-10.05
27.276,89.195,-10.05
27.275,89.192,-10.05
27.21,89.007,-10.05
27.216,89,-10.05
27.215,88.994,-10.05
27.214,88.982,-10.05
27.211,88.957,-10.05
27.209,88.931,-10.05
27.206,88.906,-10.05
27.203,88.88,-10.051
27.201,88.854,-10.051
27.197,88.814,-10.051
27.196,88.801,-10.051
27.195,88.787,-10.052
27.196,88.774,-10.052
27.196,88.747,-10.052
27.198,88.697,-10.053
27.199,88.648,-10.054
27.201,88.598,-10.055
27.202,88.548,-10.056
27.204,88.498,-10.057
27.206,88.448,-10.059
27.208,88.398,-10.06
27.211,88.348,-10.062
27.213,88.298,-10.063
27.216,88.248,-10.065
27.218,88.198,-10.067
27.221,88.148,-10.068
27.241,87.749,-10.082
27.244,87.699,-10.084
27.246,87.649,-10.086
27.249,87.599,-10.087
27.251,87.55,-10.089
27.253,87.5,-10.09
27.256,87.45,-10.092
27.258,87.4,-10.093
27.259,87.35,-10.094
27.261,87.3,-10.095
27.263,87.25,-10.096
27.264,87.2,-10.097
27.265,87.15,-10.098
27.266,87.1,-10.099
27.267,87.05,-10.099
27.268,87,-10.1
27.268,86.963,-10.1
27.268,86.951,-10.1
27.26,86.907,-10.1
27.26,60.747,-10.1
27.263,60.713,-10.1
27.27,60.645,-10.1
27.275,60.611,-10.1
27.285,60.55,-10.1
27.292,60.509,-10.1
27.293,60.505,-10.1
27.322,60.422,-10.1
27.323,60.419,-10.1
27.381,60.305,-10.1
27.387,60.295,-10.1
27.431,60.225,-10.1
27.435,60.221,-10.1
27.59,60.065,-10.1
27.595,60.062,-10.1
27.658,60.022,-10.1
27.692,60.003,-10.1
27.787,59.955,-10.1
27.79,59.953,-10.1
27.875,59.924,-10.1
27.879,59.923,-10.1
27.998,59.904,-10.1
28.032,59.9,-10.1
28.1,59.892,-10.1
28.104,59.892,-10.1
28.167,59.9,-10.1
28.201,59.904,-10.1
28.32,59.923,-10.1
28.324,59.924,-10.1
28.409,59.953,-10.1
28.413,59.955,-10.1
28.507,60.003,-10.1
28.541,60.021,-10.1
28.604,60.061,-10.1
28.609,60.064,-10.1
28.765,60.221,-10.1
28.769,60.225,-10.1
28.812,60.294,-10.1
28.819,60.305,-10.1
28.876,60.417,-10.1
28.877,60.42,-10.1
28.907,60.505,-10.1
28.908,60.509,-10.1
28.925,60.611,-10.1
28.93,60.645,-10.1
28.937,60.713,-10.1
28.94,60.747,-10.1
28.94,88.778,-10.1
28.938,88.812,-10.1
28.93,88.88,-10.1
28.925,88.914,-10.1
28.909,89.02,-10.1
28.908,89.024,-10.1
28.877,89.11,-10.1
28.876,89.114,-10.1
28.822,89.219,-10.1
28.812,89.236,-10.1
28.769,89.306,-10.1
28.765,89.31,-10.1
28.609,89.466,-10.1
28.604,89.469,-10.1
28.541,89.509,-10.1
28.513,89.525,-10.1
28.413,89.575,-10.1
28.409,89.577,-10.1
28.324,89.607,-10.1
28.32,89.608,-10.1
28.2,89.627,-10.1
28.167,89.631,-10.1
28.104,89.638,-10.1
28.1,89.638,-10.1
28.032,89.631,-10.1
28,89.627,-10.1
27.879,89.608,-10.1
27.875,89.607,-10.1
27.79,89.577,-10.1
27.786,89.575,-10.1
27.687,89.525,-10.1
27.658,89.509,-10.1
27.595,89.469,-10.1
27.59,89.465,-10.1
27.434,89.309,-10.1
27.431,89.305,-10.1
27.387,89.235,-10.1
27.378,89.219,-10.1
27.347,89.158,-10.1
27.324,89.113,-10.1
27.322,89.109,-10.1
27.292,89.024,-10.1
27.291,89.02,-10.1
27.275,88.914,-10.1
27.27,88.88,-10.1
27.262,88.812,-10.1
27.26,88.778,-10.1
27.26,86.907,-10.1
27.268,86.857,-10.1
27.268,86.807,-10.1
27.269,86.757,-10.101
27.27,86.707,-10.101
27.271,86.657,-10.102
27.272,86.607,-10.103
27.274,86.557,-10.104
27.275,86.507,-10.105
27.277,86.458,-10.106
27.279,86.408,-10.107
27.281,86.358,-10.108
27.283,86.308,-10.11
27.285,86.258,-10.111
27.287,86.208,-10.113
27.29,86.158,-10.115
27.292,86.108,-10.116
27.295,86.058,-10.118
27.3,85.958,-10.121
27.316,85.659,-10.132
27.318,85.609,-10.134
27.321,85.559,-10.135
27.323,85.509,-10.137
27.326,85.459,-10.138
27.328,85.409,-10.14
27.33,85.359,-10.141
27.332,85.31,-10.143
27.333,85.26,-10.144
27.334,85.21,-10.145
27.336,85.16,-10.146
27.336,85.11,-10.147
27.337,85.06,-10.148
27.338,85.01,-10.149
27.339,84.96,-10.149
27.339,84.91,-10.15
27.339,84.86,-10.15
27.339,84.823,-10.15
27.339,84.81,-10.15
27.334,84.8,-10.15
27.334,60.738,-10.15
27.334,60.734,-10.15
27.372,60.496,-10.15
27.374,60.492,-10.15
27.481,60.282,-10.15
27.485,60.278,-10.15
27.646,60.116,-10.15
27.65,60.112,-10.15
27.862,60.004,-10.15
27.865,60.003,-10.15
28.1,59.966,-10.15
28.104,59.967,-10.15
28.334,60.003,-10.15
28.337,60.004,-10.15
28.549,60.112,-10.15
28.553,60.115,-10.15
28.719,60.281,-10.15
28.721,60.285,-10.15
28.826,60.492,-10.15
28.828,60.496,-10.15
28.866,60.734,-10.15
28.866,60.738,-10.15
28.866,88.795,-10.15
28.865,88.799,-10.15
28.828,89.033,-10.15
28.827,89.037,-10.15
28.721,89.245,-10.15
28.719,89.249,-10.15
28.553,89.415,-10.15
28.549,89.418,-10.15
28.337,89.527,-10.15
28.333,89.527,-10.15
28.104,89.564,-10.15
28.1,89.564,-10.15
27.866,89.527,-10.15
27.862,89.526,-10.15
27.654,89.42,-10.15
27.65,89.418,-10.15
27.481,89.249,-10.15
27.479,89.245,-10.15
27.417,89.123,-10.15
27.373,89.037,-10.15
27.372,89.033,-10.15
27.335,88.799,-10.15
27.334,88.795,-10.15
27.334,84.8,-10.15
27.339,84.75,-10.15
27.34,84.701,-10.15
27.34,84.651,-10.151
27.341,84.601,-10.151
27.341,84.551,-10.152
27.342,84.501,-10.153
27.343,84.451,-10.154
27.344,84.401,-10.155
27.345,84.351,-10.156
27.346,84.301,-10.157
27.348,84.251,-10.158
27.349,84.201,-10.16
27.351,84.152,-10.161
27.352,84.102,-10.163
27.354,84.052,-10.165
27.356,84.002,-10.166
27.357,83.952,-10.168
27.362,83.802,-10.173
27.371,83.553,-10.182
27.373,83.503,-10.184
27.375,83.453,-10.185
27.376,83.403,-10.187
27.378,83.353,-10.188
27.379,83.303,-10.19
27.381,83.253,-10.191
27.382,83.203,-10.193
27.383,83.153,-10.194
27.384,83.103,-10.195
27.386,83.053,-10.196
27.386,83.004,-10.197
27.387,82.954,-10.198
27.388,82.904,-10.199
27.389,82.854,-10.199
27.389,82.835,-10.199
27.389,82.829,-10.199
27.389,82.804,-10.2
27.389,82.754,-10.2
27.39,82.717,-10.2
27.39,82.704,-10.2
27.386,82.694,-10.2
27.386,60.736,-10.2
27.386,60.734,-10.2
27.387,60.726,-10.2
27.421,60.512,-10.2
27.422,60.509,-10.2
27.521,60.315,-10.2
27.523,60.311,-10.2
27.678,60.156,-10.2
27.682,60.153,-10.2
27.879,60.053,-10.2
27.883,60.052,-10.2
28.1,60.017,-10.2
28.104,60.018,-10.2
28.32,60.052,-10.2
28.324,60.054,-10.2
28.518,60.153,-10.2
28.521,60.155,-10.2
28.676,60.311,-10.2
28.679,60.314,-10.2
28.778,60.509,-10.2
28.779,60.513,-10.2
28.814,60.733,-10.2
28.814,60.737,-10.2
28.814,88.794,-10.2
28.814,88.798,-10.2
28.779,89.018,-10.2
28.778,89.021,-10.2
28.679,89.215,-10.2
28.677,89.219,-10.2
28.524,89.373,-10.2
28.52,89.377,-10.2
28.324,89.476,-10.2
28.32,89.478,-10.2
28.104,89.512,-10.2
28.1,89.513,-10.2
27.883,89.479,-10.2
27.879,89.478,-10.2
27.684,89.378,-10.2
27.68,89.376,-10.2
27.523,89.219,-10.2
27.52,89.215,-10.2
27.462,89.1,-10.2
27.422,89.023,-10.2
27.421,89.019,-10.2
27.386,88.798,-10.2
27.386,88.795,-10.2
27.386,84.8,-10.2
27.386,82.694,-10.2
27.39,82.644,-10.2
27.39,82.594,-10.2
27.391,82.544,-10.201
27.392,82.494,-10.201
27.393,82.445,-10.202
27.394,82.395,-10.203
27.395,82.345,-10.204
27.397,82.295,-10.205
27.398,82.245,-10.206
27.4,82.195,-10.207
27.402,82.145,-10.208
27.404,82.095,-10.21
27.407,82.045,-10.211
27.409,81.995,-10.213
27.411,81.945,-10.215
27.414,81.895,-10.216
27.416,81.846,-10.218
27.422,81.746,-10.221
27.437,81.446,-10.232
27.44,81.396,-10.234
27.442,81.346,-10.235
27.445,81.297,-10.237
27.447,81.247,-10.238
27.449,81.197,-10.24
27.452,81.147,-10.241
27.454,81.097,-10.243
27.455,81.047,-10.244
27.457,80.997,-10.245
27.459,80.947,-10.246
27.46,80.897,-10.247
27.461,80.847,-10.248
27.462,80.797,-10.249
27.463,80.748,-10.249
27.464,80.698,-10.25
27.464,80.648,-10.25
27.464,80.61,-10.25
27.464,80.598,-10.25
27.459,80.588,-10.25
27.459,60.747,-10.25
27.462,60.713,-10.25
27.467,60.679,-10.25
27.472,60.645,-10.25
27.488,60.543,-10.25
27.489,60.54,-10.25
27.518,60.475,-10.25
27.523,60.466,-10.25
27.571,60.37,-10.25
27.573,60.367,-10.25
27.624,60.308,-10.25
27.627,60.305,-10.25
27.703,60.23,-10.25
27.706,60.227,-10.25
27.76,60.192,-10.25
27.794,60.173,-10.25
27.871,60.134,-10.25
27.875,60.133,-10.25
27.93,60.117,-10.25
27.964,60.108,-10.25
28.057,60.094,-10.25
28.061,60.093,-10.25
28.138,60.093,-10.25
28.142,60.094,-10.25
28.235,60.108,-10.25
28.269,60.116,-10.25
28.325,60.133,-10.25
28.329,60.134,-10.25
28.405,60.173,-10.25
28.439,60.191,-10.25
28.493,60.226,-10.25
28.497,60.229,-10.25
28.573,60.305,-10.25
28.575,60.307,-10.25
28.626,60.366,-10.25
28.629,60.37,-10.25
28.676,60.464,-10.25
28.682,60.475,-10.25
28.712,60.54,-10.25
28.712,60.543,-10.25
28.728,60.645,-10.25
28.733,60.679,-10.25
28.738,60.713,-10.25
28.741,60.747,-10.25
28.741,88.778,-10.25
28.739,88.812,-10.25
28.729,88.88,-10.25
28.712,88.987,-10.25
28.712,88.99,-10.25
28.684,89.05,-10.25
28.676,89.067,-10.25
28.629,89.16,-10.25
28.626,89.164,-10.25
28.575,89.223,-10.25
28.541,89.257,-10.25
28.498,89.3,-10.25
28.494,89.303,-10.25
28.439,89.339,-10.25
28.41,89.355,-10.25
28.329,89.397,-10.25
28.269,89.414,-10.25
28.235,89.422,-10.25
28.142,89.437,-10.25
28.138,89.437,-10.25
28.061,89.437,-10.25
28.057,89.437,-10.25
27.964,89.422,-10.25
27.93,89.414,-10.25
27.875,89.398,-10.25
27.87,89.396,-10.25
27.79,89.355,-10.25
27.76,89.338,-10.25
27.705,89.303,-10.25
27.701,89.299,-10.25
27.655,89.253,-10.25
27.624,89.222,-10.25
27.573,89.163,-10.25
27.571,89.16,-10.25
27.524,89.068,-10.25
27.523,89.065,-10.25
27.516,89.05,-10.25
27.489,88.991,-10.25
27.488,88.986,-10.25
27.471,88.88,-10.25
27.461,88.812,-10.25
27.459,88.778,-10.25
27.459,82.694,-10.25
27.459,80.588,-10.25
27.462,80.58,-10.25
27.47,80.578,-10.25
27.629,80.599,-10.25
27.621,80.61,-10.251
27.608,80.607,-10.251
27.605,80.593,-10.252
27.616,80.585,-10.252
27.628,80.592,-10.253
27.627,80.606,-10.253
27.614,80.61,-10.254
27.605,80.6,-10.254
27.61,80.588,-10.255
27.623,80.587,-10.255
27.629,80.599,-10.256
27.621,80.61,-10.256
27.608,80.606,-10.257
27.605,80.593,-10.257
27.617,80.585,-10.258
27.628,80.592,-10.258
27.626,80.606,-10.259
27.613,80.61,-10.259
27.605,80.6,-10.26
27.61,80.587,-10.26
27.61,27.624,-10.261,-10.26
27.629,80.6,-10.261
27.62,80.61,-10.262
27.607,80.606,-10.262
27.606,80.592,-10.263
27.617,80.585,-10.263
27.628,80.593,-10.264
27.626,80.606,-10.264
27.613,80.61,-10.265
27.604,80.599,-10.265
27.611,80.587,-10.266
27.624,80.588,-10.266
27.629,80.6,-10.267
27.62,80.61,-10.267
27.607,80.605,-10.268
27.606,80.592,-10.268
27.618,80.585,-10.269
27.629,80.593,-10.269
27.626,80.607,-10.27
27.612,80.609,-10.27
27.604,80.599,-10.271
27.611,80.587,-10.271
27.625,80.588,-10.272
27.629,80.601,-10.272
27.619,80.61,-10.273
27.607,80.605,-10.273
27.606,80.591,-10.274
27.618,80.585,-10.274
27.629,80.594,-10.275
27.625,80.607,-10.275
27.612,80.609,-10.276
27.604,80.598,-10.276
27.611,80.587,-10.277
27.625,80.588,-10.277
27.629,80.601,-10.278
27.619,80.61,-10.278
27.606,80.605,-10.279
27.606,80.591,-10.279
27.619,80.585,-10.28
27.629,80.594,-10.28
27.625,80.607,-10.281
27.612,80.609,-10.281
27.604,80.598,-10.282
27.612,80.586,-10.282
27.625,80.588,-10.283
27.629,80.602,-10.283
27.618,80.61,-10.284
27.606,80.604,-10.284
27.607,80.591,-10.285
27.619,80.585,-10.285
27.629,80.595,-10.286
27.625,80.608,-10.286
27.611,80.609,-10.287
27.604,80.597,-10.287
27.612,80.586,-10.288
27.626,80.589,-10.288
27.629,80.602,-10.289
27.618,80.61,-10.289
27.606,80.604,-10.29
27.607,80.59,-10.29
27.62,80.586,-10.291
27.629,80.595,-10.291
27.624,80.608,-10.292
27.611,80.609,-10.292
27.604,80.597,-10.293
27.613,80.586,-10.293
27.626,80.589,-10.294
27.628,80.602,-10.294
27.617,80.61,-10.295
27.606,80.603,-10.295
27.607,80.59,-10.296
27.62,80.586,-10.296
27.629,80.596,-10.297
27.624,80.608,-10.297
27.624,27.61,-10.298,-10.297
27.604,80.596,-10.298
27.613,80.586,-10.299
27.626,80.59,-10.299
27.628,80.603,-10.3
27.617,80.61,-10.3
27.602,80.61,-10.3
27.586,80.604,-10.3
27.579,80.588,-10.3
27.579,60.747,-10.3
27.582,60.713,-10.3
27.59,60.655,-10.3
27.592,60.645,-10.3
27.598,60.611,-10.3
27.605,60.577,-10.3
27.618,60.543,-10.3
27.633,60.509,-10.3
27.649,60.475,-10.3
27.672,60.441,-10.3
27.692,60.413,-10.3
27.727,60.373,-10.3
27.76,60.34,-10.3
27.794,60.317,-10.3
27.812,60.305,-10.3
27.864,60.271,-10.3
27.896,60.254,-10.3
27.964,60.234,-10.3
27.998,60.225,-10.3
28.032,60.218,-10.3
28.066,60.215,-10.3
28.133,60.215,-10.3
28.167,60.218,-10.3
28.201,60.225,-10.3
28.235,60.233,-10.3
28.303,60.253,-10.3
28.336,60.271,-10.3
28.388,60.305,-10.3
28.405,60.316,-10.3
28.44,60.339,-10.3
28.473,60.373,-10.3
28.507,60.412,-10.3
28.528,60.441,-10.3
28.551,60.475,-10.3
28.567,60.509,-10.3
28.582,60.543,-10.3
28.595,60.577,-10.3
28.602,60.611,-10.3
28.608,60.645,-10.3
28.618,60.713,-10.3
28.621,60.747,-10.3
28.621,88.778,-10.3
28.619,88.812,-10.3
28.609,88.882,-10.3
28.603,88.914,-10.3
28.596,88.948,-10.3
28.585,88.982,-10.3
28.554,89.05,-10.3
28.541,89.071,-10.3
28.532,89.084,-10.3
28.507,89.118,-10.3
28.473,89.157,-10.3
28.448,89.186,-10.3
28.397,89.219,-10.3
28.337,89.258,-10.3
28.303,89.277,-10.3
28.235,89.297,-10.3
28.201,89.306,-10.3
28.167,89.313,-10.3
28.133,89.316,-10.3
28.066,89.316,-10.3
28.032,89.312,-10.3
27.998,89.306,-10.3
27.964,89.297,-10.3
27.896,89.277,-10.3
27.862,89.257,-10.3
27.803,89.219,-10.3
27.752,89.186,-10.3
27.726,89.156,-10.3
27.692,89.117,-10.3
27.668,89.084,-10.3
27.658,89.069,-10.3
27.646,89.05,-10.3
27.615,88.982,-10.3
27.604,88.948,-10.3
27.597,88.914,-10.3
27.591,88.88,-10.3
27.581,88.812,-10.3
27.579,88.778,-10.3
27.579,80.588,-10.3
27.581,80.565,-10.3
27.587,80.543,-10.3
27.596,80.52,-10.3
27.606,80.497,-10.3
27.628,80.452,-10.3
27.638,80.429,-10.3
27.647,80.407,-10.3
27.653,80.384,-10.3
27.655,80.362,-10.3
27.655,80.339,-10.3
27.655,60.747,-10.317
27.658,60.713,-10.317
27.658,60.707,-10.317
27.664,60.679,-10.317
27.684,60.577,-10.317
27.692,60.555,-10.317
27.699,60.543,-10.317
27.767,60.441,-10.317
27.794,60.409,-10.317
27.899,60.339,-10.317
27.93,60.321,-10.317
27.964,60.312,-10.317
28.066,60.291,-10.317
28.1,60.287,-10.317
28.133,60.291,-10.317
28.235,60.311,-10.317
28.269,60.32,-10.317
28.301,60.339,-10.317
28.405,60.409,-10.318
28.433,60.441,-10.318
28.501,60.543,-10.318
28.507,60.553,-10.318
28.516,60.577,-10.318
28.541,60.702,-10.318
28.542,60.713,-10.318
28.545,60.747,-10.318
28.545,63.3,-10.32
28.545,88.778,-10.32
28.543,88.812,-10.32
28.541,88.829,-10.32
28.517,88.948,-10.32
28.507,88.977,-10.32
28.504,88.982,-10.32
28.482,89.016,-10.32
28.437,89.084,-10.32
28.41,89.118,-10.32
28.405,89.122,-10.32
28.303,89.19,-10.32
28.269,89.21,-10.32
28.235,89.219,-10.32
28.133,89.239,-10.32
28.1,89.243,-10.32
28.066,89.239,-10.32
27.964,89.219,-10.32
27.93,89.21,-10.32
27.896,89.189,-10.32
27.794,89.121,-10.32
27.79,89.118,-10.32
27.763,89.084,-10.32
27.718,89.016,-10.32
27.696,88.982,-10.32
27.692,88.975,-10.32
27.683,88.948,-10.32
27.663,88.846,-10.32
27.658,88.823,-10.32
27.657,88.812,-10.32
27.655,88.778,-10.32
27.655,60.747,-10.32
27.658,60.713,-10.32
27.658,60.707,-10.32
27.664,60.679,-10.32
27.684,60.577,-10.32
27.692,60.555,-10.32
27.699,60.543,-10.32
27.767,60.441,-10.32
27.794,60.409,-10.32
27.899,60.339,-10.32
27.93,60.321,-10.32
27.964,60.312,-10.32
28.066,60.291,-10.32
28.1,60.287,-10.32
28.133,60.291,-10.32
28.235,60.311,-10.32
28.269,60.32,-10.32
28.301,60.339,-10.32
28.405,60.409,-10.32
28.433,60.441,-10.32
28.501,60.543,-10.32
28.507,60.553,-10.32
28.516,60.577,-10.32
28.541,60.702,-10.32
28.542,60.713,-10.32
28.545,60.747,-10.32
28.545,63.3,-10.32
28.542,63.307,-10.32
28.535,63.31,-10.32
28.305,63.301,-10.32
28.305,28.297,-10.317,-10.32
28.305,28.295,-10.31,-10.317
28.305,28.305,28.295,5,-10.31
31.697,63.31,28.295
31.697,63.31,-8.991
31.697,63.31,-9.938
31.697,63.31,-10.04
31.697,31.694,-10.047,-10.04
31.697,31.687,-10.05,-10.047
31.697,31.596,31.687,-10.05,-10.05
31.589,63.307,31.687
31.586,63.3,31.687
31.586,57.624,31.687,31.687
31.585,57.59,31.687
31.554,57.319,31.687
31.554,57.315,31.687,31.687
31.552,57.311,31.687
31.46,57.048,31.687
31.459,57.044,31.687
31.457,57.04,31.687
31.455,57.037,31.687
31.308,56.803,31.687
31.306,56.8,31.687
31.303,56.796,31.687
31.107,56.599,31.687
31.103,56.596,31.687
31.1,56.593,31.687
30.865,56.446,31.687
30.857,56.441,31.687
30.848,56.438,31.687
30.594,56.349,31.687
30.585,56.346,31.687
30.577,56.345,31.687
30.305,56.315,31.687
30.271,56.314,31.687
27.964,56.314,31.687,31.687
27.93,56.314,31.687,31.687
27.73,56.292,31.687
27.726,56.291,31.687
27.54,56.225,31.687
27.535,56.224,31.687
27.531,56.221,31.687
27.366,56.117,31.687
27.361,56.115,31.687
27.217,55.97,31.687
27.214,55.966,31.687
27.11,55.8,31.687
27.108,55.796,31.687
27.106,55.792,31.687
27.041,55.605,31.687
27.04,55.601,31.687
27.017,55.402,31.687
27.018,55.397,31.687
27.038,55.215,31.687
27.04,55.198,31.687
27.041,55.194,31.687
27.107,55.006,31.687
27.108,55.004,31.687
27.109,55.001,31.687
27.215,54.833,31.687
27.217,54.83,31.687
27.36,54.687,31.687
27.364,54.684,31.687
27.53,54.579,31.687
27.534,54.577,31.687
27.537,54.575,31.687
27.726,54.509,31.687
27.73,54.508,31.687
27.93,54.486,31.687
27.964,54.486,31.687,31.687
30.271,54.486,31.687,31.687
30.305,54.486,31.687,31.687
30.713,54.515,31.687
30.747,54.518,31.687
31.154,54.607,31.687
31.188,54.616,31.687
31.561,54.755,31.687
31.595,54.768,31.687
31.606,54.774,31.687
31.968,54.972,31.687
31.979,54.977,31.687
32.002,54.994,31.687
32.308,55.222,31.687
32.342,55.249,31.687
32.376,55.283,31.687
32.648,55.554,31.687
32.674,55.588,31.687
32.903,55.894,31.687
32.919,55.914,31.687
32.926,55.928,31.687
33.13,56.301,31.687
33.144,56.335,31.687
33.283,56.708,31.687
33.292,56.74,31.687
33.381,57.149,31.687
33.384,57.183,31.687
33.414,57.59,31.687
33.414,57.624,31.687,31.687
33.414,86.572,31.687,31.687
33.415,86.606,31.687
33.445,86.878,31.687
33.447,86.886,31.687
33.449,86.895,31.687
33.538,87.149,31.687
33.542,87.158,31.687
33.547,87.166,31.687
33.691,87.396,31.687
33.695,87.401,31.687
33.699,87.406,31.687
33.893,87.6,31.687
33.898,87.605,31.687
33.903,87.608,31.687
34.106,87.736,31.687
34.14,87.757,31.687
34.144,87.759,31.687
34.147,87.76,31.687
34.378,87.841,31.687
34.412,87.853,31.687
34.416,87.854,31.687
34.42,87.854,31.687,31.687
34.683,87.884,31.687
34.717,87.886,31.687
87.489,87.886,31.687,31.687
87.523,87.883,31.687
87.777,87.855,31.687
87.786,87.854,31.687
87.794,87.851,31.687
88.053,87.76,31.687
88.056,87.759,31.687
88.059,87.758,31.687
88.066,87.754,31.687
88.299,87.607,31.687
88.303,87.604,31.687
88.317,87.59,31.687
88.502,87.405,31.687
88.505,87.402,31.687
88.507,87.399,31.687
88.653,87.166,31.687
88.658,87.158,31.687
88.662,87.149,31.687
88.751,86.895,31.687
88.753,86.886,31.687
88.755,86.878,31.687
88.785,86.606,31.687
88.786,86.572,31.687
88.786,57.624,31.687,31.687
88.786,57.59,31.687,31.687
88.816,57.183,31.687
88.819,57.149,31.687
88.908,56.742,31.687
88.914,56.717,31.687
89.056,56.335,31.687
89.07,56.301,31.687
89.274,55.928,31.687
89.287,55.906,31.687
89.526,55.588,31.687
89.552,55.554,31.687
89.83,55.276,31.687
89.858,55.249,31.687
89.864,55.244,31.687
89.902,55.215,31.687
90.204,54.989,31.687
90.221,54.977,31.687
90.238,54.968,31.687
90.594,54.774,31.687
90.611,54.765,31.687
90.645,54.753,31.687
91.018,54.613,31.687
91.052,54.605,31.687
91.425,54.524,31.687
91.459,54.517,31.687
91.493,54.515,31.687
91.9,54.486,31.687
91.934,54.486,31.687,31.687
92.036,54.486,31.687,31.687
92.07,54.486,31.687,31.687
92.27,54.508,31.687
92.274,54.509,31.687
92.463,54.575,31.687
92.466,54.577,31.687
92.47,54.579,31.687
92.636,54.684,31.687
92.64,54.687,31.687
92.783,54.83,31.687
92.785,54.833,31.687
92.891,55.001,31.687
92.892,55.004,31.687
92.893,55.006,31.687
92.959,55.194,31.687
92.96,55.198,31.687
92.962,55.215,31.687
92.982,55.397,31.687
92.983,55.402,31.687
92.96,55.601,31.687
92.959,55.605,31.687
92.894,55.792,31.687
92.892,55.796,31.687
92.89,55.8,31.687
92.786,55.966,31.687
92.783,55.97,31.687
92.639,56.115,31.687
92.634,56.117,31.687
92.469,56.221,31.687
92.465,56.224,31.687
92.46,56.225,31.687
92.274,56.291,31.687
92.27,56.292,31.687
92.07,56.314,31.687
92.036,56.314,31.687,31.687
91.9,56.314,31.687,31.687
91.867,56.318,31.687
91.62,56.346,31.687
91.616,56.346,31.687,31.687
91.612,56.347,31.687
91.595,56.353,31.687
91.348,56.439,31.687
91.344,56.441,31.687
91.34,56.443,31.687
91.103,56.592,31.687
91.099,56.594,31.687
91.095,56.598,31.687
90.9,56.793,31.687
90.896,56.797,31.687
90.893,56.802,31.687
90.747,57.034,31.687
90.742,57.041,31.687
90.741,57.044,31.687
90.74,57.048,31.687
90.648,57.311,31.687
90.646,57.315,31.687
90.646,57.319,31.687,31.687
90.615,57.59,31.687
90.614,57.624,31.687
90.614,86.572,31.687,31.687
90.614,86.606,31.687,31.687
90.585,87.014,31.687
90.582,87.048,31.687
90.493,87.455,31.687
90.484,87.489,31.687
90.339,87.876,31.687
90.332,87.896,31.687
90.184,88.167,31.687
90.128,88.269,31.687
90.105,88.303,31.687
89.864,88.625,31.687
89.851,88.643,31.687
89.545,88.948,31.687
89.525,88.965,31.687
89.219,89.193,31.687
89.186,89.219,31.687
89.184,89.219,31.687,31.687
89.152,89.238,31.687
88.812,89.423,31.687
88.778,89.439,31.687
88.405,89.578,31.687
88.371,89.59,31.687
88.356,89.593,31.687
87.964,89.678,31.687
87.93,89.684,31.687
87.523,89.713,31.687
87.489,89.714,31.687
34.717,89.714,31.687,31.687
34.683,89.713,31.687
34.276,89.684,31.687
34.242,89.679,31.687
33.835,89.591,31.687
33.801,89.58,31.687
33.428,89.441,31.687
33.394,89.426,31.687
33.054,89.241,31.687
33.02,89.222,31.687
33.016,89.219,31.687
32.986,89.198,31.687
32.681,88.969,31.687
32.655,88.948,31.687
32.349,88.643,31.687
32.342,88.633,31.687
32.095,88.303,31.687
32.072,88.269,31.687
31.887,87.93,31.687
31.868,87.896,31.687
31.867,87.892,31.687
31.855,87.862,31.687
31.716,87.489,31.687
31.707,87.455,31.687
31.618,87.048,31.687
31.615,87.014,31.687
31.586,86.606,31.687
31.586,86.572,31.687,31.687
31.586,63.3,31.687,31.687
31.593,63.25,31.687
31.594,63.2,31.687
31.594,63.151,-10.051
31.595,63.101,-10.051
31.596,63.051,-10.052
31.597,63.001,-10.053
31.599,62.951,-10.054
31.6,62.901,-10.055
31.602,62.851,-10.056
31.604,62.801,-10.057
31.606,62.751,-10.058
31.608,62.701,-10.06
31.61,62.651,-10.061
31.613,62.602,-10.063
31.615,62.552,-10.065
31.617,62.502,-10.066
31.62,62.452,-10.068
31.625,62.352,-10.071
31.641,62.052,-10.082
31.643,62.003,-10.084
31.646,61.953,-10.085
31.648,61.903,-10.087
31.651,61.853,-10.088
31.653,61.803,-10.09
31.655,61.753,-10.091
31.657,61.703,-10.093
31.659,61.653,-10.094
31.661,61.603,-10.095
31.662,61.553,-10.096
31.664,61.503,-10.097
31.665,61.454,-10.098
31.666,61.404,-10.099
31.667,61.354,-10.099
31.667,61.304,-10.1
31.668,61.254,-10.1
31.668,61.216,-10.1
31.668,61.204,-10.1
31.66,61.194,-10.1
31.66,57.624,-10.1
31.66,57.59,-10.1
31.627,57.302,-10.1
31.626,57.298,-10.1
31.625,57.293,-10.1
31.527,57.013,-10.1
31.525,57.009,-10.1
31.523,57.005,-10.1
31.369,56.761,-10.1
31.365,56.753,-10.1
31.361,56.749,-10.1
31.151,56.538,-10.1
31.147,56.535,-10.1
31.143,56.533,-10.1
30.899,56.38,-10.1
30.891,56.375,-10.1
30.882,56.371,-10.1
30.611,56.276,-10.1
30.602,56.274,-10.1
30.594,56.272,-10.1
30.305,56.24,-10.1
30.271,56.24,-10.1
27.964,56.24,-10.1
27.93,56.239,-10.1
27.862,56.232,-10.1
27.828,56.227,-10.1
27.709,56.208,-10.1
27.705,56.207,-10.1
27.621,56.178,-10.1
27.617,56.176,-10.1
27.523,56.128,-10.1
27.489,56.109,-10.1
27.425,56.069,-10.1
27.421,56.065,-10.1
27.266,55.911,-10.1
27.263,55.906,-10.1
27.217,55.834,-10.1
27.212,55.826,-10.1
27.155,55.714,-10.1
27.154,55.711,-10.1
27.124,55.626,-10.1
27.123,55.622,-10.1
27.107,55.52,-10.1
27.102,55.486,-10.1
27.092,55.402,-10.1
27.092,55.397,-10.1
27.101,55.317,-10.1
27.106,55.283,-10.1
27.115,55.226,-10.1
27.123,55.177,-10.1
27.128,55.164,-10.1
27.153,55.091,-10.1
27.154,55.088,-10.1
27.211,54.977,-10.1
27.217,54.966,-10.1
27.263,54.893,-10.1
27.267,54.888,-10.1
27.421,54.735,-10.1
27.425,54.731,-10.1
27.489,54.691,-10.1
27.523,54.672,-10.1
27.616,54.625,-10.1
27.62,54.623,-10.1
27.705,54.593,-10.1
27.709,54.592,-10.1
27.828,54.573,-10.1
27.847,54.57,-10.1
27.93,54.561,-10.1
27.964,54.56,-10.1
30.271,54.56,-10.1
30.305,54.561,-10.1
30.475,54.573,-10.1
30.509,54.576,-10.1
30.747,54.594,-10.1
30.781,54.6,-10.1
30.953,54.638,-10.1
30.984,54.645,-10.1
31.188,54.694,-10.1
31.222,54.705,-10.1
31.391,54.769,-10.1
31.404,54.774,-10.1
31.595,54.853,-10.1
31.629,54.868,-10.1
31.799,54.96,-10.1
31.827,54.977,-10.1
32.002,55.085,-10.1
32.036,55.108,-10.1
32.179,55.215,-10.1
32.206,55.237,-10.1
32.342,55.353,-10.1
32.376,55.382,-10.1
32.514,55.52,-10.1
32.543,55.554,-10.1
32.681,55.715,-10.1
32.688,55.724,-10.1
32.789,55.86,-10.1
32.813,55.894,-10.1
32.919,56.066,-10.1
32.938,56.097,-10.1
33.03,56.267,-10.1
33.045,56.301,-10.1
33.13,56.505,-10.1
33.143,56.538,-10.1
33.193,56.674,-10.1
33.205,56.708,-10.1
33.258,56.93,-10.1
33.262,56.946,-10.1
33.299,57.115,-10.1
33.305,57.149,-10.1
33.324,57.387,-10.1
33.326,57.409,-10.1
33.339,57.59,-10.1
33.34,57.624,-10.1
33.34,86.572,-10.1
33.34,86.606,-10.1
33.373,86.895,-10.1
33.374,86.903,-10.1
33.377,86.912,-10.1
33.473,87.188,-10.1
33.475,87.192,-10.1
33.48,87.2,-10.1
33.631,87.44,-10.1
33.636,87.448,-10.1
33.643,87.455,-10.1
33.846,87.658,-10.1
33.852,87.664,-10.1
33.857,87.667,-10.1
34.106,87.824,-10.1
34.111,87.826,-10.1
34.116,87.828,-10.1
34.395,87.926,-10.1
34.399,87.927,-10.1
34.403,87.927,-10.1
34.683,87.959,-10.1
34.717,87.96,-10.1
87.489,87.96,-10.1
87.523,87.958,-10.1
87.794,87.928,-10.1
87.803,87.926,-10.1
87.811,87.924,-10.1
88.088,87.827,-10.1
88.092,87.825,-10.1
88.1,87.82,-10.1
88.345,87.666,-10.1
88.35,87.663,-10.1
88.354,87.658,-10.1
88.557,87.455,-10.1
88.563,87.449,-10.1
88.567,87.443,-10.1
88.72,87.199,-10.1
88.725,87.191,-10.1
88.728,87.183,-10.1
88.823,86.912,-10.1
88.826,86.903,-10.1
88.827,86.895,-10.1
88.86,86.606,-10.1
88.86,86.572,-10.1
88.86,57.624,-10.1
88.861,57.59,-10.1
88.873,57.421,-10.1
88.876,57.387,-10.1
88.895,57.149,-10.1
88.901,57.115,-10.1
88.938,56.946,-10.1
88.948,56.905,-10.1
88.995,56.708,-10.1
89.007,56.674,-10.1
89.057,56.538,-10.1
89.07,56.505,-10.1
89.155,56.301,-10.1
89.17,56.267,-10.1
89.262,56.097,-10.1
89.283,56.063,-10.1
89.389,55.89,-10.1
89.411,55.86,-10.1
89.512,55.724,-10.1
89.525,55.709,-10.1
89.661,55.55,-10.1
89.686,55.52,-10.1
89.822,55.385,-10.1
89.83,55.377,-10.1
90,55.232,-10.1
90.021,55.215,-10.1
90.17,55.103,-10.1
90.204,55.081,-10.1
90.373,54.977,-10.1
90.407,54.957,-10.1
90.556,54.876,-10.1
90.577,54.864,-10.1
90.796,54.774,-10.1
90.814,54.766,-10.1
90.984,54.703,-10.1
91.018,54.693,-10.1
91.222,54.644,-10.1
91.247,54.638,-10.1
91.425,54.599,-10.1
91.459,54.594,-10.1
91.663,54.578,-10.1
91.697,54.575,-10.1
91.9,54.561,-10.1
91.934,54.56,-10.1
92.036,54.56,-10.1
92.07,54.561,-10.1
92.153,54.57,-10.1
92.172,54.573,-10.1
92.291,54.592,-10.1
92.295,54.593,-10.1
92.38,54.623,-10.1
92.384,54.625,-10.1
92.477,54.672,-10.1
92.511,54.691,-10.1
92.575,54.731,-10.1
92.579,54.735,-10.1
92.733,54.888,-10.1
92.737,54.893,-10.1
92.783,54.966,-10.1
92.789,54.977,-10.1
92.846,55.088,-10.1
92.847,55.091,-10.1
92.875,55.173,-10.1
92.877,55.177,-10.1
92.894,55.283,-10.1
92.899,55.317,-10.1
92.908,55.397,-10.1
92.908,55.402,-10.1
92.898,55.486,-10.1
92.893,55.52,-10.1
92.877,55.622,-10.1
92.876,55.626,-10.1
92.846,55.711,-10.1
92.845,55.714,-10.1
92.788,55.826,-10.1
92.783,55.834,-10.1
92.737,55.906,-10.1
92.734,55.911,-10.1
92.579,56.065,-10.1
92.575,56.069,-10.1
92.511,56.109,-10.1
92.477,56.128,-10.1
92.383,56.176,-10.1
92.379,56.178,-10.1
92.295,56.207,-10.1
92.291,56.208,-10.1
92.172,56.227,-10.1
92.138,56.232,-10.1
92.07,56.239,-10.1
92.036,56.24,-10.1
91.9,56.24,-10.1
91.867,56.243,-10.1
91.604,56.273,-10.1
91.599,56.273,-10.1
91.595,56.274,-10.1
91.391,56.345,-10.1
91.315,56.372,-10.1
91.311,56.374,-10.1
91.307,56.376,-10.1
91.086,56.515,-10.1
91.052,56.536,-10.1
91.049,56.538,-10.1
90.846,56.742,-10.1
90.837,56.751,-10.1
90.834,56.755,-10.1
90.679,57.002,-10.1
90.675,57.008,-10.1
90.674,57.011,-10.1
90.673,57.014,-10.1
90.577,57.287,-10.1
90.574,57.295,-10.1
90.573,57.299,-10.1
90.573,57.303,-10.1
90.54,57.59,-10.1
90.54,57.624,-10.1
90.54,86.572,-10.1
90.539,86.606,-10.1
90.527,86.776,-10.1
90.524,86.81,-10.1
90.506,87.048,-10.1
90.499,87.081,-10.1
90.462,87.251,-10.1
90.454,87.285,-10.1
90.406,87.489,-10.1
90.394,87.523,-10.1
90.331,87.692,-10.1
90.238,87.918,-10.1
90.232,87.93,-10.1
90.139,88.1,-10.1
90.136,88.106,-10.1
90.015,88.303,-10.1
90,88.326,-10.1
89.89,88.473,-10.1
89.864,88.504,-10.1
89.729,88.663,-10.1
89.717,88.676,-10.1
89.581,88.812,-10.1
89.559,88.832,-10.1
89.384,88.982,-10.1
89.338,89.016,-10.1
89.219,89.105,-10.1
89.199,89.118,-10.1
89.016,89.23,-10.1
88.982,89.249,-10.1
88.846,89.323,-10.1
88.812,89.34,-10.1
88.609,89.424,-10.1
88.575,89.438,-10.1
88.405,89.501,-10.1
88.371,89.51,-10.1
88.167,89.559,-10.1
88.133,89.566,-10.1
87.964,89.603,-10.1
87.93,89.607,-10.1
87.726,89.623,-10.1
87.692,89.626,-10.1
87.523,89.638,-10.1
87.489,89.64,-10.1
34.717,89.64,-10.1
34.683,89.638,-10.1
34.514,89.626,-10.1
34.48,89.624,-10.1
34.276,89.608,-10.1
34.242,89.604,-10.1
34.072,89.568,-10.1
34.038,89.56,-10.1
33.801,89.503,-10.1
33.767,89.49,-10.1
33.631,89.44,-10.1
33.597,89.427,-10.1
33.394,89.342,-10.1
33.36,89.326,-10.1
33.224,89.252,-10.1
33.19,89.233,-10.1
32.986,89.108,-10.1
32.952,89.084,-10.1
32.817,88.982,-10.1
32.647,88.837,-10.1
32.619,88.812,-10.1
32.483,88.676,-10.1
32.477,88.67,-10.1
32.338,88.507,-10.1
32.31,88.473,-10.1
32.206,88.334,-10.1
32.185,88.303,-10.1
32.07,88.116,-10.1
32.061,88.1,-10.1
31.968,87.93,-10.1
31.953,87.896,-10.1
31.869,87.692,-10.1
31.799,87.504,-10.1
31.794,87.489,-10.1
31.746,87.285,-10.1
31.738,87.251,-10.1
31.697,87.064,-10.1
31.694,87.048,-10.1
31.676,86.81,-10.1
31.673,86.776,-10.1
31.661,86.606,-10.1
31.66,86.572,-10.1
31.66,63.3,-10.1
31.66,61.194,-10.1
31.668,61.144,-10.1
31.668,61.094,-10.1
31.669,61.044,-10.101
31.67,60.994,-10.101
31.671,60.944,-10.102
31.672,60.894,-10.103
31.674,60.845,-10.104
31.675,60.795,-10.105
31.677,60.745,-10.106
31.679,60.695,-10.107
31.681,60.645,-10.108
31.683,60.595,-10.11
31.685,60.545,-10.111
31.687,60.495,-10.113
31.69,60.445,-10.115
31.692,60.395,-10.116
31.695,60.345,-10.118
31.7,60.246,-10.121
31.716,59.946,-10.132
31.718,59.896,-10.134
31.721,59.846,-10.135
31.723,59.796,-10.137
31.726,59.747,-10.138
31.728,59.697,-10.14
31.73,59.647,-10.141
31.732,59.597,-10.143
31.733,59.547,-10.144
31.734,59.497,-10.145
31.736,59.447,-10.146
31.736,59.397,-10.147
31.737,59.347,-10.148
31.738,59.297,-10.149
31.739,59.247,-10.149
31.739,59.197,-10.15
31.739,59.148,-10.15
31.739,59.11,-10.15
31.739,59.098,-10.15
31.734,59.088,-10.15
31.734,57.624,-10.15
31.733,57.59,-10.15
31.699,57.285,-10.15
31.698,57.281,-10.15
31.697,57.276,-10.15
31.595,56.985,-10.15
31.593,56.98,-10.15
31.591,56.975,-10.15
31.588,56.971,-10.15
31.425,56.712,-10.15
31.423,56.708,-10.15
31.42,56.704,-10.15
31.416,56.7,-10.15
31.204,56.488,-10.15
31.196,56.48,-10.15
31.192,56.477,-10.15
31.128,56.437,-10.15
30.933,56.314,-10.15
30.925,56.309,-10.15
30.921,56.307,-10.15
30.916,56.305,-10.15
30.628,56.205,-10.15
30.619,56.202,-10.15
30.611,56.201,-10.15
30.305,56.166,-10.15
30.271,56.166,-10.15
27.935,56.166,-10.15
27.93,56.165,-10.15
27.695,56.128,-10.15
27.692,56.127,-10.15
27.485,56.021,-10.15
27.481,56.019,-10.15
27.315,55.853,-10.15
27.312,55.849,-10.15
27.205,55.639,-10.15
27.203,55.635,-10.15
27.166,55.402,-10.15
27.166,55.397,-10.15
27.203,55.164,-10.15
27.205,55.16,-10.15
27.311,54.952,-10.15
27.315,54.948,-10.15
27.48,54.782,-10.15
27.484,54.779,-10.15
27.692,54.673,-10.15
27.696,54.672,-10.15
27.934,54.634,-10.15
30.271,54.634,-10.15
30.305,54.635,-10.15
30.763,54.671,-10.15
30.766,54.671,-10.15
31.214,54.779,-10.15
31.218,54.78,-10.15
31.646,54.957,-10.15
31.65,54.96,-10.15
32.042,55.2,-10.15
32.045,55.202,-10.15
32.394,55.5,-10.15
32.398,55.504,-10.15
32.699,55.857,-10.15
32.701,55.86,-10.15
32.94,56.25,-10.15
32.943,56.254,-10.15
33.12,56.682,-10.15
33.121,56.686,-10.15
33.228,57.132,-10.15
33.229,57.137,-10.15
33.265,57.59,-10.15
33.266,57.624,-10.15
33.266,86.572,-10.15
33.266,86.606,-10.15
33.301,86.916,-10.15
33.302,86.92,-10.15
33.305,86.929,-10.15
33.406,87.217,-10.15
33.407,87.221,-10.15
33.41,87.226,-10.15
33.577,87.492,-10.15
33.579,87.495,-10.15
33.585,87.501,-10.15
33.801,87.717,-10.15
33.804,87.72,-10.15
33.807,87.722,-10.15
33.813,87.726,-10.15
34.072,87.889,-10.15
34.076,87.891,-10.15
34.08,87.893,-10.15
34.088,87.896,-10.15
34.378,87.997,-10.15
34.379,87.998,-10.15
34.383,87.999,-10.15
34.387,87.999,-10.15
34.683,88.033,-10.15
34.717,88.034,-10.15
87.489,88.034,-10.15
87.523,88.032,-10.15
87.814,87.999,-10.15
87.818,87.999,-10.15
87.821,87.998,-10.15
87.828,87.995,-10.15
88.118,87.894,-10.15
88.12,87.893,-10.15
88.123,87.892,-10.15
88.133,87.885,-10.15
88.391,87.723,-10.15
88.396,87.72,-10.15
88.405,87.711,-10.15
88.618,87.498,-10.15
88.622,87.493,-10.15
88.625,87.489,-10.15
88.787,87.231,-10.15
88.791,87.224,-10.15
88.793,87.221,-10.15
88.794,87.217,-10.15
88.895,86.929,-10.15
88.898,86.92,-10.15
88.899,86.916,-10.15
88.934,86.606,-10.15
88.934,86.572,-10.15
88.934,57.624,-10.15
88.935,57.59,-10.15
88.971,57.137,-10.15
88.972,57.132,-10.15
89.079,56.687,-10.15
89.08,56.683,-10.15
89.257,56.256,-10.15
89.258,56.252,-10.15
89.499,55.86,-10.15
89.502,55.856,-10.15
89.802,55.504,-10.15
89.806,55.501,-10.15
90.155,55.202,-10.15
90.159,55.2,-10.15
90.551,54.959,-10.15
90.556,54.957,-10.15
90.98,54.781,-10.15
90.984,54.779,-10.15
91.435,54.671,-10.15
91.439,54.671,-10.15
91.9,54.634,-10.15
91.934,54.634,-10.15
92.066,54.634,-10.15
92.304,54.672,-10.15
92.308,54.673,-10.15
92.516,54.779,-10.15
92.52,54.782,-10.15
92.685,54.948,-10.15
92.689,54.952,-10.15
92.795,55.16,-10.15
92.797,55.164,-10.15
92.834,55.397,-10.15
92.834,55.402,-10.15
92.797,55.635,-10.15
92.795,55.639,-10.15
92.688,55.849,-10.15
92.685,55.853,-10.15
92.519,56.019,-10.15
92.515,56.021,-10.15
92.308,56.127,-10.15
92.305,56.128,-10.15
92.07,56.165,-10.15
92.065,56.166,-10.15
91.9,56.166,-10.15
91.867,56.169,-10.15
91.587,56.201,-10.15
91.582,56.201,-10.15
91.578,56.202,-10.15
91.491,56.233,-10.15
91.281,56.306,-10.15
91.277,56.308,-10.15
91.273,56.311,-10.15
91.01,56.476,-10.15
91.005,56.479,-10.15
91.001,56.483,-10.15
90.81,56.674,-10.15
90.781,56.704,-10.15
90.777,56.708,-10.15
90.611,56.972,-10.15
90.609,56.976,-10.15
90.607,56.98,-10.15
90.595,57.014,-10.15
90.505,57.272,-10.15
90.502,57.279,-10.15
90.501,57.282,-10.15
90.501,57.285,-10.15
90.467,57.59,-10.15
90.466,57.624,-10.15
90.466,86.572,-10.15
90.465,86.606,-10.15
90.429,87.06,-10.15
90.429,87.064,-10.15
90.321,87.514,-10.15
90.32,87.518,-10.15
90.144,87.944,-10.15
90.142,87.947,-10.15
89.901,88.341,-10.15
89.898,88.344,-10.15
89.599,88.695,-10.15
89.596,88.698,-10.15
89.245,88.998,-10.15
89.241,89.001,-10.15
88.85,89.24,-10.15
88.846,89.242,-10.15
88.418,89.42,-10.15
88.414,89.421,-10.15
87.968,89.528,-10.15
87.964,89.529,-10.15
87.523,89.564,-10.15
87.489,89.566,-10.15
34.717,89.566,-10.15
34.683,89.564,-10.15
34.236,89.529,-10.15
34.23,89.528,-10.15
33.784,89.421,-10.15
33.781,89.419,-10.15
33.355,89.243,-10.15
33.351,89.241,-10.15
32.96,89.001,-10.15
32.956,88.999,-10.15
32.606,88.699,-10.15
32.601,88.695,-10.15
32.302,88.344,-10.15
32.299,88.341,-10.15
32.058,87.947,-10.15
32.056,87.943,-10.15
31.88,87.518,-10.15
31.879,87.514,-10.15
31.771,87.064,-10.15
31.771,87.06,-10.15
31.735,86.606,-10.15
31.734,86.572,-10.15
31.734,61.194,-10.15
31.734,59.088,-10.15
31.739,59.038,-10.15
31.74,58.988,-10.15
31.74,58.938,-10.151
31.741,58.888,-10.151
31.741,58.838,-10.152
31.742,58.788,-10.153
31.743,58.738,-10.154
31.744,58.688,-10.155
31.745,58.638,-10.156
31.746,58.589,-10.157
31.748,58.539,-10.158
31.749,58.489,-10.16
31.751,58.439,-10.161
31.752,58.389,-10.163
31.754,58.339,-10.165
31.756,58.289,-10.166
31.757,58.239,-10.168
31.762,58.089,-10.173
31.771,57.84,-10.182
31.773,57.79,-10.184
31.775,57.74,-10.185
31.776,57.69,-10.187
31.778,57.64,-10.188
31.778,57.615,-10.189
31.778,57.591,-10.19
31.774,57.541,-10.191
31.77,57.491,-10.193
31.766,57.442,-10.194
31.761,57.392,-10.195
31.757,57.342,-10.196
31.752,57.293,-10.197
31.75,57.274,-10.197
31.749,57.268,-10.198
31.747,57.262,-10.198
31.741,57.244,-10.198
31.722,57.185,-10.199
31.718,57.173,-10.199
31.71,57.149,-10.199
31.694,57.102,-10.2
31.678,57.055,-10.2
31.666,57.019,-10.2
31.661,57.007,-10.2
31.654,56.999,-10.2
31.64,56.958,-10.2
31.638,56.954,-10.2
31.633,56.946,-10.2
31.483,56.708,-10.2
31.462,56.674,-10.2
31.459,56.671,-10.2
31.232,56.444,-10.2
31.228,56.44,-10.2
31.224,56.437,-10.2
30.95,56.265,-10.2
30.946,56.262,-10.2
30.942,56.26,-10.2
30.882,56.24,-10.2
30.636,56.153,-10.2
30.632,56.152,-10.2
30.628,56.151,-10.2
30.611,56.149,-10.2
30.305,56.115,-10.2
30.271,56.114,-10.2
27.938,56.114,-10.2
27.934,56.114,-10.2
27.714,56.079,-10.2
27.709,56.078,-10.2
27.513,55.978,-10.2
27.509,55.975,-10.2
27.356,55.822,-10.2
27.353,55.818,-10.2
27.253,55.622,-10.2
27.252,55.618,-10.2
27.218,55.402,-10.2
27.218,55.397,-10.2
27.251,55.187,-10.2
27.252,55.181,-10.2
27.254,55.177,-10.2
27.353,54.982,-10.2
27.357,54.977,-10.2
27.511,54.823,-10.2
27.515,54.821,-10.2
27.709,54.722,-10.2
27.714,54.721,-10.2
27.934,54.686,-10.2
27.947,54.686,-10.2
30.271,54.686,-10.2
30.305,54.686,-10.2
30.755,54.721,-10.2
30.759,54.722,-10.2
31.201,54.828,-10.2
31.256,54.851,-10.2
31.62,55.002,-10.2
31.625,55.004,-10.2
32.011,55.241,-10.2
32.016,55.245,-10.2
32.358,55.537,-10.2
32.362,55.541,-10.2
32.655,55.884,-10.2
32.659,55.889,-10.2
32.896,56.275,-10.2
32.898,56.28,-10.2
33.07,56.695,-10.2
33.072,56.7,-10.2
33.178,57.141,-10.2
33.179,57.145,-10.2
33.214,57.59,-10.2
33.214,57.624,-10.2
33.214,86.572,-10.2
33.215,86.606,-10.2
33.249,86.912,-10.2
33.251,86.929,-10.2
33.252,86.933,-10.2
33.254,86.937,-10.2
33.36,87.24,-10.2
33.361,87.243,-10.2
33.362,87.246,-10.2
33.365,87.251,-10.2
33.536,87.523,-10.2
33.539,87.526,-10.2
33.542,87.53,-10.2
33.767,87.755,-10.2
33.772,87.76,-10.2
33.776,87.763,-10.2
33.779,87.765,-10.2
34.049,87.935,-10.2
34.053,87.937,-10.2
34.057,87.939,-10.2
34.072,87.945,-10.2
34.361,88.046,-10.2
34.369,88.048,-10.2
34.378,88.049,-10.2
34.683,88.084,-10.2
34.717,88.086,-10.2
87.489,88.086,-10.2
87.523,88.083,-10.2
87.794,88.053,-10.2
87.828,88.049,-10.2
87.832,88.048,-10.2
87.837,88.046,-10.2
88.14,87.94,-10.2
88.143,87.939,-10.2
88.146,87.938,-10.2
88.159,87.93,-10.2
88.422,87.764,-10.2
88.425,87.762,-10.2
88.428,87.76,-10.2
88.439,87.749,-10.2
88.654,87.534,-10.2
88.66,87.528,-10.2
88.662,87.525,-10.2
88.664,87.523,-10.2
88.837,87.248,-10.2
88.839,87.244,-10.2
88.841,87.237,-10.2
88.943,86.946,-10.2
88.948,86.932,-10.2
88.949,86.929,-10.2
88.949,86.927,-10.2
88.985,86.606,-10.2
88.986,86.572,-10.2
88.986,57.624,-10.2
88.986,57.59,-10.2
89.021,57.145,-10.2
89.022,57.141,-10.2
89.128,56.7,-10.2
89.13,56.695,-10.2
89.302,56.28,-10.2
89.304,56.275,-10.2
89.542,55.887,-10.2
89.545,55.884,-10.2
89.837,55.542,-10.2
89.842,55.537,-10.2
90.185,55.244,-10.2
90.188,55.241,-10.2
90.577,55.003,-10.2
90.997,54.829,-10.2
91.001,54.828,-10.2
91.442,54.722,-10.2
91.447,54.721,-10.2
91.9,54.686,-10.2
91.934,54.686,-10.2
92.062,54.686,-10.2
92.066,54.686,-10.2
92.286,54.721,-10.2
92.291,54.722,-10.2
92.485,54.821,-10.2
92.489,54.823,-10.2
92.643,54.977,-10.2
92.647,54.982,-10.2
92.746,55.177,-10.2
92.748,55.181,-10.2
92.782,55.397,-10.2
92.782,55.402,-10.2
92.748,55.618,-10.2
92.747,55.622,-10.2
92.647,55.818,-10.2
92.644,55.822,-10.2
92.491,55.975,-10.2
92.487,55.978,-10.2
92.291,56.078,-10.2
92.286,56.079,-10.2
92.066,56.114,-10.2
92.053,56.114,-10.2
91.9,56.114,-10.2
91.867,56.118,-10.2
91.578,56.15,-10.2
91.57,56.152,-10.2
91.561,56.154,-10.2
91.29,56.249,-10.2
91.256,56.261,-10.2
91.246,56.267,-10.2
90.976,56.437,-10.2
90.973,56.439,-10.2
90.97,56.442,-10.2
90.742,56.67,-10.2
90.738,56.674,-10.2
90.717,56.708,-10.2
90.567,56.946,-10.2
90.562,56.954,-10.2
90.56,56.958,-10.2
90.458,57.251,-10.2
90.452,57.268,-10.2
90.451,57.272,-10.2
90.45,57.285,-10.2
90.415,57.59,-10.2
90.414,57.624,-10.2
90.414,86.572,-10.2
90.414,86.606,-10.2
90.379,87.055,-10.2
90.378,87.059,-10.2
90.272,87.498,-10.2
90.271,87.501,-10.2
90.098,87.92,-10.2
90.095,87.925,-10.2
89.859,88.312,-10.2
89.855,88.316,-10.2
89.564,88.657,-10.2
89.559,88.662,-10.2
89.215,88.956,-10.2
89.211,88.959,-10.2
88.823,89.197,-10.2
88.401,89.372,-10.2
88.396,89.373,-10.2
87.96,89.478,-10.2
87.955,89.478,-10.2
87.523,89.513,-10.2
87.489,89.514,-10.2
34.717,89.514,-10.2
34.683,89.513,-10.2
34.246,89.479,-10.2
34.242,89.478,-10.2
33.801,89.372,-10.2
33.797,89.371,-10.2
33.381,89.198,-10.2
33.377,89.197,-10.2
32.991,88.96,-10.2
32.986,88.957,-10.2
32.641,88.662,-10.2
32.637,88.658,-10.2
32.344,88.315,-10.2
32.342,88.312,-10.2
32.104,87.924,-10.2
32.102,87.921,-10.2
31.929,87.502,-10.2
31.928,87.499,-10.2
31.822,87.056,-10.2
31.821,87.048,-10.2
31.786,86.606,-10.2
31.786,86.572,-10.2
31.786,59.088,-10.2
31.786,57.624,-10.2
31.785,57.59,-10.2
31.749,57.277,-10.2
31.749,57.272,-10.2
31.748,57.268,-10.2
31.742,57.251,-10.2
31.654,56.999,-10.2
31.65,56.974,-10.2
31.646,56.962,-10.2
31.643,56.956,-10.2
31.641,56.951,-10.2
31.638,56.945,-10.2
31.629,56.931,-10.2
31.616,56.911,-10.2
31.593,56.873,-10.201
31.567,56.83,-10.201
31.542,56.787,-10.202
31.517,56.747,-10.203
31.492,56.704,-10.203
31.48,56.683,-10.204
31.469,56.667,-10.204
31.466,56.662,-10.204
31.452,56.648,-10.205
31.439,56.633,-10.205
31.405,56.597,-10.207
31.371,56.56,-10.208
31.337,56.523,-10.209
31.304,56.487,-10.211
31.27,56.45,-10.212
31.249,56.426,-10.213
31.245,56.423,-10.213
31.241,56.42,-10.214
31.202,56.389,-10.215
31.162,56.361,-10.217
31.122,56.333,-10.219
31.002,56.248,-10.224
30.981,56.236,-10.224
30.926,56.207,-10.227
30.915,56.201,-10.227
30.872,56.183,-10.229
30.779,56.145,-10.232
30.734,56.126,-10.234
30.711,56.117,-10.235
30.687,56.11,-10.236
30.64,56.095,-10.237
30.617,56.087,-10.238
30.611,56.086,-10.238
30.605,56.084,-10.238
30.593,56.082,-10.239
30.544,56.075,-10.24
30.494,56.067,-10.241
30.445,56.059,-10.243
30.396,56.053,-10.244
30.346,56.047,-10.245
30.297,56.041,-10.246
30.247,56.04,-10.247
30.197,56.039,-10.248
30.147,56.037,-10.249
30.097,56.037,-10.249
30.047,56.036,-10.25
29.997,56.036,-10.25
29.96,56.036,-10.25
29.947,56.036,-10.25
29.937,56.041,-10.25
27.964,56.041,-10.25
27.93,56.041,-10.25
27.852,56.029,-10.25
27.828,56.026,-10.25
27.743,56.012,-10.25
27.739,56.011,-10.25
27.692,55.99,-10.25
27.658,55.974,-10.25
27.571,55.929,-10.25
27.568,55.928,-10.25
27.523,55.888,-10.25
27.492,55.86,-10.25
27.432,55.8,-10.25
27.428,55.796,-10.25
27.387,55.732,-10.25
27.382,55.724,-10.25
27.335,55.631,-10.25
27.333,55.626,-10.25
27.312,55.554,-10.25
27.306,55.52,-10.25
27.294,55.444,-10.25
27.293,55.44,-10.25
27.293,55.359,-10.25
27.295,55.351,-10.25
27.305,55.283,-10.25
27.311,55.249,-10.25
27.333,55.173,-10.25
27.335,55.168,-10.25
27.381,55.079,-10.25
27.387,55.068,-10.25
27.426,55.007,-10.25
27.429,55.003,-10.25
27.489,54.943,-10.25
27.523,54.912,-10.25
27.568,54.873,-10.25
27.571,54.871,-10.25
27.658,54.826,-10.25
27.692,54.81,-10.25
27.739,54.789,-10.25
27.743,54.788,-10.25
27.832,54.774,-10.25
27.862,54.769,-10.25
27.93,54.759,-10.25
27.964,54.759,-10.25
30.271,54.759,-10.25
30.305,54.759,-10.25
30.742,54.794,-10.25
30.747,54.794,-10.25
31.175,54.897,-10.25
31.179,54.899,-10.25
31.587,55.067,-10.25
31.591,55.069,-10.25
31.968,55.301,-10.25
31.973,55.304,-10.25
32.308,55.59,-10.25
32.311,55.594,-10.25
32.596,55.928,-10.25
32.599,55.931,-10.25
32.831,56.309,-10.25
32.833,56.314,-10.25
33.002,56.721,-10.25
33.003,56.725,-10.25
33.106,57.154,-10.25
33.106,57.158,-10.25
33.14,57.59,-10.25
33.141,57.624,-10.25
33.141,86.572,-10.25
33.142,86.606,-10.25
33.153,86.742,-10.25
33.156,86.766,-10.25
33.172,86.903,-10.25
33.172,86.908,-10.25
33.173,86.912,-10.25
33.201,87.014,-10.25
33.21,87.048,-10.25
33.245,87.149,-10.25
33.258,87.185,-10.25
33.271,87.217,-10.25
33.319,87.319,-10.25
33.326,87.333,-10.25
33.402,87.455,-10.25
33.425,87.489,-10.25
33.472,87.557,-10.25
33.495,87.589,-10.25
33.497,87.59,-10.25
33.708,87.802,-10.25
33.713,87.806,-10.25
33.717,87.809,-10.25
33.801,87.868,-10.25
33.835,87.891,-10.25
33.95,87.964,-10.25
33.971,87.976,-10.25
34.089,88.032,-10.25
34.106,88.039,-10.25
34.242,88.087,-10.25
34.276,88.097,-10.25
34.378,88.124,-10.25
34.395,88.128,-10.25
34.412,88.13,-10.25
34.548,88.145,-10.25
34.581,88.149,-10.25
34.683,88.158,-10.25
34.717,88.159,-10.25
87.489,88.159,-10.25
87.523,88.157,-10.25
87.624,88.148,-10.25
87.658,88.145,-10.25
87.803,88.129,-10.25
87.807,88.128,-10.25
87.811,88.127,-10.25
87.93,88.095,-10.25
87.964,88.084,-10.25
88.066,88.049,-10.25
88.1,88.037,-10.25
88.111,88.032,-10.25
88.201,87.989,-10.25
88.235,87.973,-10.25
88.358,87.896,-10.25
88.371,87.888,-10.25
88.486,87.807,-10.25
88.49,87.804,-10.25
88.703,87.59,-10.25
88.707,87.586,-10.25
88.778,87.484,-10.25
88.798,87.455,-10.25
88.862,87.353,-10.25
88.88,87.322,-10.25
88.929,87.217,-10.25
88.943,87.183,-10.25
88.982,87.071,-10.25
88.99,87.048,-10.25
88.999,87.014,-10.25
89.027,86.912,-10.25
89.028,86.908,-10.25
89.028,86.903,-10.25
89.043,86.776,-10.25
89.047,86.742,-10.25
89.058,86.606,-10.25
89.059,86.572,-10.25
89.059,57.624,-10.25
89.06,57.59,-10.25
89.094,57.158,-10.25
89.094,57.154,-10.25
89.197,56.725,-10.25
89.198,56.721,-10.25
89.367,56.314,-10.25
89.369,56.309,-10.25
89.6,55.932,-10.25
89.604,55.928,-10.25
89.89,55.592,-10.25
89.894,55.588,-10.25
90.228,55.303,-10.25
90.231,55.301,-10.25
90.606,55.071,-10.25
90.611,55.068,-10.25
91.018,54.9,-10.25
91.022,54.898,-10.25
91.455,54.794,-10.25
91.459,54.794,-10.25
91.9,54.759,-10.25
91.934,54.759,-10.25
92.036,54.759,-10.25
92.07,54.759,-10.25
92.138,54.769,-10.25
92.168,54.774,-10.25
92.257,54.788,-10.25
92.261,54.789,-10.25
92.308,54.81,-10.25
92.342,54.826,-10.25
92.429,54.871,-10.25
92.432,54.873,-10.25
92.477,54.912,-10.25
92.511,54.943,-10.25
92.571,55.003,-10.25
92.574,55.007,-10.25
92.613,55.068,-10.25
92.619,55.079,-10.25
92.665,55.168,-10.25
92.667,55.173,-10.25
92.689,55.249,-10.25
92.695,55.283,-10.25
92.706,55.355,-10.25
92.707,55.359,-10.25
92.707,55.44,-10.25
92.706,55.444,-10.25
92.694,55.52,-10.25
92.688,55.554,-10.25
92.667,55.626,-10.25
92.665,55.631,-10.25
92.618,55.724,-10.25
92.613,55.732,-10.25
92.572,55.796,-10.25
92.568,55.8,-10.25
92.508,55.86,-10.25
92.477,55.888,-10.25
92.432,55.928,-10.25
92.429,55.929,-10.25
92.342,55.974,-10.25
92.308,55.99,-10.25
92.261,56.011,-10.25
92.257,56.012,-10.25
92.172,56.026,-10.25
92.148,56.029,-10.25
92.07,56.041,-10.25
92.036,56.041,-10.25
91.9,56.041,-10.25
91.867,56.044,-10.25
91.765,56.053,-10.25
91.731,56.056,-10.25
91.629,56.068,-10.25
91.595,56.072,-10.25
91.561,56.081,-10.25
91.459,56.108,-10.25
91.425,56.119,-10.25
91.324,56.155,-10.25
91.296,56.165,-10.25
91.188,56.216,-10.25
91.155,56.233,-10.25
91.047,56.301,-10.25
91.018,56.32,-10.25
90.916,56.391,-10.25
90.913,56.394,-10.25
90.91,56.396,-10.25
90.7,56.606,-10.25
90.693,56.613,-10.25
90.627,56.708,-10.25
90.611,56.731,-10.25
90.604,56.742,-10.25
90.54,56.844,-10.25
90.52,56.878,-10.25
90.473,56.98,-10.25
90.458,57.014,-10.25
90.411,57.149,-10.25
90.407,57.162,-10.25
90.373,57.289,-10.25
90.372,57.296,-10.25
90.354,57.455,-10.25
90.342,57.59,-10.25
90.341,57.624,-10.25
90.341,86.572,-10.25
90.341,86.606,-10.25
90.306,87.043,-10.25
90.305,87.047,-10.25
90.203,87.476,-10.25
90.201,87.48,-10.25
90.031,87.89,-10.25
89.799,88.269,-10.25
89.796,88.272,-10.25
89.509,88.609,-10.25
89.505,88.613,-10.25
89.173,88.896,-10.25
89.169,88.899,-10.25
88.791,89.131,-10.25
88.787,89.133,-10.25
88.38,89.301,-10.25
88.375,89.303,-10.25
87.947,89.406,-10.25
87.943,89.406,-10.25
87.523,89.439,-10.25
87.489,89.441,-10.25
34.717,89.441,-10.25
34.683,89.44,-10.25
34.259,89.406,-10.25
34.255,89.406,-10.25
33.822,89.302,-10.25
33.411,89.132,-10.25
33.406,89.129,-10.25
33.033,88.9,-10.25
33.029,88.897,-10.25
32.694,88.611,-10.25
32.691,88.609,-10.25
32.403,88.272,-10.25
32.401,88.269,-10.25
32.169,87.891,-10.25
32.167,87.887,-10.25
31.999,87.48,-10.25
31.997,87.476,-10.25
31.895,87.048,-10.25
31.894,87.043,-10.25
31.859,86.606,-10.25
31.859,86.572,-10.25
31.859,57.624,-10.25
31.858,57.59,-10.25
31.846,57.455,-10.25
31.829,57.302,-10.25
31.828,57.294,-10.25
31.826,57.285,-10.25
31.798,57.183,-10.25
31.789,57.149,-10.25
31.742,57.014,-10.25
31.731,56.987,-10.25
31.68,56.878,-10.25
31.663,56.848,-10.25
31.595,56.74,-10.25
31.573,56.708,-10.25
31.508,56.615,-10.25
31.504,56.611,-10.25
31.493,56.599,-10.25
31.29,56.396,-10.25
31.256,56.372,-10.25
31.188,56.324,-10.25
31.154,56.301,-10.25
31.045,56.233,-10.25
31.018,56.218,-10.25
30.904,56.165,-10.25
30.882,56.157,-10.25
30.781,56.121,-10.25
30.747,56.11,-10.25
30.713,56.1,-10.25
30.611,56.073,-10.25
30.607,56.072,-10.25
30.602,56.071,-10.25
30.475,56.057,-10.25
30.441,56.053,-10.25
30.305,56.042,-10.25
30.271,56.041,-10.25
29.937,56.041,-10.25
29.93,56.038,-10.25
29.927,56.03,-10.25
29.948,55.871,-10.25
29.959,55.879,-10.251
29.956,55.892,-10.251
29.943,55.895,-10.252
29.935,55.884,-10.252
29.941,55.872,-10.253
29.955,55.873,-10.253
29.959,55.886,-10.254
29.949,55.895,-10.254
29.937,55.89,-10.255
29.936,55.877,-10.255
29.949,55.871,-10.256
29.959,55.879,-10.256
29.956,55.892,-10.257
29.942,55.895,-10.257
29.935,55.883,-10.258
29.942,55.872,-10.258
29.955,55.874,-10.259
29.959,55.887,-10.259
29.949,55.895,-10.26
29.937,55.89,-10.26
29.937,55.876,-10.261
29.949,55.871,-10.261
29.959,55.88,-10.262
29.955,55.893,-10.262
29.942,55.894,-10.263
29.935,55.883,-10.263
29.942,55.872,-10.264
29.956,55.874,-10.264
29.959,55.887,-10.265
29.948,55.896,-10.265
29.936,55.889,-10.266
29.937,55.876,-10.266
29.95,55.871,-10.267
29.959,55.88,-10.267
29.955,55.893,-10.268
29.941,55.894,-10.268
29.935,55.882,-10.269
29.943,55.871,-10.269
29.956,55.874,-10.27
29.959,55.888,-10.27
29.948,55.896,-10.271
29.936,55.889,-10.271
29.937,55.875,-10.272
29.95,55.871,-10.272
29.959,55.881,-10.273
29.954,55.893,-10.273
29.941,55.894,-10.274
29.935,55.882,-10.274
29.943,55.871,-10.275
29.956,55.875,-10.275
29.959,55.888,-10.276
29.947,55.896,-10.276
29.936,55.889,-10.277
29.938,55.875,-10.277
29.95,55.871,-10.278
29.959,55.881,-10.278
29.954,55.894,-10.279
29.94,55.894,-10.279
29.935,55.881,-10.28
29.944,55.871,-10.28
29.957,55.875,-10.281
29.958,55.888,-10.281
29.947,55.896,-10.282
29.936,55.888,-10.282
29.938,55.875,-10.283
29.951,55.871,-10.283
29.96,55.882,-10.284
29.954,55.894,-10.284
29.94,55.893,-10.285
29.935,55.881,-10.285
29.944,55.871,-10.286
29.957,55.875,-10.286
29.958,55.889,-10.287
29.946,55.896,-10.287
29.935,55.888,-10.288
29.938,55.874,-10.288
29.951,55.871,-10.289
29.96,55.882,-10.289
29.953,55.894,-10.29
29.94,55.893,-10.29
29.935,55.88,-10.291
29.945,55.871,-10.291
29.957,55.876,-10.292
29.958,55.889,-10.292
29.946,55.896,-10.293
29.935,55.887,-10.293
29.939,55.874,-10.294
29.952,55.872,-10.294
29.96,55.883,-10.295
29.953,55.894,-10.295
29.939,55.893,-10.296
29.935,55.88,-10.296
29.945,55.871,-10.297
29.957,55.876,-10.297
29.958,55.89,-10.298
29.946,55.896,-10.298
29.935,55.887,-10.299
29.939,55.874,-10.299
29.952,55.872,-10.3
29.96,55.883,-10.3
29.96,55.898,-10.3
29.953,55.914,-10.3
29.937,55.921,-10.3
27.964,55.921,-10.3
27.93,55.92,-10.3
27.862,55.911,-10.3
27.828,55.906,-10.3
27.768,55.894,-10.3
27.692,55.859,-10.3
27.658,55.84,-10.3
27.624,55.817,-10.3
27.595,55.792,-10.3
27.556,55.758,-10.3
27.529,55.724,-10.3
27.523,55.714,-10.3
27.506,55.69,-10.3
27.463,55.622,-10.3
27.455,55.608,-10.3
27.429,55.52,-10.3
27.422,55.486,-10.3
27.415,55.452,-10.3
27.414,55.419,-10.3
27.414,55.351,-10.3
27.421,55.317,-10.3
27.428,55.283,-10.3
27.455,55.192,-10.3
27.461,55.181,-10.3
27.504,55.113,-10.3
27.523,55.086,-10.3
27.527,55.079,-10.3
27.552,55.045,-10.3
27.591,55.011,-10.3
27.624,54.983,-10.3
27.658,54.96,-10.3
27.687,54.943,-10.3
27.761,54.91,-10.3
27.794,54.901,-10.3
27.828,54.894,-10.3
27.862,54.889,-10.3
27.93,54.88,-10.3
27.964,54.879,-10.3
30.271,54.879,-10.3
30.305,54.88,-10.3
30.543,54.899,-10.3
30.577,54.901,-10.3
30.713,54.913,-10.3
30.747,54.917,-10.3
30.999,54.977,-10.3
31.018,54.982,-10.3
31.154,55.019,-10.3
31.188,55.03,-10.3
31.391,55.114,-10.3
31.425,55.128,-10.3
31.561,55.192,-10.3
31.595,55.209,-10.3
31.799,55.334,-10.3
31.824,55.351,-10.3
31.934,55.428,-10.3
31.967,55.452,-10.3
32.138,55.599,-10.3
32.164,55.622,-10.3
32.274,55.732,-10.3
32.298,55.758,-10.3
32.443,55.929,-10.3
32.469,55.962,-10.3
32.545,56.071,-10.3
32.563,56.097,-10.3
32.688,56.301,-10.3
32.706,56.335,-10.3
32.77,56.471,-10.3
32.783,56.501,-10.3
32.869,56.708,-10.3
32.88,56.742,-10.3
32.919,56.885,-10.3
32.925,56.912,-10.3
32.982,57.149,-10.3
32.986,57.183,-10.3
32.998,57.319,-10.3
33.001,57.353,-10.3
33.02,57.597,-10.3
33.021,57.624,-10.3
33.021,86.572,-10.3
33.021,86.606,-10.3
33.033,86.742,-10.3
33.036,86.776,-10.3
33.046,86.878,-10.3
33.05,86.912,-10.3
33.088,87.053,-10.3
33.096,87.081,-10.3
33.127,87.183,-10.3
33.14,87.217,-10.3
33.203,87.353,-10.3
33.221,87.387,-10.3
33.258,87.456,-10.3
33.277,87.489,-10.3
33.36,87.607,-10.3
33.373,87.624,-10.3
33.428,87.692,-10.3
33.457,87.726,-10.3
33.563,87.833,-10.3
33.596,87.862,-10.3
33.679,87.93,-10.3
33.699,87.945,-10.3
33.801,88.016,-10.3
33.824,88.032,-10.3
33.937,88.092,-10.3
33.952,88.1,-10.3
34.072,88.155,-10.3
34.098,88.167,-10.3
34.21,88.201,-10.3
34.242,88.211,-10.3
34.378,88.247,-10.3
34.412,88.253,-10.3
34.514,88.263,-10.3
34.548,88.266,-10.3
34.683,88.278,-10.3
34.717,88.279,-10.3
87.489,88.279,-10.3
87.523,88.277,-10.3
87.658,88.266,-10.3
87.692,88.262,-10.3
87.794,88.252,-10.3
87.828,88.245,-10.3
87.964,88.209,-10.3
87.99,88.201,-10.3
88.102,88.167,-10.3
88.133,88.153,-10.3
88.248,88.1,-10.3
88.269,88.089,-10.3
88.376,88.032,-10.3
88.405,88.012,-10.3
88.507,87.94,-10.3
88.521,87.93,-10.3
88.609,87.858,-10.3
88.642,87.828,-10.3
88.744,87.725,-10.3
88.772,87.692,-10.3
88.827,87.624,-10.3
88.846,87.599,-10.3
88.923,87.489,-10.3
88.943,87.455,-10.3
88.982,87.382,-10.3
88.997,87.353,-10.3
89.06,87.217,-10.3
89.073,87.183,-10.3
89.104,87.081,-10.3
89.113,87.048,-10.3
89.15,86.912,-10.3
89.152,86.902,-10.3
89.164,86.776,-10.3
89.167,86.742,-10.3
89.179,86.606,-10.3
89.179,86.572,-10.3
89.179,57.624,-10.3
89.18,57.59,-10.3
89.199,57.353,-10.3
89.202,57.319,-10.3
89.214,57.183,-10.3
89.218,57.149,-10.3
89.275,56.912,-10.3
89.283,56.878,-10.3
89.321,56.736,-10.3
89.331,56.708,-10.3
89.423,56.487,-10.3
89.43,56.471,-10.3
89.494,56.335,-10.3
89.512,56.301,-10.3
89.637,56.097,-10.3
89.66,56.063,-10.3
89.731,55.962,-10.3
89.758,55.928,-10.3
89.902,55.758,-10.3
89.932,55.726,-10.3
90.036,55.622,-10.3
90.068,55.594,-10.3
90.238,55.449,-10.3
90.271,55.424,-10.3
90.376,55.351,-10.3
90.407,55.331,-10.3
90.611,55.206,-10.3
90.645,55.189,-10.3
90.747,55.141,-10.3
90.781,55.126,-10.3
91.018,55.027,-10.3
91.052,55.017,-10.3
91.188,54.981,-10.3
91.201,54.977,-10.3
91.425,54.923,-10.3
91.459,54.916,-10.3
91.629,54.901,-10.3
91.663,54.898,-10.3
91.9,54.879,-10.3
92.036,54.879,-10.3
92.07,54.88,-10.3
92.138,54.889,-10.3
92.172,54.894,-10.3
92.206,54.901,-10.3
92.239,54.91,-10.3
92.313,54.943,-10.3
92.342,54.96,-10.3
92.376,54.983,-10.3
92.41,55.012,-10.3
92.448,55.045,-10.3
92.473,55.079,-10.3
92.477,55.086,-10.3
92.496,55.113,-10.3
92.539,55.181,-10.3
92.545,55.192,-10.3
92.572,55.283,-10.3
92.579,55.317,-10.3
92.586,55.351,-10.3
92.586,55.419,-10.3
92.585,55.452,-10.3
92.578,55.486,-10.3
92.571,55.52,-10.3
92.545,55.608,-10.3
92.537,55.622,-10.3
92.494,55.69,-10.3
92.477,55.714,-10.3
92.471,55.724,-10.3
92.444,55.758,-10.3
92.405,55.792,-10.3
92.376,55.817,-10.3
92.342,55.84,-10.3
92.308,55.859,-10.3
92.232,55.894,-10.3
92.172,55.906,-10.3
92.138,55.911,-10.3
92.07,55.92,-10.3
92.036,55.921,-10.3
91.9,55.921,-10.3
91.867,55.924,-10.3
91.731,55.935,-10.3
91.697,55.939,-10.3
91.595,55.949,-10.3
91.561,55.958,-10.3
91.459,55.985,-10.3
91.425,55.994,-10.3
91.309,56.029,-10.3
91.29,56.036,-10.3
91.154,56.1,-10.3
91.12,56.117,-10.3
91.03,56.165,-10.3
91.018,56.172,-10.3
90.882,56.267,-10.3
90.848,56.295,-10.3
90.781,56.351,-10.3
90.761,56.369,-10.3
90.66,56.471,-10.3
90.645,56.488,-10.3
90.575,56.572,-10.3
90.55,56.606,-10.3
90.475,56.714,-10.3
90.459,56.742,-10.3
90.407,56.838,-10.3
90.404,56.844,-10.3
90.339,56.983,-10.3
90.328,57.014,-10.3
90.297,57.115,-10.3
90.288,57.149,-10.3
90.251,57.285,-10.3
90.246,57.319,-10.3
90.236,57.421,-10.3
90.233,57.455,-10.3
90.221,57.59,-10.3
90.221,57.624,-10.3
90.221,86.572,-10.3
90.22,86.606,-10.3
90.201,86.844,-10.3
90.199,86.878,-10.3
90.187,87.014,-10.3
90.183,87.048,-10.3
90.126,87.285,-10.3
90.117,87.319,-10.3
90.081,87.455,-10.3
90.07,87.489,-10.3
89.986,87.692,-10.3
89.971,87.726,-10.3
89.908,87.862,-10.3
89.898,87.883,-10.3
89.762,88.104,-10.3
89.742,88.133,-10.3
89.661,88.25,-10.3
89.645,88.269,-10.3
89.491,88.45,-10.3
89.469,88.473,-10.3
89.367,88.575,-10.3
89.355,88.586,-10.3
89.17,88.744,-10.3
89.152,88.76,-10.3
89.016,88.855,-10.3
88.982,88.876,-10.3
88.809,88.982,-10.3
88.778,89,-10.3
88.643,89.064,-10.3
88.609,89.079,-10.3
88.405,89.163,-10.3
88.371,89.177,-10.3
88.212,89.219,-10.3
88.201,89.222,-10.3
87.964,89.279,-10.3
87.93,89.285,-10.3
87.794,89.297,-10.3
87.76,89.3,-10.3
87.523,89.319,-10.3
87.489,89.321,-10.3
34.717,89.321,-10.3
34.683,89.319,-10.3
34.446,89.301,-10.3
34.412,89.298,-10.3
34.276,89.286,-10.3
34.242,89.281,-10.3
34.005,89.224,-10.3
33.988,89.219,-10.3
33.835,89.178,-10.3
33.801,89.166,-10.3
33.597,89.081,-10.3
33.563,89.066,-10.3
33.428,89.003,-10.3
33.394,88.984,-10.3
33.19,88.859,-10.3
33.054,88.764,-10.3
33.03,88.744,-10.3
32.851,88.591,-10.3
32.833,88.575,-10.3
32.731,88.473,-10.3
32.715,88.457,-10.3
32.545,88.258,-10.3
32.529,88.235,-10.3
32.443,88.113,-10.3
32.435,88.1,-10.3
32.308,87.892,-10.3
32.292,87.862,-10.3
32.229,87.726,-10.3
32.214,87.692,-10.3
32.13,87.489,-10.3
32.119,87.455,-10.3
32.083,87.319,-10.3
32.074,87.285,-10.3
32.017,87.048,-10.3
32.013,87.014,-10.3
32.001,86.878,-10.3
31.999,86.844,-10.3
31.98,86.606,-10.3
31.979,86.572,-10.3
31.979,57.624,-10.3
31.979,57.59,-10.3
31.967,57.455,-10.3
31.964,57.421,-10.3
31.954,57.319,-10.3
31.949,57.285,-10.3
31.912,57.149,-10.3
31.903,57.115,-10.3
31.872,57.014,-10.3
31.867,56.996,-10.3
31.796,56.844,-10.3
31.778,56.81,-10.3
31.731,56.722,-10.3
31.721,56.708,-10.3
31.65,56.606,-10.3
31.629,56.577,-10.3
31.561,56.495,-10.3
31.54,56.471,-10.3
31.425,56.356,-10.3
31.4,56.335,-10.3
31.324,56.272,-10.3
31.317,56.267,-10.3
31.188,56.176,-10.3
31.17,56.165,-10.3
31.086,56.12,-10.3
31.052,56.103,-10.3
30.916,56.039,-10.3
30.891,56.029,-10.3
30.779,55.995,-10.3
30.747,55.986,-10.3
30.611,55.95,-10.3
30.577,55.946,-10.3
30.475,55.936,-10.3
30.441,55.933,-10.3
30.305,55.921,-10.3
30.271,55.921,-10.3
29.937,55.921,-10.3
29.93,55.917,-10.3
29.927,55.909,-10.3
29.944,55.796,-10.3
29.957,55.8,-10.301
29.958,55.813,-10.301
29.947,55.82,-10.302
29.936,55.813,-10.302
29.938,55.799,-10.303
29.951,55.796,-10.303
29.96,55.806,-10.304
29.954,55.818,-10.304
29.954,29.94,-10.305,-10.304
29.935,55.805,-10.305
29.944,55.796,-10.306
29.957,55.8,-10.306
29.958,55.813,-10.307
29.946,55.82,-10.307
29.935,55.812,-10.308
29.938,55.799,-10.308
29.951,55.796,-10.308
29.96,55.807,-10.309
29.953,55.819,-10.309
29.94,55.818,-10.31
29.935,55.805,-10.31
29.945,55.795,-10.311
29.957,55.8,-10.311
29.958,55.814,-10.312
29.946,55.82,-10.312
29.935,55.812,-10.313
29.939,55.799,-10.313
29.952,55.796,-10.314
29.96,55.807,-10.314
29.953,55.819,-10.315
29.939,55.817,-10.315
29.935,55.805,-10.316
29.945,55.795,-10.316
29.957,55.801,-10.317
29.958,55.814,-10.317
29.946,55.82,-10.318
29.935,55.811,-10.318
29.939,55.798,-10.319
29.952,55.796,-10.319
29.96,55.808,-10.32
29.96,55.823,-10.32
29.953,55.839,-10.32
29.937,55.845,-10.32
27.964,55.845,-10.32
27.93,55.845,-10.32
27.896,55.84,-10.32
27.794,55.819,-10.32
27.76,55.81,-10.32
27.729,55.792,-10.32
27.658,55.745,-10.32
27.628,55.724,-10.32
27.624,55.721,-10.32
27.599,55.69,-10.32
27.553,55.622,-10.32
27.531,55.588,-10.32
27.523,55.575,-10.32
27.516,55.554,-10.32
27.508,55.52,-10.32
27.488,55.419,-10.32
27.488,55.385,-10.32
27.508,55.283,-10.32
27.515,55.249,-10.32
27.523,55.225,-10.32
27.529,55.215,-10.32
27.551,55.181,-10.32
27.597,55.113,-10.32
27.624,55.079,-10.32
27.625,55.079,-10.32
27.658,55.055,-10.32
27.726,55.01,-10.32
27.76,54.99,-10.32
27.794,54.981,-10.32
27.896,54.96,-10.32
27.93,54.955,-10.32
27.964,54.955,-10.32
30.271,54.955,-10.32
30.305,54.955,-10.32
30.373,54.961,-10.32
30.441,54.967,-10.32
30.747,54.993,-10.32
30.781,55.001,-10.32
30.825,55.011,-10.32
31.188,55.109,-10.32
31.199,55.113,-10.32
31.256,55.137,-10.32
31.279,55.147,-10.32
31.595,55.295,-10.32
31.629,55.315,-10.32
31.663,55.335,-10.32
31.685,55.351,-10.32
31.968,55.549,-10.32
31.975,55.554,-10.32
32.015,55.588,-10.32
32.036,55.607,-10.32
32.289,55.86,-10.32
32.308,55.88,-10.32
32.342,55.92,-10.32
32.348,55.928,-10.32
32.562,56.233,-10.32
32.579,56.261,-10.32
32.583,56.267,-10.32
32.603,56.301,-10.32
32.762,56.64,-10.32
32.776,56.674,-10.32
32.79,56.708,-10.32
32.799,56.742,-10.32
32.885,57.06,-10.32
32.89,57.081,-10.32
32.898,57.115,-10.32
32.906,57.149,-10.32
32.939,57.523,-10.32
32.944,57.59,-10.32
32.945,57.624,-10.32
32.945,86.572,-10.32
32.946,86.606,-10.32
32.949,86.64,-10.32
32.952,86.674,-10.32
32.975,86.912,-10.32
32.98,86.946,-10.32
32.989,86.98,-10.32
33,87.014,-10.32
33.072,87.251,-10.32
33.086,87.285,-10.32
33.088,87.29,-10.32
33.103,87.319,-10.32
33.23,87.557,-10.32
33.253,87.59,-10.32
33.258,87.597,-10.32
33.28,87.624,-10.32
33.428,87.805,-10.32
33.448,87.828,-10.32
33.462,87.842,-10.32
33.483,87.862,-10.32
33.699,88.04,-10.32
33.736,88.066,-10.32
33.767,88.083,-10.32
33.989,88.201,-10.32
34.005,88.209,-10.32
34.038,88.225,-10.32
34.072,88.236,-10.32
34.31,88.308,-10.32
34.344,88.317,-10.32
34.378,88.324,-10.32
34.649,88.35,-10.32
34.683,88.353,-10.32
34.717,88.355,-10.32
87.489,88.355,-10.32
87.523,88.353,-10.32
87.557,88.35,-10.32
87.828,88.323,-10.32
87.862,88.315,-10.32
87.896,88.306,-10.32
88.133,88.234,-10.32
88.167,88.222,-10.32
88.201,88.206,-10.32
88.211,88.201,-10.32
88.439,88.08,-10.32
88.464,88.066,-10.32
88.473,88.059,-10.32
88.507,88.035,-10.32
88.717,87.862,-10.32
88.744,87.836,-10.32
88.752,87.828,-10.32
88.778,87.797,-10.32
88.92,87.624,-10.32
88.947,87.59,-10.32
88.948,87.589,-10.32
88.97,87.557,-10.32
89.097,87.319,-10.32
89.114,87.285,-10.32
89.118,87.277,-10.32
89.128,87.251,-10.32
89.2,87.014,-10.32
89.211,86.98,-10.32
89.22,86.946,-10.32
89.225,86.912,-10.32
89.248,86.674,-10.32
89.251,86.64,-10.32
89.254,86.606,-10.32
89.255,86.572,-10.32
89.255,57.624,-10.32
89.256,57.59,-10.32
89.261,57.523,-10.32
89.294,57.149,-10.32
89.302,57.115,-10.32
89.31,57.081,-10.32
89.319,57.048,-10.32
89.401,56.742,-10.32
89.41,56.708,-10.32
89.424,56.674,-10.32
89.438,56.64,-10.32
89.597,56.301,-10.32
89.617,56.267,-10.32
89.627,56.251,-10.32
89.638,56.233,-10.32
89.852,55.928,-10.32
89.864,55.913,-10.32
89.898,55.873,-10.32
89.911,55.86,-10.32
90.149,55.622,-10.32
90.17,55.601,-10.32
90.225,55.554,-10.32
90.238,55.545,-10.32
90.515,55.351,-10.32
90.543,55.332,-10.32
90.577,55.311,-10.32
90.611,55.292,-10.32
90.921,55.147,-10.32
90.95,55.134,-10.32
91.001,55.113,-10.32
91.018,55.107,-10.32
91.375,55.011,-10.32
91.425,54.999,-10.32
91.459,54.993,-10.32
91.799,54.963,-10.32
91.833,54.96,-10.32
91.9,54.955,-10.32
92.036,54.955,-10.32
92.07,54.955,-10.32
92.104,54.96,-10.32
92.206,54.981,-10.32
92.24,54.99,-10.32
92.274,55.01,-10.32
92.342,55.055,-10.32
92.375,55.079,-10.32
92.376,55.079,-10.32
92.403,55.113,-10.32
92.449,55.181,-10.32
92.471,55.215,-10.32
92.477,55.225,-10.32
92.485,55.249,-10.32
92.492,55.283,-10.32
92.512,55.385,-10.32
92.512,55.419,-10.32
92.492,55.52,-10.32
92.484,55.554,-10.32
92.477,55.575,-10.32
92.469,55.588,-10.32
92.447,55.622,-10.32
92.401,55.69,-10.32
92.376,55.721,-10.32
92.372,55.724,-10.32
92.342,55.745,-10.32
92.271,55.792,-10.32
92.24,55.81,-10.32
92.206,55.819,-10.32
92.104,55.84,-10.32
92.07,55.845,-10.32
92.036,55.845,-10.32
91.9,55.845,-10.32
91.867,55.848,-10.32
91.833,55.851,-10.32
91.595,55.875,-10.32
91.561,55.878,-10.32
91.527,55.888,-10.32
91.506,55.894,-10.32
91.256,55.97,-10.32
91.222,55.983,-10.32
91.195,55.995,-10.32
90.95,56.126,-10.32
90.941,56.131,-10.32
90.916,56.148,-10.32
90.893,56.165,-10.32
90.679,56.341,-10.32
90.651,56.369,-10.32
90.645,56.375,-10.32
90.622,56.403,-10.32
90.475,56.581,-10.32
90.455,56.606,-10.32
90.432,56.64,-10.32
90.413,56.674,-10.32
90.304,56.878,-10.32
90.287,56.912,-10.32
90.273,56.946,-10.32
90.2,57.183,-10.32
90.19,57.217,-10.32
90.181,57.251,-10.32
90.176,57.285,-10.32
90.152,57.523,-10.32
90.149,57.557,-10.32
90.146,57.59,-10.32
90.145,57.624,-10.32
90.145,86.572,-10.32
90.145,86.606,-10.32
90.139,86.674,-10.32
90.107,87.048,-10.32
90.102,87.07,-10.32
90.091,87.115,-10.32
90.082,87.149,-10.32
89.991,87.489,-10.32
89.966,87.549,-10.32
89.963,87.557,-10.32
89.947,87.59,-10.32
89.805,87.896,-10.32
89.796,87.911,-10.32
89.764,87.964,-10.32
89.762,87.966,-10.32
89.55,88.269,-10.32
89.525,88.3,-10.32
89.522,88.303,-10.32
89.492,88.337,-10.32
89.253,88.576,-10.32
89.219,88.608,-10.32
89.179,88.643,-10.32
89.152,88.663,-10.32
88.88,88.853,-10.32
88.846,88.875,-10.32
88.812,88.896,-10.32
88.778,88.913,-10.32
88.473,89.056,-10.32
88.439,89.07,-10.32
88.405,89.084,-10.32
88.371,89.096,-10.32
88.032,89.187,-10.32
87.998,89.195,-10.32
87.964,89.203,-10.32
87.93,89.208,-10.32
87.59,89.238,-10.32
87.557,89.241,-10.32
87.523,89.243,-10.32
87.489,89.245,-10.32
34.717,89.245,-10.32
34.683,89.244,-10.32
34.649,89.241,-10.32
34.615,89.238,-10.32
34.276,89.209,-10.32
34.242,89.205,-10.32
34.208,89.197,-10.32
34.174,89.188,-10.32
33.835,89.097,-10.32
33.801,89.087,-10.32
33.767,89.073,-10.32
33.733,89.058,-10.32
33.424,88.914,-10.32
33.394,88.899,-10.32
33.36,88.878,-10.32
33.326,88.857,-10.32
33.054,88.667,-10.32
33.021,88.643,-10.32
32.981,88.609,-10.32
32.952,88.582,-10.32
32.708,88.337,-10.32
32.681,88.307,-10.32
32.678,88.303,-10.32
32.65,88.269,-10.32
32.443,87.975,-10.32
32.436,87.964,-10.32
32.41,87.921,-10.32
32.395,87.896,-10.32
32.24,87.563,-10.32
32.237,87.557,-10.32
32.223,87.523,-10.32
32.209,87.489,-10.32
32.118,87.149,-10.32
32.109,87.115,-10.32
32.101,87.081,-10.32
32.093,87.048,-10.32
32.061,86.674,-10.32
32.055,86.606,-10.32
32.055,86.572,-10.32
32.055,57.624,-10.32
32.054,57.59,-10.32
32.051,57.557,-10.32
32.048,57.523,-10.32
32.024,57.285,-10.32
32.019,57.251,-10.32
32.01,57.217,-10.32
32.002,57.192,-10.32
31.927,56.946,-10.32
31.913,56.912,-10.32
31.9,56.887,-10.32
31.787,56.674,-10.32
31.768,56.64,-10.32
31.745,56.606,-10.32
31.731,56.588,-10.32
31.561,56.382,-10.32
31.549,56.369,-10.32
31.527,56.347,-10.32
31.513,56.335,-10.32
31.307,56.165,-10.32
31.29,56.152,-10.32
31.259,56.131,-10.32
31.256,56.129,-10.32
31.005,55.995,-10.32
30.984,55.986,-10.32
30.95,55.971,-10.32
30.694,55.894,-10.32
30.679,55.889,-10.32
30.645,55.88,-10.32
30.611,55.875,-10.32
30.373,55.852,-10.32
30.339,55.849,-10.32
30.305,55.846,-10.32
30.271,55.845,-10.32
29.937,55.845,-10.32
29.93,55.842,-10.32
29.927,55.835,-10.32
29.936,55.605,-10.32
29.936,55.597,-10.317
29.937,55.595,-10.31
29.937,55.595,5
29.947,51.803,5
29.947,51.803,-8.991
29.947,51.803,-9.938
29.947,51.803,-10.04
29.947,51.806,-10.047
29.947,51.813,-10.05
29.947,51.904,-10.05
29.944,51.911,-10.05
29.937,51.914,-10.05
27.964,51.914,-10.05
27.93,51.914,-10.05
27.73,51.892,-10.05
27.726,51.891,-10.05
27.537,51.825,-10.05
27.534,51.823,-10.05
27.531,51.821,-10.05
27.365,51.717,-10.05
27.361,51.714,-10.05
27.217,51.57,-10.05
27.215,51.568,-10.05
27.111,51.402,-10.05
27.109,51.398,-10.05
27.107,51.394,-10.05
27.041,51.206,-10.05
27.04,51.202,-10.05
27.039,51.193,-10.05
27.018,51.003,-10.05
27.017,50.998,-10.05
27.039,50.803,-10.05
27.04,50.796,-10.05
27.041,50.793,-10.05
27.106,50.608,-10.05
27.108,50.604,-10.05
27.11,50.6,-10.05
27.214,50.434,-10.05
27.217,50.43,-10.05
27.361,50.285,-10.05
27.366,50.283,-10.05
27.531,50.179,-10.05
27.535,50.176,-10.05
27.54,50.175,-10.05
27.726,50.109,-10.05
27.73,50.108,-10.05
27.93,50.086,-10.05
27.964,50.086,-10.05
34.683,50.086,-10.05
34.717,50.087,-10.05
35.124,50.116,-10.05
35.158,50.121,-10.05
35.566,50.209,-10.05
35.6,50.22,-10.05
35.98,50.362,-10.05
36.007,50.374,-10.05
36.357,50.566,-10.05
36.38,50.578,-10.05
36.41,50.6,-10.05
36.727,50.837,-10.05
36.753,50.86,-10.05
37.036,51.143,-10.05
37.059,51.167,-10.05
37.296,51.485,-10.05
37.319,51.516,-10.05
37.33,51.535,-10.05
37.524,51.889,-10.05
37.534,51.909,-10.05
37.539,51.923,-10.05
37.678,52.296,-10.05
37.69,52.33,-10.05
37.778,52.738,-10.05
37.784,52.771,-10.05
37.813,53.179,-10.05
37.814,53.213,-10.05
37.814,82.195,-10.05
37.817,82.229,-10.05
37.846,82.483,-10.05
37.847,82.487,-10.05
37.848,82.492,-10.05
37.934,82.738,-10.05
37.941,82.757,-10.05
37.95,82.771,-10.05
38.089,82.992,-10.05
38.094,83.001,-10.05
38.098,83.005,-10.05
38.295,83.202,-10.05
38.299,83.206,-10.05
38.303,83.208,-10.05
38.539,83.357,-10.05
38.542,83.358,-10.05
38.546,83.36,-10.05
38.804,83.45,-10.05
38.814,83.453,-10.05
38.824,83.455,-10.05
39.095,83.485,-10.05
39.129,83.486,-10.05
83.077,83.486,-10.05
83.111,83.485,-10.05
83.382,83.454,-10.05
83.386,83.454,-10.05
83.389,83.453,-10.05
83.654,83.36,-10.05
83.659,83.358,-10.05
83.664,83.355,-10.05
83.891,83.212,-10.05
83.9,83.206,-10.05
83.904,83.203,-10.05
84.102,83.005,-10.05
84.106,83.001,-10.05
84.111,82.992,-10.05
84.255,82.764,-10.05
84.257,82.76,-10.05
84.259,82.756,-10.05
84.266,82.738,-10.05
84.352,82.492,-10.05
84.353,82.487,-10.05
84.354,82.483,-10.05
84.383,82.229,-10.05
84.386,82.195,-10.05
84.386,53.213,-10.05
84.387,53.179,-10.05
84.416,52.771,-10.05
84.422,52.738,-10.05
84.51,52.33,-10.05
84.522,52.296,-10.05
84.661,51.923,-10.05
84.672,51.897,-10.05
84.876,51.524,-10.05
84.881,51.516,-10.05
84.906,51.482,-10.05
85.134,51.176,-10.05
85.147,51.16,-10.05
85.164,51.143,-10.05
85.452,50.854,-10.05
85.473,50.837,-10.05
85.792,50.598,-10.05
85.826,50.575,-10.05
86.199,50.371,-10.05
86.22,50.362,-10.05
86.606,50.218,-10.05
86.64,50.208,-10.05
87.048,50.119,-10.05
87.081,50.116,-10.05
87.489,50.087,-10.05
87.523,50.086,-10.05
92.036,50.086,-10.05
92.07,50.086,-10.05
92.27,50.108,-10.05
92.274,50.109,-10.05
92.46,50.175,-10.05
92.465,50.176,-10.05
92.469,50.179,-10.05
92.634,50.283,-10.05
92.639,50.285,-10.05
92.783,50.43,-10.05
92.786,50.434,-10.05
92.89,50.6,-10.05
92.892,50.604,-10.05
92.894,50.608,-10.05
92.959,50.793,-10.05
92.96,50.796,-10.05
92.961,50.803,-10.05
92.983,50.998,-10.05
92.982,51.003,-10.05
92.961,51.193,-10.05
92.96,51.202,-10.05
92.959,51.206,-10.05
92.893,51.394,-10.05
92.891,51.398,-10.05
92.889,51.402,-10.05
92.785,51.568,-10.05
92.783,51.57,-10.05
92.639,51.714,-10.05
92.635,51.717,-10.05
92.469,51.821,-10.05
92.466,51.823,-10.05
92.463,51.825,-10.05
92.274,51.891,-10.05
92.27,51.892,-10.05
92.07,51.914,-10.05
92.036,51.914,-10.05
87.523,51.914,-10.05
87.489,51.915,-10.05
87.217,51.946,-10.05
87.213,51.947,-10.05
87.209,51.948,-10.05
86.946,52.04,-10.05
86.942,52.042,-10.05
86.938,52.044,-10.05
86.708,52.188,-10.05
86.699,52.195,-10.05
86.674,52.219,-10.05
86.505,52.388,-10.05
86.495,52.398,-10.05
86.473,52.432,-10.05
86.345,52.636,-10.05
86.342,52.642,-10.05
86.339,52.648,-10.05
86.247,52.911,-10.05
86.246,52.916,-10.05
86.245,52.924,-10.05
86.217,53.179,-10.05
86.214,53.213,-10.05
86.214,82.195,-10.05
86.212,82.229,-10.05
86.183,82.636,-10.05
86.177,82.67,-10.05
86.096,83.043,-10.05
86.088,83.077,-10.05
86.076,83.111,-10.05
85.937,83.484,-10.05
85.928,83.504,-10.05
85.724,83.876,-10.05
85.714,83.891,-10.05
85.46,84.231,-10.05
85.452,84.24,-10.05
85.429,84.265,-10.05
85.147,84.546,-10.05
85.118,84.57,-10.05
84.8,84.808,-10.05
84.774,84.825,-10.05
84.4,85.029,-10.05
84.367,85.043,-10.05
83.993,85.182,-10.05
83.959,85.192,-10.05
83.552,85.281,-10.05
83.539,85.283,-10.05
83.518,85.284,-10.05
83.111,85.313,-10.05
83.077,85.314,-10.05
39.129,85.314,-10.05
39.095,85.314,-10.05
38.688,85.285,-10.05
38.661,85.283,-10.05
38.654,85.282,-10.05
38.247,85.193,-10.05
38.213,85.185,-10.05
37.839,85.045,-10.05
37.805,85.032,-10.05
37.771,85.014,-10.05
37.432,84.829,-10.05
37.4,84.808,-10.05
37.082,84.57,-10.05
37.059,84.552,-10.05
37.043,84.536,-10.05
36.753,84.247,-10.05
36.74,84.231,-10.05
36.609,84.056,-10.05
36.486,83.891,-10.05
36.482,83.886,-10.05
36.466,83.857,-10.05
36.278,83.514,-10.05
36.263,83.484,-10.05
36.124,83.111,-10.05
36.112,83.077,-10.05
36.109,83.063,-10.05
36.023,82.67,-10.05
36.017,82.636,-10.05
35.988,82.229,-10.05
35.986,82.195,-10.05
35.986,53.213,-10.05
35.983,53.179,-10.05
35.955,52.924,-10.05
35.954,52.916,-10.05
35.953,52.911,-10.05
35.862,52.653,-10.05
35.859,52.644,-10.05
35.857,52.64,-10.05
35.727,52.432,-10.05
35.705,52.398,-10.05
35.701,52.394,-10.05
35.532,52.225,-10.05
35.501,52.195,-10.05
35.498,52.192,-10.05
35.26,52.043,-10.05
35.256,52.041,-10.05
35.252,52.039,-10.05
34.989,51.947,-10.05
34.984,51.946,-10.05
34.98,51.946,-10.05
34.717,51.916,-10.05
34.683,51.914,-10.05
29.937,51.914,-10.05
29.887,51.907,-10.05
29.837,51.906,-10.05
29.837,29.787,-10.051,-10.05
29.737,51.905,-10.051
29.688,51.904,-10.052
29.638,51.903,-10.053
29.588,51.901,-10.054
29.538,51.9,-10.055
29.488,51.898,-10.056
29.438,51.896,-10.057
29.388,51.894,-10.058
29.338,51.892,-10.06
29.288,51.89,-10.061
29.238,51.887,-10.063
29.188,51.885,-10.065
29.139,51.883,-10.066
29.089,51.88,-10.068
28.989,51.875,-10.071
28.689,51.859,-10.082
28.639,51.857,-10.084
28.589,51.854,-10.085
28.54,51.852,-10.087
28.49,51.849,-10.088
28.44,51.847,-10.09
28.39,51.845,-10.091
28.34,51.843,-10.093
28.29,51.841,-10.094
28.24,51.839,-10.095
28.19,51.838,-10.096
28.14,51.836,-10.097
28.09,51.835,-10.098
28.04,51.834,-10.099
27.991,51.833,-10.099
27.966,51.833,-10.099
27.966,27.941,-10.1,-10.099
27.916,51.83,-10.1
27.892,51.828,-10.1
27.855,51.823,-10.1
27.848,51.822,-10.1
27.842,51.822,-10.1
27.831,51.828,-10.1
27.828,51.827,-10.1
27.709,51.808,-10.1
27.705,51.807,-10.1
27.62,51.777,-10.1
27.616,51.775,-10.1
27.506,51.719,-10.1
27.489,51.709,-10.1
27.425,51.669,-10.1
27.421,51.665,-10.1
27.264,51.509,-10.1
27.262,51.505,-10.1
27.217,51.434,-10.1
27.206,51.414,-10.1
27.154,51.312,-10.1
27.153,51.309,-10.1
27.125,51.227,-10.1
27.123,51.223,-10.1
27.105,51.109,-10.1
27.1,51.075,-10.1
27.092,51.003,-10.1
27.092,50.998,-10.1
27.099,50.939,-10.1
27.103,50.905,-10.1
27.115,50.826,-10.1
27.123,50.778,-10.1
27.124,50.773,-10.1
27.154,50.689,-10.1
27.156,50.684,-10.1
27.199,50.6,-10.1
27.217,50.566,-10.1
27.262,50.494,-10.1
27.265,50.491,-10.1
27.421,50.335,-10.1
27.425,50.331,-10.1
27.489,50.291,-10.1
27.523,50.272,-10.1
27.619,50.223,-10.1
27.622,50.222,-10.1
27.707,50.192,-10.1
27.711,50.191,-10.1
27.828,50.173,-10.1
27.862,50.168,-10.1
27.93,50.161,-10.1
27.964,50.16,-10.1
34.683,50.16,-10.1
34.717,50.162,-10.1
34.887,50.174,-10.1
34.921,50.176,-10.1
35.124,50.192,-10.1
35.158,50.196,-10.1
35.328,50.233,-10.1
35.362,50.24,-10.1
35.6,50.297,-10.1
35.633,50.31,-10.1
35.774,50.362,-10.1
35.803,50.373,-10.1
36.021,50.464,-10.1
36.041,50.474,-10.1
36.176,50.548,-10.1
36.208,50.566,-10.1
36.414,50.692,-10.1
36.428,50.701,-10.1
36.564,50.803,-10.1
36.584,50.818,-10.1
36.765,50.973,-10.1
36.787,50.994,-10.1
36.902,51.109,-10.1
36.923,51.131,-10.1
37.078,51.312,-10.1
37.093,51.331,-10.1
37.195,51.467,-10.1
37.206,51.482,-10.1
37.33,51.686,-10.1
37.35,51.719,-10.1
37.432,51.87,-10.1
37.441,51.889,-10.1
37.525,52.093,-10.1
37.534,52.115,-10.1
37.602,52.297,-10.1
37.61,52.33,-10.1
37.659,52.534,-10.1
37.667,52.568,-10.1
37.704,52.738,-10.1
37.707,52.771,-10.1
37.723,52.975,-10.1
37.726,53.009,-10.1
37.738,53.179,-10.1
37.74,53.213,-10.1
37.74,82.195,-10.1
37.743,82.229,-10.1
37.773,82.5,-10.1
37.774,82.504,-10.1
37.775,82.508,-10.1
37.873,82.788,-10.1
37.875,82.792,-10.1
38.033,83.043,-10.1
38.037,83.049,-10.1
38.043,83.055,-10.1
38.247,83.259,-10.1
38.251,83.263,-10.1
38.255,83.266,-10.1
38.506,83.424,-10.1
38.509,83.425,-10.1
38.512,83.427,-10.1
38.79,83.524,-10.1
38.798,83.527,-10.1
38.807,83.528,-10.1
39.095,83.56,-10.1
39.129,83.56,-10.1
83.077,83.56,-10.1
83.111,83.559,-10.1
83.399,83.527,-10.1
83.404,83.526,-10.1
83.408,83.525,-10.1
83.688,83.427,-10.1
83.692,83.425,-10.1
83.706,83.416,-10.1
83.942,83.268,-10.1
83.947,83.265,-10.1
83.951,83.261,-10.1
84.135,83.077,-10.1
84.163,83.049,-10.1
84.167,83.043,-10.1
84.324,82.793,-10.1
84.327,82.788,-10.1
84.333,82.771,-10.1
84.425,82.508,-10.1
84.426,82.504,-10.1
84.427,82.5,-10.1
84.457,82.229,-10.1
84.46,82.195,-10.1
84.46,53.213,-10.1
84.462,53.179,-10.1
84.474,53.009,-10.1
84.477,52.975,-10.1
84.493,52.771,-10.1
84.496,52.738,-10.1
84.536,52.555,-10.1
84.541,52.534,-10.1
84.59,52.33,-10.1
84.599,52.296,-10.1
84.662,52.127,-10.1
84.672,52.1,-10.1
84.759,51.889,-10.1
84.774,51.86,-10.1
84.85,51.719,-10.1
84.87,51.686,-10.1
84.994,51.482,-10.1
85.011,51.459,-10.1
85.113,51.323,-10.1
85.122,51.312,-10.1
85.267,51.143,-10.1
85.283,51.124,-10.1
85.419,50.988,-10.1
85.435,50.973,-10.1
85.594,50.837,-10.1
85.622,50.814,-10.1
85.772,50.701,-10.1
85.792,50.688,-10.1
85.992,50.566,-10.1
85.995,50.563,-10.1
86.165,50.471,-10.1
86.179,50.464,-10.1
86.403,50.371,-10.1
86.426,50.362,-10.1
86.572,50.307,-10.1
86.606,50.296,-10.1
86.844,50.239,-10.1
87.014,50.202,-10.1
87.048,50.195,-10.1
87.285,50.176,-10.1
87.319,50.174,-10.1
87.489,50.161,-10.1
87.523,50.16,-10.1
92.036,50.16,-10.1
92.07,50.161,-10.1
92.138,50.168,-10.1
92.172,50.173,-10.1
92.289,50.191,-10.1
92.293,50.192,-10.1
92.378,50.222,-10.1
92.381,50.223,-10.1
92.477,50.272,-10.1
92.511,50.291,-10.1
92.575,50.331,-10.1
92.579,50.335,-10.1
92.735,50.491,-10.1
92.738,50.494,-10.1
92.783,50.566,-10.1
92.801,50.6,-10.1
92.844,50.684,-10.1
92.846,50.689,-10.1
92.876,50.773,-10.1
92.877,50.778,-10.1
92.897,50.905,-10.1
92.901,50.939,-10.1
92.908,50.998,-10.1
92.908,51.003,-10.1
92.9,51.075,-10.1
92.895,51.109,-10.1
92.877,51.223,-10.1
92.875,51.227,-10.1
92.847,51.309,-10.1
92.846,51.312,-10.1
92.794,51.414,-10.1
92.783,51.434,-10.1
92.738,51.505,-10.1
92.736,51.509,-10.1
92.579,51.665,-10.1
92.575,51.669,-10.1
92.511,51.709,-10.1
92.494,51.719,-10.1
92.384,51.775,-10.1
92.38,51.777,-10.1
92.295,51.807,-10.1
92.291,51.808,-10.1
92.172,51.827,-10.1
92.138,51.832,-10.1
92.07,51.839,-10.1
92.036,51.84,-10.1
87.523,51.84,-10.1
87.489,51.841,-10.1
87.2,51.873,-10.1
87.196,51.874,-10.1
87.192,51.875,-10.1
86.946,51.961,-10.1
86.912,51.973,-10.1
86.908,51.975,-10.1
86.905,51.977,-10.1
86.667,52.127,-10.1
86.654,52.135,-10.1
86.65,52.138,-10.1
86.647,52.141,-10.1
86.458,52.33,-10.1
86.437,52.351,-10.1
86.428,52.364,-10.1
86.279,52.602,-10.1
86.275,52.609,-10.1
86.272,52.616,-10.1
86.174,52.895,-10.1
86.173,52.899,-10.1
86.172,52.907,-10.1
86.142,53.179,-10.1
86.14,53.213,-10.1
86.14,82.195,-10.1
86.137,82.229,-10.1
86.125,82.398,-10.1
86.123,82.432,-10.1
86.107,82.636,-10.1
86.102,82.67,-10.1
86.063,82.847,-10.1
86.057,82.873,-10.1
86.008,83.077,-10.1
85.999,83.111,-10.1
85.935,83.281,-10.1
85.928,83.301,-10.1
85.838,83.518,-10.1
85.826,83.541,-10.1
85.746,83.688,-10.1
85.726,83.722,-10.1
85.622,83.891,-10.1
85.6,83.925,-10.1
85.486,84.078,-10.1
85.472,84.095,-10.1
85.327,84.265,-10.1
85.317,84.276,-10.1
85.181,84.412,-10.1
85.156,84.434,-10.1
84.997,84.57,-10.1
84.977,84.587,-10.1
84.842,84.688,-10.1
84.818,84.706,-10.1
84.638,84.816,-10.1
84.604,84.837,-10.1
84.434,84.929,-10.1
84.404,84.943,-10.1
84.197,85.029,-10.1
84.163,85.042,-10.1
84.027,85.093,-10.1
83.993,85.104,-10.1
83.756,85.161,-10.1
83.586,85.198,-10.1
83.552,85.205,-10.1
83.314,85.224,-10.1
83.281,85.227,-10.1
83.111,85.239,-10.1
83.077,85.24,-10.1
39.129,85.24,-10.1
39.095,85.239,-10.1
38.925,85.227,-10.1
38.891,85.224,-10.1
38.654,85.206,-10.1
38.62,85.2,-10.1
38.45,85.163,-10.1
38.416,85.155,-10.1
38.213,85.106,-10.1
38.179,85.095,-10.1
38.009,85.032,-10.1
37.975,85.018,-10.1
37.796,84.943,-10.1
37.771,84.933,-10.1
37.602,84.84,-10.1
37.568,84.82,-10.1
37.382,84.706,-10.1
37.364,84.693,-10.1
37.229,84.591,-10.1
37.203,84.57,-10.1
37.044,84.434,-10.1
37.025,84.418,-10.1
36.889,84.282,-10.1
36.873,84.265,-10.1
36.719,84.085,-10.1
36.701,84.061,-10.1
36.6,83.925,-10.1
36.584,83.901,-10.1
36.474,83.722,-10.1
36.454,83.688,-10.1
36.38,83.552,-10.1
36.362,83.518,-10.1
36.278,83.314,-10.1
36.265,83.281,-10.1
36.201,83.111,-10.1
36.192,83.077,-10.1
36.143,82.872,-10.1
36.135,82.839,-10.1
36.098,82.67,-10.1
36.093,82.636,-10.1
36.077,82.432,-10.1
36.075,82.397,-10.1
36.063,82.229,-10.1
36.06,82.195,-10.1
36.06,53.213,-10.1
36.058,53.179,-10.1
36.028,52.907,-10.1
36.027,52.899,-10.1
36.026,52.895,-10.1
35.929,52.619,-10.1
35.926,52.61,-10.1
35.921,52.602,-10.1
35.769,52.36,-10.1
35.764,52.353,-10.1
35.761,52.349,-10.1
35.566,52.153,-10.1
35.549,52.137,-10.1
35.545,52.134,-10.1
35.294,51.976,-10.1
35.29,51.974,-10.1
35.286,51.972,-10.1
35.006,51.874,-10.1
35.001,51.873,-10.1
34.997,51.873,-10.1
34.717,51.841,-10.1
34.683,51.84,-10.1
29.937,51.84,-10.1
27.964,51.84,-10.1
27.93,51.839,-10.1
27.862,51.832,-10.1
27.831,51.828,-10.1
27.783,51.812,-10.1
27.734,51.804,-10.1
27.711,51.8,-10.101
27.703,51.798,-10.101
27.688,51.793,-10.101
27.674,51.787,-10.101
27.647,51.777,-10.101
27.633,51.772,-10.101
27.627,51.769,-10.101
27.62,51.766,-10.102
27.576,51.742,-10.102
27.533,51.718,-10.103
27.489,51.693,-10.104
27.461,51.674,-10.105
27.439,51.66,-10.105
27.433,51.654,-10.106
27.416,51.636,-10.106
27.399,51.618,-10.107
27.365,51.581,-10.108
27.331,51.544,-10.11
27.298,51.507,-10.111
27.281,51.489,-10.112
27.277,51.482,-10.112
27.261,51.454,-10.113
27.239,51.409,-10.115
27.219,51.363,-10.117
27.189,51.295,-10.119
27.178,51.272,-10.12
27.176,51.265,-10.12
27.167,51.235,-10.121
27.166,51.228,-10.122
27.147,51.038,-10.128
27.145,51.014,-10.129
27.144,51.006,-10.129
27.144,50.999,-10.13
27.146,50.985,-10.13
27.152,50.957,-10.131
27.163,50.908,-10.133
27.173,50.86,-10.134
27.183,50.811,-10.136
27.193,50.766,-10.138
27.194,50.76,-10.138
27.207,50.738,-10.139
27.22,50.716,-10.139
27.244,50.672,-10.141
27.269,50.628,-10.142
27.293,50.585,-10.144
27.308,50.557,-10.144
27.311,50.552,-10.145
27.315,50.547,-10.145
27.319,50.543,-10.145
27.356,50.508,-10.146
27.392,50.474,-10.147
27.427,50.439,-10.148
27.463,50.404,-10.149
27.481,50.387,-10.149
27.485,50.383,-10.149
27.502,50.375,-10.149
27.546,50.353,-10.15
27.591,50.331,-10.15
27.624,50.314,-10.15
27.636,50.308,-10.15
27.645,50.297,-10.15
27.692,50.273,-10.15
27.697,50.272,-10.15
27.934,50.234,-10.15
34.683,50.234,-10.15
34.717,50.236,-10.15
35.163,50.271,-10.15
35.167,50.272,-10.15
35.612,50.379,-10.15
35.617,50.38,-10.15
36.045,50.557,-10.15
36.05,50.56,-10.15
36.442,50.8,-10.15
36.446,50.803,-10.15
36.795,51.101,-10.15
36.799,51.105,-10.15
37.096,51.453,-10.15
37.1,51.457,-10.15
37.342,51.853,-10.15
37.343,51.855,-10.15
37.519,52.279,-10.15
37.521,52.284,-10.15
37.628,52.733,-10.15
37.629,52.738,-10.15
37.664,53.179,-10.15
37.666,53.213,-10.15
37.666,82.195,-10.15
37.669,82.229,-10.15
37.701,82.513,-10.15
37.702,82.519,-10.15
37.704,82.525,-10.15
37.805,82.816,-10.15
37.808,82.822,-10.15
37.811,82.828,-10.15
37.975,83.089,-10.15
37.979,83.094,-10.15
37.984,83.1,-10.15
38.199,83.314,-10.15
38.206,83.321,-10.15
38.213,83.326,-10.15
38.474,83.49,-10.15
38.479,83.493,-10.15
38.484,83.495,-10.15
38.773,83.596,-10.15
38.781,83.598,-10.15
38.79,83.599,-10.15
39.095,83.634,-10.15
39.129,83.634,-10.15
83.077,83.634,-10.15
83.111,83.633,-10.15
83.382,83.603,-10.15
83.416,83.599,-10.15
83.421,83.598,-10.15
83.425,83.597,-10.15
83.688,83.505,-10.15
83.722,83.492,-10.15
83.725,83.491,-10.15
83.959,83.344,-10.15
83.993,83.322,-10.15
83.997,83.319,-10.15
84.205,83.111,-10.15
84.221,83.095,-10.15
84.223,83.091,-10.15
84.382,82.839,-10.15
84.392,82.822,-10.15
84.398,82.805,-10.15
84.496,82.525,-10.15
84.498,82.521,-10.15
84.499,82.517,-10.15
84.501,82.5,-10.15
84.531,82.229,-10.15
84.534,82.195,-10.15
84.534,53.213,-10.15
84.536,53.179,-10.15
84.571,52.738,-10.15
84.572,52.733,-10.15
84.679,52.284,-10.15
84.681,52.279,-10.15
84.857,51.855,-10.15
84.859,51.851,-10.15
85.098,51.461,-10.15
85.101,51.456,-10.15
85.403,51.103,-10.15
85.405,51.101,-10.15
85.754,50.803,-10.15
85.758,50.8,-10.15
86.153,50.558,-10.15
86.156,50.557,-10.15
86.581,50.381,-10.15
86.585,50.379,-10.15
87.035,50.271,-10.15
87.039,50.271,-10.15
87.489,50.235,-10.15
87.523,50.234,-10.15
92.066,50.234,-10.15
92.303,50.272,-10.15
92.308,50.273,-10.15
92.517,50.38,-10.15
92.52,50.382,-10.15
92.687,50.549,-10.15
92.689,50.552,-10.15
92.795,50.761,-10.15
92.797,50.765,-10.15
92.834,50.998,-10.15
92.834,51.003,-10.15
92.797,51.236,-10.15
92.795,51.24,-10.15
92.689,51.448,-10.15
92.685,51.452,-10.15
92.52,51.618,-10.15
92.516,51.621,-10.15
92.308,51.727,-10.15
92.303,51.728,-10.15
92.066,51.766,-10.15
87.523,51.766,-10.15
87.489,51.767,-10.15
87.217,51.797,-10.15
87.183,51.801,-10.15
87.179,51.802,-10.15
87.175,51.804,-10.15
86.912,51.896,-10.15
86.878,51.908,-10.15
86.853,51.923,-10.15
86.637,52.059,-10.15
86.606,52.078,-10.15
86.603,52.082,-10.15
86.382,52.303,-10.15
86.379,52.306,-10.15
86.377,52.309,-10.15
86.214,52.568,-10.15
86.208,52.576,-10.15
86.207,52.581,-10.15
86.103,52.878,-10.15
86.102,52.882,-10.15
86.1,52.89,-10.15
86.068,53.179,-10.15
86.066,53.213,-10.15
86.066,82.195,-10.15
86.063,82.229,-10.15
86.029,82.66,-10.15
86.029,82.665,-10.15
85.921,83.115,-10.15
85.919,83.119,-10.15
85.744,83.544,-10.15
85.742,83.548,-10.15
85.5,83.942,-10.15
85.497,83.946,-10.15
85.198,84.296,-10.15
85.195,84.299,-10.15
84.846,84.597,-10.15
84.842,84.6,-10.15
84.448,84.842,-10.15
84.444,84.843,-10.15
84.019,85.02,-10.15
84.014,85.021,-10.15
83.565,85.129,-10.15
83.561,85.129,-10.15
83.111,85.165,-10.15
83.077,85.166,-10.15
39.129,85.166,-10.15
39.095,85.165,-10.15
38.637,85.129,-10.15
38.633,85.128,-10.15
38.187,85.021,-10.15
38.183,85.02,-10.15
37.757,84.844,-10.15
37.752,84.842,-10.15
37.36,84.601,-10.15
37.356,84.598,-10.15
37.005,84.299,-10.15
37.001,84.295,-10.15
36.72,83.966,-10.15
36.704,83.947,-10.15
36.7,83.942,-10.15
36.459,83.548,-10.15
36.457,83.545,-10.15
36.281,83.12,-10.15
36.279,83.116,-10.15
36.171,82.665,-10.15
36.171,82.661,-10.15
36.137,82.229,-10.15
36.134,82.195,-10.15
36.134,53.213,-10.15
36.132,53.179,-10.15
36.1,52.89,-10.15
36.098,52.882,-10.15
36.097,52.878,-10.15
35.993,52.581,-10.15
35.992,52.576,-10.15
35.986,52.568,-10.15
35.824,52.309,-10.15
35.821,52.305,-10.15
35.812,52.296,-10.15
35.6,52.084,-10.15
35.595,52.08,-10.15
35.591,52.076,-10.15
35.328,51.911,-10.15
35.324,51.909,-10.15
35.32,51.907,-10.15
35.023,51.803,-10.15
35.018,51.802,-10.15
35.014,51.801,-10.15
34.717,51.767,-10.15
34.683,51.766,-10.15
27.934,51.766,-10.15
27.697,51.728,-10.15
27.692,51.727,-10.15
27.484,51.621,-10.15
27.48,51.618,-10.15
27.315,51.452,-10.15
27.311,51.448,-10.15
27.205,51.24,-10.15
27.203,51.236,-10.15
27.166,51.003,-10.15
27.166,50.998,-10.15
27.203,50.765,-10.15
27.205,50.761,-10.15
27.311,50.552,-10.15
27.313,50.549,-10.15
27.48,50.382,-10.15
27.483,50.38,-10.15
27.645,50.297,-10.15
27.676,50.287,-10.15
27.691,50.28,-10.15
27.698,50.277,-10.15
27.706,50.276,-10.15
27.755,50.268,-10.15
27.805,50.261,-10.151
27.854,50.253,-10.151
27.904,50.246,-10.152
27.932,50.242,-10.153
27.939,50.242,-10.153
27.96,50.243,-10.153
27.96,28.01,-10.154,-10.153
28.06,50.245,-10.155
28.11,50.246,-10.156
28.16,50.247,-10.158
28.21,50.248,-10.159
28.259,50.25,-10.161
28.309,50.251,-10.162
28.359,50.253,-10.164
28.409,50.255,-10.165
28.459,50.256,-10.167
28.509,50.258,-10.169
28.908,50.272,-10.183
28.958,50.274,-10.184
29.008,50.275,-10.186
29.058,50.277,-10.188
29.108,50.278,-10.189
29.158,50.28,-10.191
29.208,50.281,-10.192
29.258,50.283,-10.193
29.308,50.284,-10.195
29.358,50.285,-10.196
29.407,50.286,-10.197
29.457,50.287,-10.198
29.507,50.288,-10.198
29.507,29.557,-10.199,-10.198
29.601,50.289,-10.199
29.607,50.289,-10.199
29.607,29.657,-10.2,-10.199
29.694,50.29,-10.2
29.707,50.29,-10.2
29.739,50.286,-10.2
34.683,50.286,-10.2
34.717,50.287,-10.2
35.154,50.321,-10.2
35.158,50.322,-10.2
35.6,50.428,-10.2
35.604,50.43,-10.2
36.021,50.602,-10.2
36.024,50.604,-10.2
36.409,50.84,-10.2
36.414,50.843,-10.2
36.758,51.137,-10.2
36.761,51.14,-10.2
37.056,51.485,-10.2
37.059,51.489,-10.2
37.296,51.876,-10.2
37.298,51.88,-10.2
37.47,52.296,-10.2
37.472,52.301,-10.2
37.578,52.742,-10.2
37.579,52.746,-10.2
37.613,53.179,-10.2
37.614,53.213,-10.2
37.614,82.195,-10.2
37.617,82.229,-10.2
37.651,82.525,-10.2
37.651,82.53,-10.2
37.653,82.534,-10.2
37.759,82.839,-10.2
37.762,82.845,-10.2
37.765,82.85,-10.2
37.934,83.12,-10.2
37.937,83.125,-10.2
37.941,83.129,-10.2
38.17,83.358,-10.2
38.174,83.362,-10.2
38.179,83.365,-10.2
38.45,83.535,-10.2
38.454,83.538,-10.2
38.459,83.54,-10.2
38.764,83.647,-10.2
38.768,83.648,-10.2
38.773,83.649,-10.2
39.095,83.685,-10.2
39.129,83.686,-10.2
83.077,83.686,-10.2
83.111,83.685,-10.2
83.425,83.649,-10.2
83.429,83.649,-10.2
83.433,83.648,-10.2
83.45,83.642,-10.2
83.739,83.541,-10.2
83.743,83.539,-10.2
83.747,83.537,-10.2
83.756,83.532,-10.2
84.023,83.364,-10.2
84.027,83.361,-10.2
84.04,83.348,-10.2
84.255,83.133,-10.2
84.261,83.127,-10.2
84.263,83.124,-10.2
84.265,83.121,-10.2
84.434,82.851,-10.2
84.438,82.845,-10.2
84.439,82.842,-10.2
84.441,82.839,-10.2
84.547,82.534,-10.2
84.549,82.53,-10.2
84.549,82.525,-10.2
84.583,82.229,-10.2
84.586,82.195,-10.2
84.586,53.213,-10.2
84.587,53.179,-10.2
84.621,52.746,-10.2
84.622,52.742,-10.2
84.728,52.301,-10.2
84.73,52.296,-10.2
84.903,51.878,-10.2
84.904,51.875,-10.2
85.14,51.49,-10.2
85.143,51.486,-10.2
85.436,51.143,-10.2
85.44,51.138,-10.2
85.783,50.845,-10.2
85.788,50.842,-10.2
86.176,50.604,-10.2
86.178,50.603,-10.2
86.598,50.429,-10.2
86.601,50.428,-10.2
87.044,50.322,-10.2
87.048,50.321,-10.2
87.489,50.287,-10.2
87.523,50.286,-10.2
92.062,50.286,-10.2
92.066,50.286,-10.2
92.288,50.321,-10.2
92.292,50.322,-10.2
92.487,50.422,-10.2
92.491,50.425,-10.2
92.644,50.578,-10.2
92.647,50.582,-10.2
92.747,50.778,-10.2
92.748,50.783,-10.2
92.782,50.998,-10.2
92.782,51.003,-10.2
92.748,51.217,-10.2
92.748,51.221,-10.2
92.647,51.418,-10.2
92.644,51.422,-10.2
92.49,51.576,-10.2
92.486,51.579,-10.2
92.291,51.678,-10.2
92.286,51.679,-10.2
92.066,51.714,-10.2
92.053,51.714,-10.2
87.523,51.714,-10.2
87.489,51.715,-10.2
87.174,51.751,-10.2
87.169,51.752,-10.2
87.164,51.753,-10.2
86.858,51.86,-10.2
86.855,51.862,-10.2
86.851,51.864,-10.2
86.578,52.036,-10.2
86.575,52.037,-10.2
86.572,52.04,-10.2
86.553,52.059,-10.2
86.341,52.271,-10.2
86.338,52.275,-10.2
86.335,52.279,-10.2
86.165,52.549,-10.2
86.162,52.554,-10.2
86.16,52.559,-10.2
86.053,52.865,-10.2
86.052,52.869,-10.2
86.051,52.873,-10.2
86.017,53.179,-10.2
86.014,53.213,-10.2
86.014,82.195,-10.2
86.012,82.229,-10.2
85.979,82.653,-10.2
85.978,82.657,-10.2
85.872,83.098,-10.2
85.871,83.102,-10.2
85.697,83.522,-10.2
85.695,83.526,-10.2
85.458,83.912,-10.2
85.455,83.916,-10.2
85.163,84.258,-10.2
85.16,84.262,-10.2
84.815,84.556,-10.2
84.812,84.559,-10.2
84.426,84.795,-10.2
84.422,84.797,-10.2
84.002,84.971,-10.2
83.997,84.972,-10.2
83.556,85.078,-10.2
83.552,85.079,-10.2
83.111,85.113,-10.2
83.077,85.114,-10.2
39.129,85.114,-10.2
39.095,85.114,-10.2
38.645,85.079,-10.2
38.641,85.078,-10.2
38.2,84.972,-10.2
38.196,84.97,-10.2
37.779,84.798,-10.2
37.775,84.796,-10.2
37.39,84.559,-10.2
37.385,84.556,-10.2
37.041,84.262,-10.2
37.038,84.26,-10.2
36.759,83.933,-10.2
36.746,83.917,-10.2
36.742,83.913,-10.2
36.504,83.524,-10.2
36.503,83.521,-10.2
36.329,83.102,-10.2
36.328,83.098,-10.2
36.222,82.657,-10.2
36.221,82.653,-10.2
36.188,82.229,-10.2
36.186,82.195,-10.2
36.186,53.213,-10.2
36.183,53.179,-10.2
36.149,52.873,-10.2
36.149,52.871,-10.2
36.148,52.868,-10.2
36.146,52.863,-10.2
36.041,52.561,-10.2
36.04,52.558,-10.2
36.038,52.554,-10.2
36.034,52.548,-10.2
35.871,52.289,-10.2
35.863,52.276,-10.2
35.86,52.272,-10.2
35.857,52.269,-10.2
35.633,52.045,-10.2
35.626,52.039,-10.2
35.619,52.034,-10.2
35.362,51.872,-10.2
35.345,51.862,-10.2
35.341,51.86,-10.2
35.036,51.753,-10.2
35.033,51.752,-10.2
35.029,51.751,-10.2
35.023,51.751,-10.2
34.717,51.716,-10.2
34.683,51.714,-10.2
27.938,51.714,-10.2
27.934,51.714,-10.2
27.714,51.679,-10.2
27.709,51.678,-10.2
27.514,51.579,-10.2
27.51,51.576,-10.2
27.356,51.422,-10.2
27.353,51.418,-10.2
27.252,51.221,-10.2
27.252,51.217,-10.2
27.218,51.003,-10.2
27.218,50.998,-10.2
27.251,50.787,-10.2
27.252,50.783,-10.2
27.253,50.778,-10.2
27.353,50.582,-10.2
27.356,50.578,-10.2
27.509,50.425,-10.2
27.513,50.422,-10.2
27.668,50.343,-10.2
27.708,50.322,-10.2
27.712,50.321,-10.2
27.934,50.286,-10.2
27.947,50.286,-10.2
29.739,50.286,-10.2
29.789,50.29,-10.2
29.839,50.29,-10.2
29.889,50.291,-10.201
29.939,50.292,-10.201
29.989,50.293,-10.202
30.038,50.294,-10.203
30.088,50.295,-10.204
30.138,50.297,-10.205
30.188,50.298,-10.206
30.238,50.3,-10.207
30.288,50.302,-10.208
30.338,50.304,-10.21
30.388,50.307,-10.211
30.438,50.309,-10.213
30.488,50.311,-10.215
30.538,50.314,-10.216
30.588,50.316,-10.218
30.687,50.322,-10.221
30.987,50.337,-10.232
31.037,50.34,-10.234
31.087,50.342,-10.235
31.137,50.345,-10.237
31.186,50.347,-10.238
31.236,50.349,-10.24
31.286,50.352,-10.241
31.336,50.354,-10.243
31.386,50.355,-10.244
31.436,50.357,-10.245
31.486,50.359,-10.246
31.536,50.36,-10.247
31.586,50.361,-10.248
31.636,50.362,-10.249
31.686,50.363,-10.249
31.736,50.364,-10.25
31.785,50.364,-10.25
31.823,50.364,-10.25
31.835,50.364,-10.25
31.845,50.359,-10.25
34.683,50.359,-10.25
34.717,50.36,-10.25
35.142,50.394,-10.25
35.146,50.394,-10.25
35.577,50.498,-10.25
35.58,50.499,-10.25
35.987,50.667,-10.25
35.992,50.67,-10.25
36.367,50.9,-10.25
36.37,50.902,-10.25
36.706,51.188,-10.25
36.71,51.192,-10.25
36.997,51.528,-10.25
37,51.532,-10.25
37.231,51.91,-10.25
37.233,51.914,-10.25
37.402,52.322,-10.25
37.403,52.326,-10.25
37.506,52.755,-10.25
37.506,52.759,-10.25
37.539,53.179,-10.25
37.541,53.213,-10.25
37.541,82.195,-10.25
37.544,82.229,-10.25
37.552,82.33,-10.25
37.556,82.364,-10.25
37.572,82.504,-10.25
37.573,82.508,-10.25
37.607,82.636,-10.25
37.618,82.67,-10.25
37.653,82.771,-10.25
37.666,82.805,-10.25
37.713,82.907,-10.25
37.731,82.941,-10.25
37.805,83.06,-10.25
37.816,83.077,-10.25
37.892,83.184,-10.25
37.894,83.187,-10.25
37.896,83.19,-10.25
38.089,83.382,-10.25
38.111,83.405,-10.25
38.127,83.416,-10.25
38.224,83.484,-10.25
38.247,83.499,-10.25
38.348,83.563,-10.25
38.382,83.582,-10.25
38.484,83.629,-10.25
38.518,83.643,-10.25
38.646,83.688,-10.25
38.654,83.691,-10.25
38.688,83.7,-10.25
38.79,83.727,-10.25
38.794,83.728,-10.25
38.798,83.729,-10.25
38.925,83.743,-10.25
38.959,83.747,-10.25
39.095,83.759,-10.25
39.129,83.759,-10.25
83.077,83.759,-10.25
83.111,83.758,-10.25
83.213,83.749,-10.25
83.247,83.746,-10.25
83.399,83.729,-10.25
83.408,83.728,-10.25
83.518,83.698,-10.25
83.552,83.689,-10.25
83.688,83.641,-10.25
83.722,83.627,-10.25
83.824,83.579,-10.25
83.857,83.559,-10.25
83.959,83.495,-10.25
83.976,83.484,-10.25
84.084,83.409,-10.25
84.09,83.404,-10.25
84.299,83.195,-10.25
84.306,83.187,-10.25
84.312,83.179,-10.25
84.384,83.077,-10.25
84.4,83.051,-10.25
84.469,82.941,-10.25
84.487,82.907,-10.25
84.536,82.801,-10.25
84.547,82.771,-10.25
84.582,82.67,-10.25
84.593,82.636,-10.25
84.627,82.508,-10.25
84.628,82.504,-10.25
84.644,82.364,-10.25
84.648,82.33,-10.25
84.656,82.229,-10.25
84.659,82.195,-10.25
84.659,53.213,-10.25
84.661,53.179,-10.25
84.694,52.759,-10.25
84.694,52.755,-10.25
84.798,52.322,-10.25
84.799,52.318,-10.25
84.967,51.913,-10.25
84.969,51.909,-10.25
85.2,51.533,-10.25
85.203,51.529,-10.25
85.489,51.193,-10.25
85.492,51.19,-10.25
85.826,50.905,-10.25
85.83,50.901,-10.25
86.21,50.669,-10.25
86.213,50.667,-10.25
86.619,50.499,-10.25
86.623,50.498,-10.25
87.052,50.395,-10.25
87.056,50.394,-10.25
87.489,50.36,-10.25
87.523,50.359,-10.25
92.036,50.359,-10.25
92.07,50.359,-10.25
92.138,50.369,-10.25
92.172,50.374,-10.25
92.257,50.388,-10.25
92.261,50.389,-10.25
92.308,50.41,-10.25
92.342,50.426,-10.25
92.429,50.471,-10.25
92.433,50.473,-10.25
92.477,50.512,-10.25
92.499,50.532,-10.25
92.571,50.604,-10.25
92.574,50.607,-10.25
92.613,50.668,-10.25
92.631,50.701,-10.25
92.665,50.769,-10.25
92.667,50.773,-10.25
92.686,50.837,-10.25
92.693,50.871,-10.25
92.706,50.956,-10.25
92.707,50.96,-10.25
92.707,51.041,-10.25
92.706,51.045,-10.25
92.691,51.143,-10.25
92.682,51.176,-10.25
92.667,51.227,-10.25
92.665,51.232,-10.25
92.624,51.312,-10.25
92.613,51.332,-10.25
92.572,51.396,-10.25
92.569,51.399,-10.25
92.511,51.457,-10.25
92.485,51.482,-10.25
92.435,51.525,-10.25
92.431,51.528,-10.25
92.342,51.574,-10.25
92.321,51.584,-10.25
92.261,51.611,-10.25
92.257,51.612,-10.25
92.172,51.626,-10.25
92.138,51.631,-10.25
92.07,51.641,-10.25
92.036,51.641,-10.25
87.523,51.641,-10.25
87.489,51.642,-10.25
87.379,51.652,-10.25
87.353,51.654,-10.25
87.2,51.671,-10.25
87.192,51.672,-10.25
87.081,51.702,-10.25
87.048,51.712,-10.25
86.912,51.759,-10.25
86.878,51.774,-10.25
86.776,51.821,-10.25
86.742,51.841,-10.25
86.64,51.905,-10.25
86.614,51.923,-10.25
86.517,51.991,-10.25
86.511,51.996,-10.25
86.505,52.002,-10.25
86.301,52.205,-10.25
86.295,52.211,-10.25
86.291,52.217,-10.25
86.211,52.33,-10.25
86.199,52.35,-10.25
86.126,52.466,-10.25
86.11,52.5,-10.25
86.078,52.568,-10.25
86.063,52.6,-10.25
86.063,52.602,-10.25
86.015,52.738,-10.25
86.005,52.771,-10.25
85.973,52.89,-10.25
85.972,52.895,-10.25
85.971,52.899,-10.25
85.955,53.043,-10.25
85.952,53.077,-10.25
85.943,53.179,-10.25
85.941,53.213,-10.25
85.941,82.195,-10.25
85.939,82.229,-10.25
85.906,82.644,-10.25
85.905,82.648,-10.25
85.802,83.077,-10.25
85.801,83.08,-10.25
85.632,83.489,-10.25
85.63,83.492,-10.25
85.4,83.868,-10.25
85.397,83.872,-10.25
85.11,84.208,-10.25
85.106,84.212,-10.25
84.771,84.497,-10.25
84.769,84.499,-10.25
84.393,84.73,-10.25
84.389,84.732,-10.25
83.98,84.901,-10.25
83.976,84.902,-10.25
83.548,85.005,-10.25
83.544,85.006,-10.25
83.111,85.04,-10.25
83.077,85.041,-10.25
39.129,85.041,-10.25
39.095,85.041,-10.25
38.658,85.006,-10.25
38.654,85.006,-10.25
38.225,84.903,-10.25
38.221,84.902,-10.25
37.812,84.732,-10.25
37.809,84.73,-10.25
37.432,84.5,-10.25
37.428,84.497,-10.25
37.093,84.21,-10.25
37.089,84.207,-10.25
36.815,83.885,-10.25
36.802,83.87,-10.25
36.799,83.866,-10.25
36.57,83.492,-10.25
36.568,83.488,-10.25
36.399,83.081,-10.25
36.398,83.077,-10.25
36.295,82.648,-10.25
36.294,82.644,-10.25
36.261,82.229,-10.25
36.259,82.195,-10.25
36.259,53.213,-10.25
36.257,53.179,-10.25
36.248,53.077,-10.25
36.245,53.043,-10.25
36.229,52.899,-10.25
36.228,52.895,-10.25
36.227,52.89,-10.25
36.195,52.771,-10.25
36.185,52.738,-10.25
36.137,52.602,-10.25
36.122,52.568,-10.25
36.09,52.5,-10.25
36.075,52.467,-10.25
36.074,52.466,-10.25
36.007,52.359,-10.25
35.989,52.33,-10.25
35.917,52.229,-10.25
35.905,52.211,-10.25
35.888,52.195,-10.25
35.692,51.998,-10.25
35.688,51.994,-10.25
35.683,51.991,-10.25
35.586,51.923,-10.25
35.566,51.909,-10.25
35.464,51.845,-10.25
35.43,51.824,-10.25
35.328,51.776,-10.25
35.294,51.761,-10.25
35.158,51.714,-10.25
35.124,51.704,-10.25
35.023,51.676,-10.25
35.006,51.672,-10.25
34.989,51.67,-10.25
34.853,51.655,-10.25
34.819,51.651,-10.25
34.717,51.643,-10.25
34.683,51.641,-10.25
27.964,51.641,-10.25
27.93,51.641,-10.25
27.862,51.631,-10.25
27.828,51.626,-10.25
27.743,51.612,-10.25
27.739,51.611,-10.25
27.679,51.584,-10.25
27.658,51.574,-10.25
27.569,51.528,-10.25
27.565,51.525,-10.25
27.515,51.482,-10.25
27.489,51.457,-10.25
27.431,51.399,-10.25
27.428,51.396,-10.25
27.387,51.332,-10.25
27.376,51.312,-10.25
27.335,51.232,-10.25
27.333,51.227,-10.25
27.318,51.176,-10.25
27.309,51.143,-10.25
27.294,51.045,-10.25
27.293,51.041,-10.25
27.293,50.96,-10.25
27.294,50.956,-10.25
27.307,50.871,-10.25
27.314,50.837,-10.25
27.333,50.773,-10.25
27.335,50.769,-10.25
27.369,50.701,-10.25
27.387,50.668,-10.25
27.426,50.607,-10.25
27.429,50.604,-10.25
27.501,50.532,-10.25
27.523,50.512,-10.25
27.567,50.473,-10.25
27.571,50.471,-10.25
27.658,50.426,-10.25
27.692,50.41,-10.25
27.739,50.389,-10.25
27.743,50.388,-10.25
27.828,50.374,-10.25
27.862,50.369,-10.25
27.93,50.359,-10.25
27.964,50.359,-10.25
31.845,50.359,-10.25
31.853,50.362,-10.25
31.855,50.37,-10.25
31.834,50.529,-10.25
31.824,50.521,-10.251
31.827,50.508,-10.251
31.84,50.505,-10.252
31.848,50.516,-10.252
31.841,50.528,-10.253
31.828,50.527,-10.253
31.823,50.514,-10.254
31.833,50.505,-10.254
31.846,50.51,-10.255
31.846,50.523,-10.255
31.834,50.529,-10.256
31.823,50.521,-10.256
31.827,50.508,-10.257
31.84,50.505,-10.257
31.848,50.517,-10.258
31.841,50.528,-10.258
31.827,50.526,-10.259
31.823,50.513,-10.259
31.834,50.504,-10.26
31.846,50.51,-10.26
31.846,50.524,-10.261
31.833,50.529,-10.261
31.823,50.52,-10.262
31.827,50.507,-10.262
31.841,50.506,-10.263
31.848,50.517,-10.263
31.84,50.528,-10.264
31.827,50.526,-10.264
31.823,50.513,-10.265
31.834,50.504,-10.265
31.846,50.511,-10.266
31.846,50.524,-10.266
31.833,50.529,-10.267
31.823,50.52,-10.267
31.828,50.507,-10.268
31.841,50.506,-10.268
31.848,50.518,-10.269
31.84,50.529,-10.269
31.827,50.526,-10.27
31.824,50.512,-10.27
31.835,50.504,-10.271
31.846,50.511,-10.271
31.845,50.525,-10.272
31.832,50.529,-10.272
31.823,50.519,-10.273
31.828,50.507,-10.273
31.842,50.506,-10.274
31.848,50.518,-10.274
31.839,50.529,-10.275
31.826,50.525,-10.275
31.824,50.512,-10.276
31.835,50.504,-10.276
31.847,50.511,-10.277
31.845,50.525,-10.277
31.832,50.529,-10.278
31.823,50.519,-10.278
31.828,50.506,-10.279
31.842,50.506,-10.279
31.848,50.519,-10.28
31.839,50.529,-10.28
31.826,50.525,-10.281
31.824,50.512,-10.281
31.835,50.504,-10.282
31.847,50.512,-10.282
31.845,50.525,-10.283
31.832,50.529,-10.283
31.823,50.518,-10.284
31.829,50.506,-10.284
31.842,50.507,-10.285
31.848,50.519,-10.285
31.838,50.529,-10.286
31.826,50.525,-10.286
31.824,50.511,-10.287
31.836,50.504,-10.287
31.847,50.512,-10.288
31.844,50.526,-10.288
31.831,50.529,-10.289
31.823,50.518,-10.289
31.829,50.506,-10.29
31.843,50.507,-10.29
31.848,50.52,-10.291
31.838,50.529,-10.291
31.825,50.524,-10.292
31.824,50.511,-10.292
31.836,50.504,-10.293
31.847,50.513,-10.293
31.844,50.526,-10.294
31.831,50.528,-10.294
31.823,50.517,-10.295
31.83,50.506,-10.295
31.843,50.507,-10.296
31.847,50.52,-10.296
31.837,50.529,-10.297
31.825,50.524,-10.297
31.825,50.51,-10.298
31.837,50.504,-10.298
31.847,50.513,-10.299
31.844,50.526,-10.299
31.83,50.528,-10.3
31.823,50.517,-10.3
31.823,50.502,-10.3
31.829,50.486,-10.3
31.845,50.479,-10.3
34.683,50.479,-10.3
34.717,50.481,-10.3
34.955,50.499,-10.3
34.989,50.502,-10.3
35.124,50.514,-10.3
35.158,50.519,-10.3
35.396,50.577,-10.3
35.43,50.585,-10.3
35.566,50.622,-10.3
35.597,50.633,-10.3
35.803,50.719,-10.3
35.837,50.734,-10.3
35.973,50.797,-10.3
35.985,50.803,-10.3
36.206,50.939,-10.3
36.21,50.941,-10.3
36.352,51.041,-10.3
36.38,51.064,-10.3
36.551,51.21,-10.3
36.584,51.242,-10.3
36.654,51.312,-10.3
36.686,51.344,-10.3
36.855,51.542,-10.3
36.861,51.55,-10.3
36.957,51.687,-10.3
36.977,51.719,-10.3
37.093,51.908,-10.3
37.101,51.923,-10.3
37.164,52.059,-10.3
37.179,52.093,-10.3
37.264,52.296,-10.3
37.277,52.33,-10.3
37.313,52.466,-10.3
37.322,52.5,-10.3
37.38,52.738,-10.3
37.385,52.771,-10.3
37.398,52.917,-10.3
37.4,52.941,-10.3
37.419,53.179,-10.3
37.421,53.213,-10.3
37.421,82.195,-10.3
37.423,82.229,-10.3
37.435,82.364,-10.3
37.438,82.398,-10.3
37.448,82.5,-10.3
37.456,82.534,-10.3
37.493,82.67,-10.3
37.5,82.694,-10.3
37.523,82.771,-10.3
37.534,82.805,-10.3
37.602,82.95,-10.3
37.614,82.975,-10.3
37.669,83.077,-10.3
37.67,83.078,-10.3
37.764,83.213,-10.3
37.771,83.223,-10.3
37.846,83.314,-10.3
37.873,83.343,-10.3
37.975,83.445,-10.3
37.981,83.45,-10.3
38.077,83.529,-10.3
38.11,83.552,-10.3
38.213,83.624,-10.3
38.247,83.644,-10.3
38.329,83.688,-10.3
38.348,83.698,-10.3
38.484,83.761,-10.3
38.518,83.773,-10.3
38.62,83.804,-10.3
38.654,83.814,-10.3
38.79,83.85,-10.3
38.824,83.854,-10.3
38.925,83.864,-10.3
38.959,83.867,-10.3
39.095,83.879,-10.3
39.129,83.879,-10.3
83.077,83.879,-10.3
83.111,83.878,-10.3
83.247,83.867,-10.3
83.281,83.864,-10.3
83.382,83.853,-10.3
83.416,83.848,-10.3
83.552,83.812,-10.3
83.586,83.803,-10.3
83.688,83.772,-10.3
83.722,83.758,-10.3
83.857,83.695,-10.3
83.871,83.688,-10.3
83.959,83.641,-10.3
83.993,83.62,-10.3
84.095,83.549,-10.3
84.129,83.524,-10.3
84.219,83.45,-10.3
84.231,83.439,-10.3
84.333,83.337,-10.3
84.354,83.314,-10.3
84.409,83.247,-10.3
84.434,83.215,-10.3
84.508,83.111,-10.3
84.531,83.077,-10.3
84.586,82.975,-10.3
84.603,82.941,-10.3
84.666,82.805,-10.3
84.672,82.787,-10.3
84.706,82.675,-10.3
84.707,82.67,-10.3
84.744,82.534,-10.3
84.752,82.5,-10.3
84.762,82.398,-10.3
84.765,82.364,-10.3
84.777,82.229,-10.3
84.779,82.195,-10.3
84.779,53.213,-10.3
84.781,53.179,-10.3
84.8,52.941,-10.3
84.803,52.907,-10.3
84.815,52.771,-10.3
84.82,52.738,-10.3
84.878,52.5,-10.3
84.887,52.466,-10.3
84.923,52.33,-10.3
84.936,52.296,-10.3
85.021,52.093,-10.3
85.036,52.059,-10.3
85.099,51.923,-10.3
85.113,51.899,-10.3
85.223,51.719,-10.3
85.244,51.686,-10.3
85.339,51.55,-10.3
85.351,51.536,-10.3
85.512,51.346,-10.3
85.52,51.338,-10.3
85.622,51.236,-10.3
85.649,51.21,-10.3
85.826,51.059,-10.3
85.848,51.041,-10.3
85.962,50.961,-10.3
85.994,50.939,-10.3
86.215,50.803,-10.3
86.233,50.794,-10.3
86.369,50.731,-10.3
86.403,50.716,-10.3
86.606,50.632,-10.3
86.64,50.62,-10.3
86.776,50.584,-10.3
86.81,50.575,-10.3
87.048,50.518,-10.3
87.081,50.514,-10.3
87.217,50.502,-10.3
87.251,50.499,-10.3
87.489,50.48,-10.3
87.523,50.479,-10.3
92.036,50.479,-10.3
92.07,50.48,-10.3
92.138,50.489,-10.3
92.172,50.494,-10.3
92.206,50.501,-10.3
92.24,50.51,-10.3
92.308,50.541,-10.3
92.342,50.56,-10.3
92.376,50.583,-10.3
92.395,50.6,-10.3
92.443,50.641,-10.3
92.465,50.667,-10.3
92.488,50.701,-10.3
92.511,50.738,-10.3
92.532,50.769,-10.3
92.545,50.792,-10.3
92.568,50.871,-10.3
92.577,50.905,-10.3
92.584,50.939,-10.3
92.586,50.973,-10.3
92.586,51.041,-10.3
92.581,51.075,-10.3
92.574,51.109,-10.3
92.564,51.143,-10.3
92.545,51.21,-10.3
92.523,51.244,-10.3
92.501,51.278,-10.3
92.479,51.312,-10.3
92.456,51.346,-10.3
92.443,51.359,-10.3
92.379,51.414,-10.3
92.376,51.417,-10.3
92.329,51.448,-10.3
92.308,51.459,-10.3
92.24,51.49,-10.3
92.206,51.499,-10.3
92.172,51.506,-10.3
92.138,51.511,-10.3
92.07,51.52,-10.3
92.036,51.521,-10.3
87.523,51.521,-10.3
87.489,51.522,-10.3
87.353,51.533,-10.3
87.319,51.537,-10.3
87.217,51.547,-10.3
87.19,51.55,-10.3
87.048,51.588,-10.3
87.014,51.598,-10.3
86.912,51.628,-10.3
86.878,51.642,-10.3
86.742,51.705,-10.3
86.708,51.723,-10.3
86.64,51.76,-10.3
86.606,51.78,-10.3
86.499,51.855,-10.3
86.471,51.877,-10.3
86.403,51.932,-10.3
86.373,51.957,-10.3
86.267,52.063,-10.3
86.241,52.093,-10.3
86.185,52.161,-10.3
86.165,52.185,-10.3
86.087,52.296,-10.3
86.065,52.33,-10.3
86.011,52.432,-10.3
85.995,52.463,-10.3
85.947,52.568,-10.3
85.931,52.602,-10.3
85.894,52.727,-10.3
85.891,52.738,-10.3
85.854,52.873,-10.3
85.848,52.907,-10.3
85.838,53.009,-10.3
85.834,53.043,-10.3
85.822,53.179,-10.3
85.821,53.213,-10.3
85.821,82.195,-10.3
85.818,82.229,-10.3
85.8,82.466,-10.3
85.785,82.636,-10.3
85.778,82.67,-10.3
85.724,82.894,-10.3
85.721,82.907,-10.3
85.684,83.043,-10.3
85.675,83.077,-10.3
85.576,83.314,-10.3
85.561,83.348,-10.3
85.513,83.45,-10.3
85.497,83.484,-10.3
85.372,83.688,-10.3
85.351,83.722,-10.3
85.279,83.824,-10.3
85.255,83.857,-10.3
85.11,84.027,-10.3
85.081,84.061,-10.3
84.977,84.165,-10.3
84.943,84.196,-10.3
84.774,84.341,-10.3
84.742,84.367,-10.3
84.638,84.439,-10.3
84.604,84.463,-10.3
84.4,84.587,-10.3
84.37,84.604,-10.3
84.225,84.672,-10.3
84.197,84.684,-10.3
83.979,84.774,-10.3
83.959,84.78,-10.3
83.824,84.816,-10.3
83.79,84.825,-10.3
83.552,84.882,-10.3
83.518,84.886,-10.3
83.382,84.898,-10.3
83.348,84.901,-10.3
83.111,84.92,-10.3
83.077,84.921,-10.3
39.129,84.921,-10.3
39.095,84.92,-10.3
38.857,84.902,-10.3
38.824,84.899,-10.3
38.688,84.887,-10.3
38.654,84.883,-10.3
38.416,84.826,-10.3
38.382,84.818,-10.3
38.247,84.781,-10.3
38.221,84.774,-10.3
38.009,84.686,-10.3
37.975,84.672,-10.3
37.83,84.604,-10.3
37.805,84.591,-10.3
37.602,84.466,-10.3
37.568,84.443,-10.3
37.458,84.367,-10.3
37.432,84.346,-10.3
37.257,84.197,-10.3
37.229,84.171,-10.3
37.119,84.061,-10.3
37.093,84.031,-10.3
36.945,83.857,-10.3
36.923,83.827,-10.3
36.849,83.722,-10.3
36.828,83.688,-10.3
36.703,83.484,-10.3
36.687,83.45,-10.3
36.639,83.348,-10.3
36.624,83.314,-10.3
36.525,83.077,-10.3
36.516,83.043,-10.3
36.479,82.907,-10.3
36.471,82.873,-10.3
36.422,82.67,-10.3
36.415,82.636,-10.3
36.4,82.466,-10.3
36.38,82.209,-10.3
36.379,82.195,-10.3
36.379,53.213,-10.3
36.378,53.179,-10.3
36.366,53.043,-10.3
36.362,53.009,-10.3
36.352,52.907,-10.3
36.346,52.875,-10.3
36.309,52.738,-10.3
36.299,52.704,-10.3
36.269,52.602,-10.3
36.253,52.568,-10.3
36.206,52.466,-10.3
36.189,52.432,-10.3
36.135,52.33,-10.3
36.113,52.296,-10.3
36.041,52.194,-10.3
36.015,52.161,-10.3
35.959,52.093,-10.3
35.939,52.069,-10.3
35.827,51.957,-10.3
35.803,51.937,-10.3
35.735,51.881,-10.3
35.701,51.856,-10.3
35.6,51.784,-10.3
35.566,51.763,-10.3
35.464,51.708,-10.3
35.43,51.692,-10.3
35.328,51.645,-10.3
35.294,51.63,-10.3
35.192,51.599,-10.3
35.158,51.59,-10.3
35.01,51.55,-10.3
34.989,51.547,-10.3
34.887,51.537,-10.3
34.853,51.534,-10.3
34.717,51.522,-10.3
34.683,51.521,-10.3
27.964,51.521,-10.3
27.93,51.52,-10.3
27.862,51.511,-10.3
27.828,51.506,-10.3
27.794,51.499,-10.3
27.76,51.49,-10.3
27.692,51.459,-10.3
27.671,51.448,-10.3
27.624,51.417,-10.3
27.621,51.414,-10.3
27.557,51.359,-10.3
27.544,51.346,-10.3
27.521,51.312,-10.3
27.499,51.278,-10.3
27.477,51.244,-10.3
27.455,51.21,-10.3
27.436,51.143,-10.3
27.426,51.109,-10.3
27.419,51.075,-10.3
27.414,51.041,-10.3
27.414,50.973,-10.3
27.416,50.939,-10.3
27.421,50.917,-10.3
27.423,50.905,-10.3
27.432,50.871,-10.3
27.455,50.792,-10.3
27.468,50.769,-10.3
27.49,50.735,-10.3
27.512,50.701,-10.3
27.535,50.667,-10.3
27.557,50.641,-10.3
27.605,50.6,-10.3
27.624,50.583,-10.3
27.658,50.56,-10.3
27.692,50.541,-10.3
27.76,50.51,-10.3
27.794,50.501,-10.3
27.828,50.494,-10.3
27.862,50.489,-10.3
27.93,50.48,-10.3
27.964,50.479,-10.3
31.845,50.479,-10.3
31.853,50.483,-10.3
31.855,50.491,-10.3
31.839,50.604,-10.3
31.826,50.6,-10.301
31.824,50.587,-10.301
31.836,50.58,-10.302
31.847,50.587,-10.302
31.845,50.601,-10.303
31.832,50.604,-10.303
31.823,50.594,-10.304
31.829,50.582,-10.304
31.829,31.842,-10.305,-10.304
31.848,50.595,-10.305
31.838,50.604,-10.306
31.826,50.6,-10.306
31.824,50.587,-10.307
31.836,50.58,-10.307
31.847,50.588,-10.308
31.844,50.601,-10.308
31.831,50.604,-10.308
31.823,50.593,-10.309
31.829,50.581,-10.309
31.843,50.582,-10.31
31.848,50.595,-10.31
31.838,50.605,-10.311
31.825,50.6,-10.311
31.824,50.586,-10.312
31.836,50.58,-10.312
31.847,50.588,-10.313
31.844,50.601,-10.313
31.831,50.604,-10.314
31.823,50.593,-10.314
31.83,50.581,-10.315
31.843,50.583,-10.315
31.847,50.595,-10.316
31.837,50.605,-10.316
31.825,50.599,-10.317
31.825,50.586,-10.317
31.837,50.58,-10.318
31.847,50.589,-10.318
31.844,50.602,-10.319
31.83,50.604,-10.319
31.823,50.592,-10.32
31.823,50.577,-10.32
31.829,50.561,-10.32
31.845,50.555,-10.32
34.683,50.555,-10.32
34.717,50.556,-10.32
34.751,50.559,-10.32
34.785,50.562,-10.32
35.124,50.591,-10.32
35.158,50.595,-10.32
35.192,50.604,-10.32
35.226,50.612,-10.32
35.566,50.703,-10.32
35.6,50.713,-10.32
35.653,50.735,-10.32
35.667,50.742,-10.32
35.973,50.884,-10.32
36.007,50.901,-10.32
36.041,50.922,-10.32
36.068,50.939,-10.32
36.359,51.143,-10.32
36.38,51.158,-10.32
36.414,51.187,-10.32
36.44,51.21,-10.32
36.686,51.456,-10.32
36.709,51.482,-10.32
36.738,51.516,-10.32
36.753,51.535,-10.32
36.957,51.826,-10.32
36.976,51.855,-10.32
36.996,51.889,-10.32
37.014,51.923,-10.32
37.161,52.238,-10.32
37.171,52.262,-10.32
37.185,52.296,-10.32
37.195,52.324,-10.32
37.287,52.67,-10.32
37.296,52.704,-10.32
37.304,52.738,-10.32
37.308,52.771,-10.32
37.338,53.111,-10.32
37.341,53.145,-10.32
37.344,53.179,-10.32
37.345,53.213,-10.32
37.345,82.195,-10.32
37.348,82.229,-10.32
37.351,82.262,-10.32
37.378,82.534,-10.32
37.386,82.568,-10.32
37.396,82.602,-10.32
37.468,82.839,-10.32
37.48,82.873,-10.32
37.496,82.907,-10.32
37.623,83.145,-10.32
37.636,83.166,-10.32
37.645,83.179,-10.32
37.67,83.212,-10.32
37.839,83.419,-10.32
37.87,83.45,-10.32
37.873,83.453,-10.32
37.907,83.482,-10.32
38.077,83.621,-10.32
38.111,83.648,-10.32
38.119,83.654,-10.32
38.145,83.671,-10.32
38.382,83.798,-10.32
38.416,83.815,-10.32
38.435,83.824,-10.32
38.45,83.829,-10.32
38.688,83.901,-10.32
38.722,83.911,-10.32
38.756,83.92,-10.32
38.79,83.925,-10.32
39.027,83.948,-10.32
39.061,83.951,-10.32
39.095,83.954,-10.32
39.129,83.955,-10.32
83.077,83.955,-10.32
83.111,83.954,-10.32
83.145,83.951,-10.32
83.179,83.948,-10.32
83.416,83.924,-10.32
83.45,83.918,-10.32
83.484,83.909,-10.32
83.756,83.827,-10.32
83.765,83.824,-10.32
83.79,83.812,-10.32
83.824,83.795,-10.32
84.027,83.686,-10.32
84.061,83.668,-10.32
84.095,83.644,-10.32
84.125,83.62,-10.32
84.299,83.477,-10.32
84.33,83.45,-10.32
84.333,83.448,-10.32
84.363,83.416,-10.32
84.536,83.205,-10.32
84.555,83.179,-10.32
84.57,83.157,-10.32
84.704,82.907,-10.32
84.706,82.903,-10.32
84.72,82.873,-10.32
84.732,82.839,-10.32
84.808,82.59,-10.32
84.814,82.568,-10.32
84.822,82.534,-10.32
84.849,82.262,-10.32
84.852,82.229,-10.32
84.855,82.195,-10.32
84.855,53.213,-10.32
84.856,53.179,-10.32
84.859,53.145,-10.32
84.862,53.111,-10.32
84.892,52.771,-10.32
84.896,52.738,-10.32
84.91,52.683,-10.32
84.913,52.67,-10.32
85.004,52.33,-10.32
85.011,52.305,-10.32
85.029,52.262,-10.32
85.044,52.229,-10.32
85.186,51.923,-10.32
85.204,51.889,-10.32
85.224,51.855,-10.32
85.246,51.821,-10.32
85.452,51.527,-10.32
85.462,51.516,-10.32
85.491,51.482,-10.32
85.52,51.45,-10.32
85.76,51.21,-10.32
85.792,51.182,-10.32
85.826,51.153,-10.32
85.841,51.143,-10.32
86.132,50.939,-10.32
86.165,50.918,-10.32
86.199,50.897,-10.32
86.233,50.882,-10.32
86.538,50.739,-10.32
86.547,50.735,-10.32
86.606,50.711,-10.32
86.639,50.701,-10.32
86.946,50.619,-10.32
86.98,50.61,-10.32
87.048,50.594,-10.32
87.081,50.591,-10.32
87.421,50.561,-10.32
87.455,50.558,-10.32
87.489,50.556,-10.32
87.523,50.555,-10.32
92.036,50.555,-10.32
92.07,50.555,-10.32
92.104,50.56,-10.32
92.206,50.581,-10.32
92.24,50.59,-10.32
92.258,50.6,-10.32
92.36,50.667,-10.32
92.376,50.679,-10.32
92.395,50.701,-10.32
92.463,50.803,-10.32
92.477,50.825,-10.32
92.482,50.837,-10.32
92.49,50.871,-10.32
92.511,50.979,-10.32
92.513,51.007,-10.32
92.511,51.021,-10.32
92.487,51.143,-10.32
92.477,51.175,-10.32
92.477,51.176,-10.32
92.454,51.21,-10.32
92.409,51.278,-10.32
92.385,51.312,-10.32
92.376,51.321,-10.32
92.342,51.345,-10.32
92.274,51.39,-10.32
92.24,51.41,-10.32
92.231,51.414,-10.32
92.206,51.419,-10.32
92.104,51.44,-10.32
92.07,51.445,-10.32
92.036,51.445,-10.32
87.523,51.445,-10.32
87.489,51.446,-10.32
87.455,51.449,-10.32
87.421,51.452,-10.32
87.183,51.476,-10.32
87.149,51.482,-10.32
87.115,51.491,-10.32
86.844,51.573,-10.32
86.82,51.584,-10.32
86.81,51.588,-10.32
86.776,51.605,-10.32
86.563,51.719,-10.32
86.538,51.733,-10.32
86.505,51.757,-10.32
86.471,51.784,-10.32
86.301,51.923,-10.32
86.267,51.953,-10.32
86.263,51.957,-10.32
86.233,51.989,-10.32
86.063,52.196,-10.32
86.04,52.229,-10.32
86.029,52.244,-10.32
85.911,52.466,-10.32
85.894,52.498,-10.32
85.877,52.534,-10.32
85.866,52.568,-10.32
85.792,52.812,-10.32
85.784,52.839,-10.32
85.777,52.873,-10.32
85.75,53.145,-10.32
85.747,53.179,-10.32
85.745,53.213,-10.32
85.745,82.195,-10.32
85.743,82.229,-10.32
85.74,82.262,-10.32
85.737,82.296,-10.32
85.708,82.636,-10.32
85.702,82.67,-10.32
85.69,82.719,-10.32
85.685,82.738,-10.32
85.594,83.077,-10.32
85.588,83.096,-10.32
85.568,83.145,-10.32
85.554,83.176,-10.32
85.41,83.484,-10.32
85.392,83.518,-10.32
85.371,83.552,-10.32
85.351,83.583,-10.32
85.147,83.874,-10.32
85.103,83.925,-10.32
85.079,83.95,-10.32
84.832,84.197,-10.32
84.808,84.218,-10.32
84.774,84.247,-10.32
84.468,84.461,-10.32
84.457,84.468,-10.32
84.4,84.503,-10.32
84.061,84.661,-10.32
84.035,84.672,-10.32
83.993,84.689,-10.32
83.959,84.699,-10.32
83.654,84.781,-10.32
83.62,84.79,-10.32
83.552,84.806,-10.32
83.536,84.808,-10.32
83.179,84.839,-10.32
83.145,84.842,-10.32
83.111,84.844,-10.32
83.077,84.845,-10.32
39.129,84.845,-10.32
39.095,84.845,-10.32
39.027,84.839,-10.32
38.993,84.837,-10.32
38.654,84.807,-10.32
38.62,84.799,-10.32
38.586,84.791,-10.32
38.552,84.782,-10.32
38.213,84.692,-10.32
38.179,84.678,-10.32
38.145,84.664,-10.32
38.111,84.648,-10.32
37.805,84.506,-10.32
37.799,84.502,-10.32
37.738,84.465,-10.32
37.704,84.441,-10.32
37.432,84.251,-10.32
37.407,84.231,-10.32
37.398,84.223,-10.32
37.368,84.197,-10.32
37.127,83.956,-10.32
37.097,83.925,-10.32
37.059,83.881,-10.32
37.042,83.857,-10.32
36.851,83.586,-10.32
36.829,83.552,-10.32
36.808,83.518,-10.32
36.79,83.484,-10.32
36.647,83.179,-10.32
36.632,83.145,-10.32
36.618,83.11,-10.32
36.606,83.077,-10.32
36.515,82.738,-10.32
36.506,82.704,-10.32
36.498,82.67,-10.32
36.492,82.636,-10.32
36.463,82.296,-10.32
36.46,82.262,-10.32
36.457,82.229,-10.32
36.455,82.195,-10.32
36.455,53.213,-10.32
36.453,53.179,-10.32
36.45,53.145,-10.32
36.423,52.873,-10.32
36.416,52.839,-10.32
36.414,52.833,-10.32
36.406,52.805,-10.32
36.334,52.568,-10.32
36.323,52.534,-10.32
36.307,52.5,-10.32
36.289,52.466,-10.32
36.176,52.255,-10.32
36.16,52.229,-10.32
36.143,52.203,-10.32
36.136,52.195,-10.32
35.969,51.991,-10.32
35.939,51.959,-10.32
35.937,51.957,-10.32
35.905,51.928,-10.32
35.701,51.761,-10.32
35.691,51.753,-10.32
35.667,51.737,-10.32
35.637,51.719,-10.32
35.43,51.609,-10.32
35.396,51.591,-10.32
35.362,51.575,-10.32
35.328,51.565,-10.32
35.09,51.493,-10.32
35.057,51.483,-10.32
35.052,51.482,-10.32
35.023,51.476,-10.32
34.751,51.45,-10.32
34.717,51.447,-10.32
34.683,51.445,-10.32
27.964,51.445,-10.32
27.93,51.445,-10.32
27.896,51.44,-10.32
27.794,51.419,-10.32
27.769,51.414,-10.32
27.76,51.41,-10.32
27.726,51.39,-10.32
27.658,51.345,-10.32
27.624,51.321,-10.32
27.615,51.312,-10.32
27.591,51.278,-10.32
27.546,51.21,-10.32
27.523,51.176,-10.32
27.523,51.175,-10.32
27.513,51.143,-10.32
27.489,51.021,-10.32
27.487,51.007,-10.32
27.489,50.979,-10.32
27.51,50.871,-10.32
27.518,50.837,-10.32
27.523,50.825,-10.32
27.537,50.803,-10.32
27.605,50.701,-10.32
27.624,50.679,-10.32
27.64,50.667,-10.32
27.742,50.6,-10.32
27.76,50.59,-10.32
27.794,50.581,-10.32
27.896,50.56,-10.32
27.93,50.555,-10.32
27.964,50.555,-10.32
31.845,50.555,-10.32
31.853,50.558,-10.32
31.855,50.565,-10.32
31.846,50.795,-10.32
31.846,50.803,-10.317
31.846,50.805,-10.31
31.846,50.805,5
31.855,47.403,5
31.855,47.403,-8.991
31.855,47.403,-9.938
31.855,47.403,-10.04
31.855,47.406,-10.047
31.855,47.413,-10.05
31.855,47.504,-10.05
31.852,47.511,-10.05
31.845,47.514,-10.05
27.964,47.514,-10.05
27.93,47.514,-10.05
27.73,47.492,-10.05
27.726,47.491,-10.05
27.54,47.425,-10.05
27.535,47.424,-10.05
27.531,47.421,-10.05
27.363,47.316,-10.05
27.359,47.312,-10.05
27.217,47.17,-10.05
27.214,47.166,-10.05
27.111,47.002,-10.05
27.109,46.998,-10.05
27.107,46.994,-10.05
27.041,46.805,-10.05
27.04,46.802,-10.05
27.04,46.799,-10.05
27.018,46.604,-10.05
27.017,46.599,-10.05
27.04,46.4,-10.05
27.04,46.396,-10.05
27.042,46.391,-10.05
27.107,46.206,-10.05
27.108,46.203,-10.05
27.111,46.199,-10.05
27.215,46.032,-10.05
27.217,46.03,-10.05
27.359,45.887,-10.05
27.363,45.884,-10.05
27.528,45.781,-10.05
27.535,45.776,-10.05
27.539,45.775,-10.05
27.726,45.709,-10.05
27.73,45.708,-10.05
27.93,45.686,-10.05
27.964,45.686,-10.05
39.095,45.686,-10.05
39.129,45.688,-10.05
39.502,45.715,-10.05
39.536,45.717,-10.05
39.57,45.723,-10.05
39.943,45.804,-10.05
39.977,45.812,-10.05
39.985,45.814,-10.05
40.385,45.964,-10.05
40.419,45.981,-10.05
40.758,46.166,-10.05
40.792,46.186,-10.05
41.131,46.44,-10.05
41.153,46.459,-10.05
41.437,46.743,-10.05
41.457,46.765,-10.05
41.711,47.104,-10.05
41.732,47.138,-10.05
41.917,47.477,-10.05
41.935,47.511,-10.05
41.947,47.545,-10.05
42.087,47.919,-10.05
42.095,47.952,-10.05
42.176,48.326,-10.05
42.183,48.36,-10.05
42.183,48.366,-10.05
42.214,48.801,-10.05
42.214,77.783,-10.05
42.216,77.817,-10.05
42.246,78.08,-10.05
42.246,78.084,-10.05
42.247,78.088,-10.05
42.259,78.122,-10.05
42.341,78.355,-10.05
42.343,78.36,-10.05
42.364,78.394,-10.05
42.492,78.597,-10.05
42.495,78.601,-10.05
42.498,78.605,-10.05
42.694,78.801,-10.05
42.698,78.805,-10.05
42.702,78.808,-10.05
42.938,78.956,-10.05
42.943,78.959,-10.05
42.947,78.96,-10.05
43.21,79.052,-10.05
43.214,79.053,-10.05
43.218,79.054,-10.05
43.473,79.083,-10.05
43.507,79.086,-10.05
78.699,79.086,-10.05
78.733,79.082,-10.05
78.983,79.054,-10.05
78.988,79.053,-10.05
79.005,79.047,-10.05
79.255,78.96,-10.05
79.259,78.958,-10.05
79.276,78.947,-10.05
79.499,78.807,-10.05
79.503,78.804,-10.05
79.506,78.801,-10.05
79.703,78.604,-10.05
79.706,78.601,-10.05
79.708,78.597,-10.05
79.853,78.367,-10.05
79.857,78.36,-10.05
79.859,78.355,-10.05
79.941,78.122,-10.05
79.953,78.088,-10.05
79.954,78.085,-10.05
79.954,78.082,-10.05
79.984,77.817,-10.05
79.986,77.783,-10.05
79.986,48.835,-10.05
79.986,48.801,-10.05
80.015,48.394,-10.05
80.017,48.36,-10.05
80.023,48.333,-10.05
80.105,47.952,-10.05
80.113,47.919,-10.05
80.26,47.525,-10.05
80.265,47.511,-10.05
80.283,47.477,-10.05
80.468,47.138,-10.05
80.489,47.104,-10.05
80.743,46.765,-10.05
80.769,46.738,-10.05
81.048,46.459,-10.05
81.075,46.436,-10.05
81.406,46.188,-10.05
81.414,46.182,-10.05
81.448,46.163,-10.05
81.787,45.977,-10.05
81.821,45.961,-10.05
82.215,45.814,-10.05
82.229,45.811,-10.05
82.262,45.803,-10.05
82.636,45.722,-10.05
82.67,45.717,-10.05
83.077,45.687,-10.05
83.111,45.686,-10.05
92.036,45.686,-10.05
92.07,45.686,-10.05
92.27,45.708,-10.05
92.274,45.709,-10.05
92.461,45.775,-10.05
92.465,45.776,-10.05
92.472,45.781,-10.05
92.637,45.884,-10.05
92.641,45.887,-10.05
92.783,46.03,-10.05
92.785,46.032,-10.05
92.889,46.199,-10.05
92.892,46.203,-10.05
92.893,46.206,-10.05
92.958,46.391,-10.05
92.96,46.396,-10.05
92.96,46.4,-10.05
92.983,46.599,-10.05
92.982,46.604,-10.05
92.96,46.799,-10.05
92.96,46.802,-10.05
92.959,46.805,-10.05
92.893,46.994,-10.05
92.891,46.998,-10.05
92.889,47.002,-10.05
92.786,47.166,-10.05
92.783,47.17,-10.05
92.641,47.312,-10.05
92.637,47.316,-10.05
92.469,47.421,-10.05
92.465,47.424,-10.05
92.46,47.425,-10.05
92.274,47.491,-10.05
92.27,47.492,-10.05
92.07,47.514,-10.05
92.036,47.514,-10.05
83.111,47.514,-10.05
83.077,47.517,-10.05
82.824,47.545,-10.05
82.815,47.546,-10.05
82.805,47.549,-10.05
82.551,47.638,-10.05
82.542,47.642,-10.05
82.534,47.647,-10.05
82.302,47.793,-10.05
82.299,47.794,-10.05
82.296,47.797,-10.05
82.099,47.994,-10.05
82.095,47.998,-10.05
82.093,48.001,-10.05
81.953,48.224,-10.05
81.942,48.241,-10.05
81.94,48.245,-10.05
81.853,48.495,-10.05
81.847,48.512,-10.05
81.846,48.517,-10.05
81.818,48.767,-10.05
81.814,48.801,-10.05
81.814,77.783,-10.05
81.813,77.817,-10.05
81.784,78.224,-10.05
81.779,78.258,-10.05
81.691,78.665,-10.05
81.686,78.685,-10.05
81.541,79.072,-10.05
81.526,79.106,-10.05
81.341,79.446,-10.05
81.322,79.48,-10.05
81.312,79.494,-10.05
81.069,79.819,-10.05
81.041,79.853,-10.05
80.769,80.124,-10.05
80.735,80.157,-10.05
80.396,80.411,-10.05
80.366,80.43,-10.05
80.023,80.617,-10.05
79.992,80.633,-10.05
79.989,80.635,-10.05
79.955,80.647,-10.05
79.581,80.787,-10.05
79.548,80.795,-10.05
79.174,80.876,-10.05
79.14,80.883,-10.05
79.106,80.885,-10.05
78.699,80.914,-10.05
43.507,80.914,-10.05
43.473,80.912,-10.05
43.066,80.883,-10.05
43.032,80.877,-10.05
42.658,80.796,-10.05
42.624,80.788,-10.05
42.59,80.776,-10.05
42.217,80.637,-10.05
42.208,80.633,-10.05
42.183,80.62,-10.05
41.834,80.43,-10.05
41.81,80.415,-10.05
41.467,80.158,-10.05
41.437,80.13,-10.05
41.16,79.853,-10.05
41.131,79.819,-10.05
40.894,79.502,-10.05
40.878,79.48,-10.05
40.859,79.446,-10.05
40.674,79.106,-10.05
40.659,79.072,-10.05
40.52,78.699,-10.05
40.509,78.665,-10.05
40.419,78.249,-10.05
40.416,78.224,-10.05
40.387,77.817,-10.05
40.386,77.783,-10.05
40.386,48.801,-10.05
40.385,48.789,-10.05
40.354,48.517,-10.05
40.354,48.514,-10.05
40.353,48.511,-10.05
40.264,48.258,-10.05
40.258,48.242,-10.05
40.249,48.227,-10.05
40.113,48.011,-10.05
40.105,47.999,-10.05
40.093,47.986,-10.05
39.91,47.802,-10.05
39.903,47.796,-10.05
39.899,47.793,-10.05
39.667,47.647,-10.05
39.66,47.643,-10.05
39.656,47.641,-10.05
39.652,47.64,-10.05
39.4,47.551,-10.05
39.388,47.547,-10.05
39.385,47.546,-10.05
39.382,47.546,-10.05
39.129,47.517,-10.05
39.095,47.514,-10.05
31.845,47.514,-10.05
31.795,47.507,-10.05
31.746,47.506,-10.05
31.746,31.696,-10.051,-10.05
31.646,47.505,-10.051
31.596,47.504,-10.052
31.546,47.503,-10.053
31.496,47.501,-10.054
31.446,47.5,-10.055
31.396,47.498,-10.056
31.346,47.496,-10.057
31.296,47.494,-10.058
31.246,47.492,-10.06
31.196,47.49,-10.061
31.147,47.487,-10.063
31.097,47.485,-10.065
31.047,47.483,-10.066
30.997,47.48,-10.068
30.897,47.475,-10.071
30.598,47.459,-10.082
30.548,47.457,-10.084
30.498,47.454,-10.085
30.448,47.452,-10.087
30.398,47.449,-10.088
30.348,47.447,-10.09
30.298,47.445,-10.091
30.248,47.443,-10.093
30.198,47.441,-10.094
30.148,47.439,-10.095
30.098,47.438,-10.096
30.048,47.436,-10.097
29.999,47.435,-10.098
29.949,47.434,-10.099
29.899,47.433,-10.099
29.899,29.849,-10.1,-10.099
29.799,47.432,-10.1
29.762,47.432,-10.1
29.749,47.432,-10.1
29.739,47.44,-10.1
27.964,47.44,-10.1
27.93,47.439,-10.1
27.862,47.432,-10.1
27.828,47.427,-10.1
27.71,47.409,-10.1
27.707,47.408,-10.1
27.62,47.378,-10.1
27.616,47.376,-10.1
27.523,47.328,-10.1
27.489,47.309,-10.1
27.424,47.268,-10.1
27.421,47.265,-10.1
27.266,47.11,-10.1
27.263,47.107,-10.1
27.217,47.034,-10.1
27.2,47.002,-10.1
27.155,46.913,-10.1
27.153,46.909,-10.1
27.123,46.824,-10.1
27.123,46.82,-10.1
27.103,46.697,-10.1
27.099,46.663,-10.1
27.092,46.604,-10.1
27.092,46.599,-10.1
27.1,46.527,-10.1
27.105,46.493,-10.1
27.115,46.426,-10.1
27.123,46.379,-10.1
27.124,46.374,-10.1
27.154,46.29,-10.1
27.156,46.285,-10.1
27.205,46.188,-10.1
27.217,46.166,-10.1
27.263,46.092,-10.1
27.266,46.089,-10.1
27.421,45.935,-10.1
27.424,45.932,-10.1
27.489,45.891,-10.1
27.503,45.882,-10.1
27.616,45.825,-10.1
27.62,45.823,-10.1
27.705,45.793,-10.1
27.709,45.792,-10.1
27.828,45.773,-10.1
27.862,45.768,-10.1
27.93,45.761,-10.1
27.964,45.76,-10.1
39.095,45.76,-10.1
39.129,45.763,-10.1
39.299,45.775,-10.1
39.333,45.777,-10.1
39.536,45.793,-10.1
39.57,45.798,-10.1
39.74,45.835,-10.1
39.774,45.843,-10.1
39.977,45.892,-10.1
40.011,45.901,-10.1
40.181,45.965,-10.1
40.215,45.978,-10.1
40.419,46.063,-10.1
40.452,46.08,-10.1
40.588,46.155,-10.1
40.622,46.174,-10.1
40.81,46.29,-10.1
40.826,46.3,-10.1
40.962,46.402,-10.1
40.992,46.425,-10.1
41.165,46.573,-10.1
41.188,46.595,-10.1
41.301,46.708,-10.1
41.323,46.731,-10.1
41.471,46.903,-10.1
41.495,46.934,-10.1
41.597,47.07,-10.1
41.606,47.083,-10.1
41.723,47.274,-10.1
41.742,47.306,-10.1
41.817,47.443,-10.1
41.836,47.477,-10.1
41.92,47.681,-10.1
41.934,47.715,-10.1
41.997,47.885,-10.1
42.007,47.919,-10.1
42.056,48.122,-10.1
42.064,48.156,-10.1
42.101,48.326,-10.1
42.106,48.36,-10.1
42.122,48.563,-10.1
42.125,48.597,-10.1
42.139,48.801,-10.1
42.14,77.783,-10.1
42.141,77.817,-10.1
42.173,78.097,-10.1
42.173,78.101,-10.1
42.174,78.105,-10.1
42.272,78.385,-10.1
42.274,78.389,-10.1
42.276,78.394,-10.1
42.425,78.631,-10.1
42.436,78.648,-10.1
42.453,78.665,-10.1
42.65,78.862,-10.1
42.654,78.865,-10.1
42.904,79.023,-10.1
42.909,79.025,-10.1
42.913,79.027,-10.1
43.193,79.125,-10.1
43.197,79.126,-10.1
43.201,79.127,-10.1
43.473,79.158,-10.1
43.507,79.16,-10.1
78.699,79.16,-10.1
78.733,79.157,-10.1
79,79.127,-10.1
79.005,79.126,-10.1
79.038,79.114,-10.1
79.285,79.028,-10.1
79.289,79.026,-10.1
79.293,79.024,-10.1
79.54,78.869,-10.1
79.548,78.864,-10.1
79.577,78.835,-10.1
79.759,78.654,-10.1
79.762,78.65,-10.1
79.765,78.646,-10.1
79.924,78.394,-10.1
79.926,78.389,-10.1
79.928,78.385,-10.1
80.025,78.108,-10.1
80.026,78.104,-10.1
80.027,78.101,-10.1
80.028,78.088,-10.1
80.059,77.817,-10.1
80.06,77.783,-10.1
80.061,48.801,-10.1
80.075,48.597,-10.1
80.08,48.529,-10.1
80.094,48.36,-10.1
80.099,48.326,-10.1
80.136,48.156,-10.1
80.144,48.122,-10.1
80.193,47.919,-10.1
80.203,47.885,-10.1
80.266,47.715,-10.1
80.28,47.681,-10.1
80.364,47.477,-10.1
80.383,47.443,-10.1
80.457,47.308,-10.1
80.464,47.295,-10.1
80.581,47.104,-10.1
80.6,47.075,-10.1
80.705,46.934,-10.1
80.732,46.9,-10.1
80.877,46.731,-10.1
80.905,46.702,-10.1
81.012,46.595,-10.1
81.041,46.568,-10.1
81.21,46.423,-10.1
81.244,46.397,-10.1
81.38,46.296,-10.1
81.39,46.29,-10.1
81.584,46.171,-10.1
81.613,46.154,-10.1
81.753,46.077,-10.1
81.787,46.06,-10.1
81.991,45.976,-10.1
82.025,45.963,-10.1
82.195,45.899,-10.1
82.229,45.89,-10.1
82.432,45.841,-10.1
82.466,45.834,-10.1
82.636,45.797,-10.1
82.67,45.793,-10.1
82.873,45.777,-10.1
82.907,45.774,-10.1
83.077,45.762,-10.1
83.111,45.76,-10.1
92.036,45.76,-10.1
92.07,45.761,-10.1
92.138,45.768,-10.1
92.172,45.773,-10.1
92.291,45.792,-10.1
92.295,45.793,-10.1
92.38,45.823,-10.1
92.384,45.825,-10.1
92.497,45.882,-10.1
92.551,45.916,-10.1
92.576,45.932,-10.1
92.579,45.935,-10.1
92.734,46.089,-10.1
92.737,46.092,-10.1
92.783,46.166,-10.1
92.795,46.188,-10.1
92.844,46.285,-10.1
92.846,46.29,-10.1
92.876,46.374,-10.1
92.877,46.379,-10.1
92.895,46.493,-10.1
92.9,46.527,-10.1
92.908,46.599,-10.1
92.908,46.604,-10.1
92.901,46.663,-10.1
92.897,46.697,-10.1
92.877,46.82,-10.1
92.877,46.824,-10.1
92.847,46.909,-10.1
92.845,46.913,-10.1
92.8,47.002,-10.1
92.783,47.034,-10.1
92.737,47.107,-10.1
92.734,47.11,-10.1
92.579,47.265,-10.1
92.576,47.268,-10.1
92.511,47.309,-10.1
92.477,47.328,-10.1
92.384,47.376,-10.1
92.38,47.378,-10.1
92.293,47.408,-10.1
92.29,47.409,-10.1
92.172,47.427,-10.1
92.138,47.432,-10.1
92.07,47.439,-10.1
92.036,47.44,-10.1
83.111,47.44,-10.1
83.077,47.442,-10.1
82.801,47.473,-10.1
82.796,47.474,-10.1
82.786,47.477,-10.1
82.518,47.571,-10.1
82.51,47.574,-10.1
82.501,47.579,-10.1
82.257,47.733,-10.1
82.254,47.735,-10.1
82.251,47.737,-10.1
82.239,47.749,-10.1
82.059,47.929,-10.1
82.036,47.952,-10.1
82.025,47.97,-10.1
81.876,48.207,-10.1
81.874,48.211,-10.1
81.872,48.215,-10.1
81.786,48.462,-10.1
81.774,48.495,-10.1
81.773,48.5,-10.1
81.743,48.767,-10.1
81.74,48.801,-10.1
81.74,77.783,-10.1
81.738,77.817,-10.1
81.726,77.986,-10.1
81.724,78.02,-10.1
81.708,78.224,-10.1
81.704,78.258,-10.1
81.668,78.428,-10.1
81.66,78.462,-10.1
81.603,78.699,-10.1
81.59,78.733,-10.1
81.54,78.869,-10.1
81.527,78.903,-10.1
81.442,79.106,-10.1
81.426,79.14,-10.1
81.346,79.287,-10.1
81.333,79.31,-10.1
81.208,79.514,-10.1
81.184,79.548,-10.1
81.082,79.683,-10.1
80.937,79.853,-10.1
80.906,79.887,-10.1
80.803,79.99,-10.1
80.77,80.023,-10.1
80.6,80.168,-10.1
80.57,80.192,-10.1
80.43,80.297,-10.1
80.396,80.319,-10.1
80.216,80.43,-10.1
80.192,80.443,-10.1
80.03,80.532,-10.1
80.023,80.536,-10.1
79.819,80.62,-10.1
79.786,80.633,-10.1
79.604,80.701,-10.1
79.581,80.707,-10.1
79.378,80.756,-10.1
79.344,80.764,-10.1
79.164,80.803,-10.1
79.14,80.806,-10.1
78.937,80.822,-10.1
78.903,80.825,-10.1
78.699,80.84,-10.1
43.507,80.84,-10.1
43.473,80.837,-10.1
43.303,80.825,-10.1
43.269,80.823,-10.1
43.066,80.807,-10.1
43.036,80.803,-10.1
42.862,80.765,-10.1
42.828,80.758,-10.1
42.624,80.709,-10.1
42.596,80.701,-10.1
42.414,80.633,-10.1
42.387,80.622,-10.1
42.183,80.538,-10.1
42.17,80.532,-10.1
42.014,80.446,-10.1
41.984,80.43,-10.1
41.81,80.323,-10.1
41.776,80.301,-10.1
41.63,80.192,-10.1
41.606,80.173,-10.1
41.43,80.023,-10.1
41.403,79.996,-10.1
41.294,79.887,-10.1
41.267,79.858,-10.1
41.118,79.683,-10.1
40.995,79.52,-10.1
40.992,79.514,-10.1
40.867,79.31,-10.1
40.86,79.298,-10.1
40.774,79.14,-10.1
40.758,79.107,-10.1
40.673,78.903,-10.1
40.66,78.869,-10.1
40.61,78.733,-10.1
40.597,78.699,-10.1
40.54,78.462,-10.1
40.532,78.428,-10.1
40.496,78.258,-10.1
40.492,78.224,-10.1
40.476,78.02,-10.1
40.474,77.986,-10.1
40.462,77.817,-10.1
40.46,77.783,-10.1
40.46,48.801,-10.1
40.457,48.767,-10.1
40.427,48.5,-10.1
40.426,48.495,-10.1
40.419,48.474,-10.1
40.331,48.224,-10.1
40.326,48.209,-10.1
40.317,48.195,-10.1
40.181,47.979,-10.1
40.164,47.952,-10.1
40.147,47.935,-10.1
39.952,47.74,-10.1
39.948,47.736,-10.1
39.943,47.733,-10.1
39.699,47.579,-10.1
39.692,47.575,-10.1
39.689,47.573,-10.1
39.685,47.572,-10.1
39.407,47.475,-10.1
39.404,47.474,-10.1
39.4,47.473,-10.1
39.136,47.443,-10.1
39.129,47.443,-10.1
39.095,47.44,-10.1
31.845,47.44,-10.1
29.739,47.44,-10.1
29.689,47.432,-10.1
29.639,47.432,-10.1
29.589,47.431,-10.101
29.539,47.43,-10.101
29.489,47.429,-10.102
29.44,47.428,-10.103
29.39,47.426,-10.104
29.34,47.425,-10.105
29.29,47.423,-10.106
29.24,47.421,-10.107
29.19,47.419,-10.108
29.14,47.417,-10.11
29.09,47.415,-10.111
29.04,47.413,-10.113
28.99,47.41,-10.115
28.94,47.408,-10.116
28.891,47.405,-10.118
28.791,47.4,-10.121
28.491,47.384,-10.132
28.441,47.382,-10.134
28.391,47.379,-10.135
28.341,47.377,-10.137
28.292,47.374,-10.138
28.242,47.372,-10.14
28.192,47.37,-10.141
28.142,47.368,-10.143
28.092,47.367,-10.144
28.042,47.366,-10.145
27.992,47.364,-10.146
27.936,47.363,-10.147
27.93,47.363,-10.147
27.918,47.36,-10.148
27.893,47.356,-10.148
27.844,47.348,-10.149
27.795,47.339,-10.149
27.746,47.331,-10.15
27.709,47.325,-10.15
27.697,47.323,-10.15
27.692,47.321,-10.15
27.675,47.312,-10.15
27.653,47.301,-10.15
27.642,47.301,-10.15
27.484,47.22,-10.15
27.481,47.219,-10.15
27.314,47.052,-10.15
27.312,47.049,-10.15
27.205,46.84,-10.15
27.204,46.836,-10.15
27.167,46.604,-10.15
27.166,46.599,-10.15
27.203,46.366,-10.15
27.204,46.362,-10.15
27.312,46.151,-10.15
27.314,46.149,-10.15
27.481,45.982,-10.15
27.483,45.98,-10.15
27.692,45.873,-10.15
27.697,45.872,-10.15
27.934,45.834,-10.15
39.095,45.834,-10.15
39.129,45.837,-10.15
39.562,45.871,-10.15
39.566,45.871,-10.15
40.015,45.979,-10.15
40.019,45.981,-10.15
40.445,46.157,-10.15
40.449,46.159,-10.15
40.84,46.399,-10.15
40.844,46.401,-10.15
41.194,46.701,-10.15
41.199,46.705,-10.15
41.497,47.054,-10.15
41.5,47.058,-10.15
41.742,47.453,-10.15
41.743,47.456,-10.15
41.92,47.882,-10.15
41.921,47.885,-10.15
42.029,48.334,-10.15
42.029,48.339,-10.15
42.066,48.801,-10.15
42.066,48.835,-10.15
42.066,77.783,-10.15
42.067,77.817,-10.15
42.101,78.114,-10.15
42.101,78.118,-10.15
42.103,78.122,-10.15
42.206,78.419,-10.15
42.208,78.423,-10.15
42.211,78.428,-10.15
42.376,78.691,-10.15
42.379,78.695,-10.15
42.383,78.699,-10.15
42.603,78.919,-10.15
42.607,78.923,-10.15
42.63,78.937,-10.15
42.875,79.091,-10.15
42.879,79.093,-10.15
42.896,79.099,-10.15
43.176,79.197,-10.15
43.18,79.198,-10.15
43.184,79.199,-10.15
43.473,79.231,-10.15
43.507,79.234,-10.15
78.699,79.234,-10.15
78.733,79.231,-10.15
79.013,79.199,-10.15
79.017,79.199,-10.15
79.021,79.198,-10.15
79.038,79.192,-10.15
79.318,79.094,-10.15
79.323,79.092,-10.15
79.327,79.09,-10.15
79.589,78.925,-10.15
79.593,78.922,-10.15
79.597,78.919,-10.15
79.819,78.697,-10.15
79.822,78.693,-10.15
79.825,78.689,-10.15
79.989,78.428,-10.15
79.992,78.423,-10.15
79.994,78.419,-10.15
80.097,78.122,-10.15
80.099,78.118,-10.15
80.099,78.114,-10.15
80.133,77.817,-10.15
80.134,77.783,-10.15
80.134,48.835,-10.15
80.134,48.801,-10.15
80.171,48.339,-10.15
80.171,48.334,-10.15
80.279,47.885,-10.15
80.281,47.88,-10.15
80.457,47.456,-10.15
80.459,47.452,-10.15
80.699,47.06,-10.15
80.701,47.056,-10.15
81.002,46.704,-10.15
81.007,46.7,-10.15
81.356,46.402,-10.15
81.359,46.399,-10.15
81.753,46.158,-10.15
81.758,46.156,-10.15
82.183,45.98,-10.15
82.189,45.978,-10.15
82.636,45.871,-10.15
82.64,45.871,-10.15
83.077,45.836,-10.15
83.111,45.834,-10.15
92.066,45.834,-10.15
92.303,45.872,-10.15
92.308,45.873,-10.15
92.517,45.98,-10.15
92.519,45.982,-10.15
92.686,46.149,-10.15
92.688,46.151,-10.15
92.796,46.362,-10.15
92.797,46.366,-10.15
92.834,46.599,-10.15
92.833,46.604,-10.15
92.796,46.836,-10.15
92.795,46.84,-10.15
92.688,47.049,-10.15
92.686,47.052,-10.15
92.519,47.219,-10.15
92.516,47.22,-10.15
92.308,47.327,-10.15
92.303,47.328,-10.15
92.066,47.366,-10.15
83.111,47.366,-10.15
83.077,47.368,-10.15
82.784,47.401,-10.15
82.78,47.402,-10.15
82.771,47.405,-10.15
82.486,47.505,-10.15
82.479,47.507,-10.15
82.475,47.509,-10.15
82.466,47.515,-10.15
82.209,47.676,-10.15
82.206,47.678,-10.15
82.203,47.681,-10.15
81.991,47.893,-10.15
81.979,47.906,-10.15
81.97,47.919,-10.15
81.81,48.173,-10.15
81.808,48.177,-10.15
81.806,48.182,-10.15
81.708,48.462,-10.15
81.702,48.479,-10.15
81.701,48.483,-10.15
81.701,48.487,-10.15
81.669,48.767,-10.15
81.666,48.801,-10.15
81.666,77.783,-10.15
81.664,77.817,-10.15
81.629,78.262,-10.15
81.629,78.266,-10.15
81.521,78.713,-10.15
81.52,78.717,-10.15
81.343,79.145,-10.15
81.341,79.149,-10.15
81.1,79.543,-10.15
81.096,79.548,-10.15
80.799,79.894,-10.15
80.795,79.899,-10.15
80.443,80.199,-10.15
80.441,80.201,-10.15
80.048,80.441,-10.15
80.044,80.443,-10.15
79.62,80.619,-10.15
79.615,80.621,-10.15
79.166,80.729,-10.15
79.161,80.729,-10.15
78.699,80.766,-10.15
78.665,80.766,-10.15
43.507,80.766,-10.15
43.473,80.764,-10.15
43.04,80.729,-10.15
43.036,80.729,-10.15
42.586,80.621,-10.15
42.582,80.62,-10.15
42.158,80.444,-10.15
42.154,80.442,-10.15
41.759,80.201,-10.15
41.756,80.198,-10.15
41.406,79.9,-10.15
41.403,79.897,-10.15
41.104,79.548,-10.15
41.1,79.543,-10.15
40.86,79.15,-10.15
40.857,79.145,-10.15
40.681,78.72,-10.15
40.679,78.716,-10.15
40.571,78.266,-10.15
40.571,78.262,-10.15
40.536,77.817,-10.15
40.534,77.783,-10.15
40.534,48.801,-10.15
40.531,48.767,-10.15
40.499,48.487,-10.15
40.499,48.483,-10.15
40.498,48.479,-10.15
40.492,48.462,-10.15
40.397,48.19,-10.15
40.392,48.178,-10.15
40.385,48.165,-10.15
40.224,47.909,-10.15
40.22,47.904,-10.15
40.215,47.899,-10.15
39.997,47.681,-10.15
39.992,47.677,-10.15
39.987,47.674,-10.15
39.728,47.511,-10.15
39.723,47.508,-10.15
39.717,47.506,-10.15
39.426,47.404,-10.15
39.422,47.402,-10.15
39.417,47.401,-10.15
39.4,47.399,-10.15
39.129,47.369,-10.15
39.095,47.366,-10.15
29.739,47.366,-10.15
27.934,47.366,-10.15
27.697,47.328,-10.15
27.692,47.327,-10.15
27.642,47.301,-10.15
27.6,47.274,-10.15
27.556,47.251,-10.15
27.511,47.228,-10.151
27.49,47.217,-10.151
27.483,47.212,-10.151
27.472,47.201,-10.151
27.461,47.189,-10.151
27.426,47.154,-10.152
27.391,47.118,-10.153
27.357,47.082,-10.154
27.324,47.048,-10.155
27.319,47.042,-10.155
27.316,47.035,-10.155
27.294,46.99,-10.157
27.273,46.944,-10.158
27.251,46.899,-10.159
27.224,46.841,-10.161
27.22,46.834,-10.161
27.219,46.826,-10.162
27.215,46.796,-10.163
27.209,46.747,-10.164
27.202,46.697,-10.166
27.193,46.619,-10.169
27.191,46.604,-10.169
27.191,46.597,-10.169
27.221,46.442,-10.175
27.233,46.38,-10.177
27.235,46.373,-10.177
27.252,46.342,-10.179
27.3,46.255,-10.182
27.324,46.211,-10.184
27.343,46.176,-10.185
27.348,46.171,-10.185
27.353,46.167,-10.186
27.389,46.132,-10.187
27.425,46.098,-10.189
27.462,46.064,-10.19
27.507,46.021,-10.192
27.513,46.017,-10.192
27.542,46.004,-10.193
27.587,45.982,-10.194
27.632,45.96,-10.195
27.699,45.928,-10.197
27.71,45.922,-10.197
27.716,45.921,-10.197
27.722,45.92,-10.197
27.772,45.913,-10.198
27.821,45.906,-10.199
27.87,45.899,-10.199
27.907,45.893,-10.2
27.926,45.89,-10.2
27.932,45.89,-10.2
27.938,45.889,-10.2
27.963,45.89,-10.2
27.969,45.89,-10.2
28.008,45.886,-10.2
39.095,45.886,-10.2
39.129,45.888,-10.2
39.553,45.921,-10.2
39.557,45.922,-10.2
39.999,46.028,-10.2
40.003,46.029,-10.2
40.423,46.203,-10.2
40.427,46.206,-10.2
40.809,46.44,-10.2
40.813,46.442,-10.2
41.158,46.737,-10.2
41.162,46.741,-10.2
41.454,47.083,-10.2
41.458,47.087,-10.2
41.694,47.473,-10.2
41.697,47.477,-10.2
41.871,47.897,-10.2
41.872,47.902,-10.2
41.978,48.343,-10.2
41.979,48.347,-10.2
42.014,48.801,-10.2
42.014,48.835,-10.2
42.014,77.783,-10.2
42.016,77.817,-10.2
42.051,78.122,-10.2
42.052,78.131,-10.2
42.054,78.139,-10.2
42.155,78.428,-10.2
42.162,78.445,-10.2
42.172,78.462,-10.2
42.332,78.716,-10.2
42.337,78.725,-10.2
42.341,78.729,-10.2
42.557,78.945,-10.2
42.572,78.96,-10.2
42.576,78.963,-10.2
42.58,78.966,-10.2
42.852,79.137,-10.2
42.856,79.139,-10.2
42.86,79.14,-10.2
43.151,79.242,-10.2
43.167,79.248,-10.2
43.172,79.249,-10.2
43.176,79.249,-10.2
43.473,79.283,-10.2
43.507,79.286,-10.2
78.699,79.286,-10.2
78.733,79.282,-10.2
79.021,79.25,-10.2
79.03,79.248,-10.2
79.034,79.247,-10.2
79.34,79.14,-10.2
79.344,79.139,-10.2
79.348,79.136,-10.2
79.615,78.969,-10.2
79.624,78.963,-10.2
79.628,78.96,-10.2
79.632,78.956,-10.2
79.859,78.729,-10.2
79.863,78.725,-10.2
79.868,78.716,-10.2
80.028,78.462,-10.2
80.038,78.445,-10.2
80.045,78.428,-10.2
80.146,78.139,-10.2
80.148,78.131,-10.2
80.149,78.122,-10.2
80.184,77.817,-10.2
80.186,77.783,-10.2
80.186,48.835,-10.2
80.186,48.801,-10.2
80.221,48.347,-10.2
80.222,48.343,-10.2
80.328,47.901,-10.2
80.33,47.897,-10.2
80.503,47.477,-10.2
80.506,47.473,-10.2
80.742,47.088,-10.2
80.745,47.084,-10.2
81.037,46.741,-10.2
81.041,46.738,-10.2
81.384,46.445,-10.2
81.389,46.441,-10.2
81.775,46.205,-10.2
81.779,46.203,-10.2
82.199,46.029,-10.2
82.203,46.027,-10.2
82.64,45.923,-10.2
82.644,45.922,-10.2
83.077,45.887,-10.2
83.111,45.886,-10.2
92.062,45.886,-10.2
92.066,45.886,-10.2
92.286,45.921,-10.2
92.291,45.922,-10.2
92.488,46.022,-10.2
92.492,46.026,-10.2
92.644,46.178,-10.2
92.647,46.182,-10.2
92.746,46.376,-10.2
92.748,46.38,-10.2
92.782,46.599,-10.2
92.782,46.604,-10.2
92.748,46.818,-10.2
92.747,46.823,-10.2
92.647,47.018,-10.2
92.643,47.023,-10.2
92.49,47.176,-10.2
92.486,47.179,-10.2
92.29,47.279,-10.2
92.287,47.279,-10.2
92.066,47.314,-10.2
92.053,47.314,-10.2
83.111,47.314,-10.2
83.077,47.317,-10.2
82.805,47.347,-10.2
82.771,47.351,-10.2
82.767,47.352,-10.2
82.763,47.354,-10.2
82.466,47.458,-10.2
82.458,47.461,-10.2
82.453,47.463,-10.2
82.449,47.465,-10.2
82.18,47.635,-10.2
82.176,47.637,-10.2
82.172,47.64,-10.2
82.165,47.647,-10.2
81.942,47.87,-10.2
81.939,47.873,-10.2
81.936,47.877,-10.2
81.764,48.152,-10.2
81.761,48.156,-10.2
81.753,48.178,-10.2
81.653,48.466,-10.2
81.652,48.47,-10.2
81.649,48.495,-10.2
81.618,48.769,-10.2
81.614,48.801,-10.2
81.614,77.783,-10.2
81.613,77.817,-10.2
81.579,78.254,-10.2
81.578,78.258,-10.2
81.472,78.699,-10.2
81.471,78.703,-10.2
81.298,79.119,-10.2
81.297,79.123,-10.2
81.06,79.51,-10.2
81.057,79.514,-10.2
80.764,79.857,-10.2
80.759,79.862,-10.2
80.416,80.155,-10.2
80.412,80.158,-10.2
80.024,80.396,-10.2
80.023,80.397,-10.2
79.603,80.571,-10.2
79.598,80.572,-10.2
79.157,80.678,-10.2
79.153,80.679,-10.2
78.699,80.714,-10.2
78.665,80.714,-10.2
43.507,80.714,-10.2
43.473,80.712,-10.2
43.044,80.678,-10.2
43.04,80.677,-10.2
42.603,80.573,-10.2
42.599,80.571,-10.2
42.179,80.398,-10.2
42.176,80.396,-10.2
41.788,80.158,-10.2
41.785,80.156,-10.2
41.441,79.862,-10.2
41.437,79.858,-10.2
41.143,79.514,-10.2
41.14,79.509,-10.2
40.903,79.123,-10.2
40.902,79.119,-10.2
40.729,78.703,-10.2
40.728,78.699,-10.2
40.622,78.258,-10.2
40.621,78.254,-10.2
40.587,77.817,-10.2
40.586,77.783,-10.2
40.586,48.801,-10.2
40.582,48.767,-10.2
40.55,48.479,-10.2
40.548,48.47,-10.2
40.547,48.466,-10.2
40.451,48.19,-10.2
40.439,48.156,-10.2
40.437,48.152,-10.2
40.265,47.879,-10.2
40.263,47.876,-10.2
40.261,47.873,-10.2
40.249,47.861,-10.2
40.029,47.641,-10.2
40.026,47.638,-10.2
40.023,47.636,-10.2
39.747,47.463,-10.2
39.744,47.461,-10.2
39.74,47.46,-10.2
39.434,47.353,-10.2
39.43,47.352,-10.2
39.426,47.351,-10.2
39.129,47.317,-10.2
39.095,47.314,-10.2
27.938,47.314,-10.2
27.934,47.314,-10.2
27.713,47.279,-10.2
27.71,47.279,-10.2
27.514,47.179,-10.2
27.51,47.176,-10.2
27.357,47.023,-10.2
27.353,47.018,-10.2
27.253,46.823,-10.2
27.252,46.818,-10.2
27.218,46.604,-10.2
27.218,46.599,-10.2
27.251,46.387,-10.2
27.252,46.38,-10.2
27.254,46.376,-10.2
27.353,46.182,-10.2
27.356,46.178,-10.2
27.508,46.026,-10.2
27.512,46.022,-10.2
27.709,45.922,-10.2
27.714,45.921,-10.2
27.934,45.886,-10.2
27.947,45.886,-10.2
28.008,45.886,-10.2
28.058,45.89,-10.2
28.108,45.89,-10.2
28.158,45.891,-10.201
28.208,45.892,-10.201
28.258,45.893,-10.202
28.307,45.894,-10.203
28.357,45.895,-10.204
28.407,45.897,-10.205
28.457,45.898,-10.206
28.507,45.9,-10.207
28.557,45.902,-10.208
28.607,45.904,-10.21
28.657,45.907,-10.211
28.707,45.909,-10.213
28.757,45.911,-10.215
28.807,45.914,-10.216
28.856,45.916,-10.218
28.956,45.922,-10.221
29.256,45.937,-10.232
29.306,45.94,-10.234
29.356,45.942,-10.235
29.406,45.945,-10.237
29.455,45.947,-10.238
29.505,45.949,-10.24
29.555,45.952,-10.241
29.605,45.954,-10.243
29.655,45.955,-10.244
29.705,45.957,-10.245
29.755,45.959,-10.246
29.805,45.96,-10.247
29.855,45.961,-10.248
29.905,45.962,-10.249
29.955,45.963,-10.249
30.004,45.964,-10.25
30.054,45.964,-10.25
30.092,45.964,-10.25
30.104,45.964,-10.25
30.114,45.959,-10.25
39.095,45.959,-10.25
39.129,45.961,-10.25
39.54,45.994,-10.25
39.545,45.994,-10.25
39.977,46.098,-10.25
39.982,46.1,-10.25
40.389,46.268,-10.25
40.393,46.271,-10.25
40.766,46.499,-10.25
40.771,46.502,-10.25
41.106,46.789,-10.25
41.111,46.794,-10.25
41.397,47.129,-10.25
41.4,47.133,-10.25
41.629,47.507,-10.25
41.632,47.511,-10.25
41.801,47.919,-10.25
41.802,47.923,-10.25
41.906,48.355,-10.25
41.906,48.36,-10.25
41.941,48.801,-10.25
41.941,48.903,-10.25
41.941,77.783,-10.25
41.942,77.817,-10.25
41.951,77.919,-10.25
41.955,77.952,-10.25
41.97,78.088,-10.25
41.972,78.105,-10.25
41.976,78.122,-10.25
42.003,78.224,-10.25
42.013,78.258,-10.25
42.061,78.394,-10.25
42.076,78.428,-10.25
42.124,78.529,-10.25
42.145,78.563,-10.25
42.209,78.665,-10.25
42.217,78.678,-10.25
42.285,78.775,-10.25
42.294,78.788,-10.25
42.307,78.801,-10.25
42.489,78.982,-10.25
42.511,79.005,-10.25
42.523,79.013,-10.25
42.624,79.084,-10.25
42.658,79.106,-10.25
42.767,79.174,-10.25
42.794,79.187,-10.25
42.896,79.235,-10.25
42.915,79.242,-10.25
43.032,79.283,-10.25
43.066,79.294,-10.25
43.184,79.326,-10.25
43.193,79.328,-10.25
43.201,79.329,-10.25
43.337,79.344,-10.25
43.371,79.348,-10.25
43.473,79.357,-10.25
43.507,79.359,-10.25
78.699,79.359,-10.25
78.733,79.356,-10.25
78.835,79.347,-10.25
78.866,79.344,-10.25
78.971,79.332,-10.25
79.005,79.328,-10.25
79.038,79.319,-10.25
79.14,79.292,-10.25
79.174,79.281,-10.25
79.285,79.242,-10.25
79.31,79.232,-10.25
79.412,79.185,-10.25
79.433,79.174,-10.25
79.548,79.103,-10.25
79.581,79.08,-10.25
79.683,79.009,-10.25
79.689,79.005,-10.25
79.723,78.971,-10.25
79.901,78.792,-10.25
79.905,78.788,-10.25
79.909,78.784,-10.25
79.989,78.67,-10.25
79.991,78.665,-10.25
80.057,78.562,-10.25
80.076,78.529,-10.25
80.124,78.426,-10.25
80.139,78.394,-10.25
80.187,78.258,-10.25
80.192,78.24,-10.25
80.226,78.113,-10.25
80.228,78.107,-10.25
80.229,78.101,-10.25
80.245,77.952,-10.25
80.249,77.919,-10.25
80.257,77.817,-10.25
80.259,77.783,-10.25
80.259,48.835,-10.25
80.259,48.801,-10.25
80.294,48.36,-10.25
80.294,48.355,-10.25
80.397,47.925,-10.25
80.398,47.922,-10.25
80.568,47.511,-10.25
80.571,47.507,-10.25
80.8,47.133,-10.25
80.803,47.128,-10.25
81.09,46.792,-10.25
81.093,46.789,-10.25
81.429,46.503,-10.25
81.433,46.5,-10.25
81.809,46.27,-10.25
81.813,46.268,-10.25
82.22,46.099,-10.25
82.224,46.097,-10.25
82.653,45.995,-10.25
82.657,45.994,-10.25
83.077,45.961,-10.25
83.111,45.959,-10.25
92.036,45.959,-10.25
92.07,45.959,-10.25
92.138,45.969,-10.25
92.172,45.974,-10.25
92.257,45.988,-10.25
92.261,45.989,-10.25
92.325,46.018,-10.25
92.342,46.026,-10.25
92.431,46.072,-10.25
92.435,46.075,-10.25
92.487,46.12,-10.25
92.511,46.143,-10.25
92.569,46.202,-10.25
92.573,46.205,-10.25
92.613,46.268,-10.25
92.625,46.29,-10.25
92.666,46.37,-10.25
92.667,46.374,-10.25
92.682,46.425,-10.25
92.691,46.459,-10.25
92.706,46.557,-10.25
92.707,46.561,-10.25
92.707,46.637,-10.25
92.707,46.642,-10.25
92.692,46.731,-10.25
92.685,46.765,-10.25
92.666,46.828,-10.25
92.664,46.833,-10.25
92.63,46.9,-10.25
92.613,46.932,-10.25
92.574,46.993,-10.25
92.57,46.998,-10.25
92.498,47.07,-10.25
92.477,47.088,-10.25
92.435,47.125,-10.25
92.432,47.128,-10.25
92.342,47.174,-10.25
92.308,47.19,-10.25
92.26,47.211,-10.25
92.256,47.212,-10.25
92.172,47.226,-10.25
92.138,47.231,-10.25
92.07,47.241,-10.25
92.036,47.241,-10.25
83.111,47.241,-10.25
83.077,47.243,-10.25
82.975,47.252,-10.25
82.941,47.255,-10.25
82.796,47.272,-10.25
82.787,47.274,-10.25
82.66,47.308,-10.25
82.636,47.316,-10.25
82.534,47.351,-10.25
82.5,47.363,-10.25
82.466,47.379,-10.25
82.398,47.411,-10.25
82.364,47.427,-10.25
82.262,47.491,-10.25
82.23,47.511,-10.25
82.114,47.593,-10.25
82.11,47.596,-10.25
81.898,47.808,-10.25
81.894,47.813,-10.25
81.891,47.817,-10.25
81.82,47.919,-10.25
81.797,47.952,-10.25
81.733,48.054,-10.25
81.719,48.079,-10.25
81.668,48.19,-10.25
81.655,48.224,-10.25
81.618,48.33,-10.25
81.608,48.36,-10.25
81.581,48.462,-10.25
81.572,48.495,-10.25
81.56,48.597,-10.25
81.556,48.631,-10.25
81.553,48.665,-10.25
81.544,48.767,-10.25
81.541,48.801,-10.25
81.541,77.783,-10.25
81.54,77.817,-10.25
81.506,78.241,-10.25
81.506,78.245,-10.25
81.402,78.678,-10.25
81.232,79.089,-10.25
81.229,79.094,-10.25
81,79.468,-10.25
80.998,79.471,-10.25
80.71,79.808,-10.25
80.706,79.812,-10.25
80.371,80.098,-10.25
80.366,80.101,-10.25
79.992,80.33,-10.25
79.989,80.332,-10.25
79.581,80.501,-10.25
79.577,80.502,-10.25
79.148,80.605,-10.25
79.144,80.606,-10.25
78.699,80.641,-10.25
78.597,80.641,-10.25
43.507,80.641,-10.25
43.473,80.639,-10.25
43.057,80.606,-10.25
43.053,80.605,-10.25
42.624,80.503,-10.25
42.621,80.502,-10.25
42.211,80.332,-10.25
42.208,80.33,-10.25
41.832,80.1,-10.25
41.829,80.098,-10.25
41.494,79.811,-10.25
41.489,79.807,-10.25
41.204,79.473,-10.25
41.201,79.469,-10.25
40.971,79.094,-10.25
40.968,79.09,-10.25
40.798,78.678,-10.25
40.694,78.245,-10.25
40.694,78.241,-10.25
40.66,77.817,-10.25
40.659,77.783,-10.25
40.659,48.801,-10.25
40.656,48.767,-10.25
40.647,48.665,-10.25
40.644,48.631,-10.25
40.632,48.529,-10.25
40.628,48.495,-10.25
40.622,48.472,-10.25
40.592,48.36,-10.25
40.588,48.347,-10.25
40.545,48.224,-10.25
40.532,48.19,-10.25
40.485,48.088,-10.25
40.467,48.054,-10.25
40.403,47.952,-10.25
40.385,47.925,-10.25
40.307,47.813,-10.25
40.304,47.81,-10.25
40.09,47.596,-10.25
40.086,47.593,-10.25
39.97,47.511,-10.25
39.943,47.495,-10.25
39.842,47.431,-10.25
39.808,47.413,-10.25
39.706,47.366,-10.25
39.672,47.353,-10.25
39.57,47.318,-10.25
39.54,47.308,-10.25
39.413,47.274,-10.25
39.407,47.272,-10.25
39.4,47.271,-10.25
39.265,47.256,-10.25
39.231,47.252,-10.25
39.129,47.244,-10.25
39.095,47.241,-10.25
27.964,47.241,-10.25
27.93,47.241,-10.25
27.862,47.231,-10.25
27.828,47.226,-10.25
27.744,47.212,-10.25
27.74,47.211,-10.25
27.692,47.19,-10.25
27.658,47.174,-10.25
27.568,47.128,-10.25
27.565,47.125,-10.25
27.523,47.088,-10.25
27.502,47.07,-10.25
27.43,46.998,-10.25
27.426,46.993,-10.25
27.387,46.932,-10.25
27.37,46.9,-10.25
27.336,46.833,-10.25
27.334,46.828,-10.25
27.315,46.765,-10.25
27.308,46.731,-10.25
27.293,46.642,-10.25
27.293,46.637,-10.25
27.293,46.561,-10.25
27.294,46.557,-10.25
27.309,46.459,-10.25
27.318,46.425,-10.25
27.333,46.374,-10.25
27.334,46.37,-10.25
27.375,46.29,-10.25
27.387,46.268,-10.25
27.427,46.205,-10.25
27.431,46.202,-10.25
27.489,46.143,-10.25
27.513,46.12,-10.25
27.565,46.075,-10.25
27.569,46.072,-10.25
27.658,46.026,-10.25
27.675,46.018,-10.25
27.739,45.989,-10.25
27.743,45.988,-10.25
27.828,45.974,-10.25
27.862,45.969,-10.25
27.93,45.959,-10.25
27.964,45.959,-10.25
30.114,45.959,-10.25
30.122,45.962,-10.25
30.124,45.97,-10.25
30.103,46.129,-10.25
30.093,46.121,-10.251
30.096,46.108,-10.251
30.109,46.105,-10.252
30.117,46.116,-10.252
30.11,46.128,-10.253
30.097,46.127,-10.253
30.092,46.114,-10.254
30.102,46.105,-10.254
30.115,46.11,-10.255
30.115,46.123,-10.255
30.103,46.129,-10.256
30.092,46.121,-10.256
30.096,46.108,-10.257
30.109,46.105,-10.257
30.117,46.117,-10.258
30.11,46.128,-10.258
30.096,46.126,-10.259
30.092,46.113,-10.259
30.103,46.105,-10.26
30.115,46.11,-10.26
30.115,46.124,-10.261
30.102,46.129,-10.261
30.092,46.12,-10.262
30.096,46.107,-10.262
30.11,46.106,-10.263
30.117,46.117,-10.263
30.109,46.128,-10.264
30.096,46.126,-10.264
30.092,46.113,-10.265
30.103,46.104,-10.265
30.115,46.111,-10.266
30.114,46.124,-10.266
30.102,46.129,-10.267
30.092,46.12,-10.267
30.097,46.107,-10.268
30.11,46.106,-10.268
30.117,46.118,-10.269
30.109,46.129,-10.269
30.095,46.126,-10.27
30.093,46.112,-10.27
30.103,46.104,-10.271
30.115,46.111,-10.271
30.114,46.125,-10.272
30.101,46.129,-10.272
30.092,46.119,-10.273
30.097,46.107,-10.273
30.111,46.106,-10.274
30.117,46.118,-10.274
30.108,46.129,-10.275
30.095,46.125,-10.275
30.093,46.112,-10.276
30.104,46.104,-10.276
30.116,46.111,-10.277
30.114,46.125,-10.277
30.101,46.129,-10.278
30.092,46.119,-10.278
30.097,46.106,-10.279
30.111,46.106,-10.279
30.117,46.119,-10.28
30.108,46.129,-10.28
30.095,46.125,-10.281
30.093,46.112,-10.281
30.104,46.104,-10.282
30.116,46.112,-10.282
30.114,46.125,-10.283
30.1,46.129,-10.283
30.092,46.118,-10.284
30.098,46.106,-10.284
30.111,46.107,-10.285
30.117,46.119,-10.285
30.107,46.129,-10.286
30.094,46.125,-10.286
30.093,46.111,-10.287
30.105,46.104,-10.287
30.116,46.112,-10.288
30.113,46.126,-10.288
30.1,46.129,-10.289
30.092,46.118,-10.289
30.098,46.106,-10.29
30.112,46.107,-10.29
30.116,46.12,-10.291
30.107,46.129,-10.291
30.094,46.124,-10.292
30.093,46.111,-10.292
30.105,46.104,-10.293
30.116,46.113,-10.293
30.113,46.126,-10.294
30.1,46.128,-10.294
30.092,46.117,-10.295
30.099,46.106,-10.295
30.112,46.107,-10.296
30.116,46.12,-10.296
30.106,46.129,-10.297
30.094,46.124,-10.297
30.094,46.11,-10.298
30.106,46.104,-10.298
30.116,46.113,-10.299
30.113,46.126,-10.299
30.099,46.128,-10.3
30.092,46.117,-10.3
30.092,46.102,-10.3
30.098,46.086,-10.3
30.114,46.079,-10.3
39.095,46.079,-10.3
39.129,46.082,-10.3
39.367,46.1,-10.3
39.536,46.115,-10.3
39.56,46.12,-10.3
39.774,46.171,-10.3
39.808,46.179,-10.3
39.965,46.222,-10.3
39.977,46.225,-10.3
40.215,46.324,-10.3
40.249,46.339,-10.3
40.361,46.391,-10.3
40.385,46.403,-10.3
40.588,46.528,-10.3
40.622,46.55,-10.3
40.735,46.629,-10.3
40.758,46.645,-10.3
40.938,46.799,-10.3
40.962,46.819,-10.3
41.076,46.934,-10.3
41.097,46.958,-10.3
41.251,47.138,-10.3
41.267,47.159,-10.3
41.348,47.274,-10.3
41.369,47.306,-10.3
41.495,47.511,-10.3
41.505,47.531,-10.3
41.572,47.676,-10.3
41.575,47.681,-10.3
41.674,47.922,-10.3
41.683,47.952,-10.3
41.719,48.088,-10.3
41.728,48.122,-10.3
41.777,48.326,-10.3
41.784,48.36,-10.3
41.799,48.529,-10.3
41.802,48.563,-10.3
41.818,48.767,-10.3
41.821,48.801,-10.3
41.821,77.783,-10.3
41.822,77.817,-10.3
41.834,77.952,-10.3
41.837,77.986,-10.3
41.847,78.088,-10.3
41.853,78.122,-10.3
41.889,78.258,-10.3
41.899,78.292,-10.3
41.93,78.394,-10.3
41.945,78.428,-10.3
41.992,78.529,-10.3
42.008,78.563,-10.3
42.063,78.665,-10.3
42.081,78.695,-10.3
42.155,78.801,-10.3
42.181,78.835,-10.3
42.251,78.92,-10.3
42.267,78.937,-10.3
42.369,79.038,-10.3
42.387,79.055,-10.3
42.455,79.11,-10.3
42.489,79.137,-10.3
42.59,79.209,-10.3
42.624,79.232,-10.3
42.726,79.286,-10.3
42.76,79.303,-10.3
42.896,79.366,-10.3
42.93,79.377,-10.3
42.998,79.398,-10.3
43.032,79.408,-10.3
43.173,79.446,-10.3
43.201,79.452,-10.3
43.303,79.462,-10.3
43.337,79.465,-10.3
43.473,79.477,-10.3
43.507,79.479,-10.3
78.699,79.479,-10.3
78.733,79.477,-10.3
78.869,79.465,-10.3
78.903,79.461,-10.3
79.005,79.451,-10.3
79.027,79.446,-10.3
79.153,79.412,-10.3
79.174,79.406,-10.3
79.276,79.375,-10.3
79.31,79.364,-10.3
79.446,79.3,-10.3
79.48,79.283,-10.3
79.556,79.242,-10.3
79.581,79.228,-10.3
79.717,79.133,-10.3
79.751,79.106,-10.3
79.819,79.05,-10.3
79.831,79.038,-10.3
79.933,78.937,-10.3
79.955,78.913,-10.3
80.023,78.83,-10.3
80.045,78.801,-10.3
80.124,78.687,-10.3
80.137,78.665,-10.3
80.192,78.563,-10.3
80.208,78.529,-10.3
80.26,78.418,-10.3
80.27,78.394,-10.3
80.301,78.292,-10.3
80.311,78.258,-10.3
80.347,78.122,-10.3
80.353,78.088,-10.3
80.363,77.986,-10.3
80.366,77.952,-10.3
80.378,77.817,-10.3
80.379,77.783,-10.3
80.379,48.801,-10.3
80.382,48.767,-10.3
80.398,48.563,-10.3
80.401,48.529,-10.3
80.416,48.36,-10.3
80.423,48.326,-10.3
80.472,48.122,-10.3
80.481,48.088,-10.3
80.517,47.952,-10.3
80.527,47.919,-10.3
80.625,47.681,-10.3
80.633,47.664,-10.3
80.689,47.545,-10.3
80.701,47.518,-10.3
80.837,47.297,-10.3
80.852,47.274,-10.3
80.939,47.15,-10.3
80.949,47.138,-10.3
81.109,46.951,-10.3
81.124,46.934,-10.3
81.225,46.833,-10.3
81.244,46.814,-10.3
81.421,46.663,-10.3
81.448,46.641,-10.3
81.584,46.546,-10.3
81.613,46.527,-10.3
81.787,46.42,-10.3
81.821,46.4,-10.3
81.957,46.337,-10.3
81.986,46.324,-10.3
82.195,46.237,-10.3
82.229,46.223,-10.3
82.364,46.187,-10.3
82.398,46.178,-10.3
82.64,46.12,-10.3
82.67,46.115,-10.3
82.805,46.103,-10.3
82.839,46.1,-10.3
83.077,46.081,-10.3
83.111,46.079,-10.3
92.036,46.079,-10.3
92.07,46.08,-10.3
92.138,46.089,-10.3
92.172,46.094,-10.3
92.206,46.101,-10.3
92.24,46.11,-10.3
92.308,46.141,-10.3
92.332,46.154,-10.3
92.376,46.183,-10.3
92.382,46.188,-10.3
92.443,46.241,-10.3
92.457,46.256,-10.3
92.48,46.29,-10.3
92.502,46.324,-10.3
92.524,46.357,-10.3
92.545,46.391,-10.3
92.565,46.459,-10.3
92.574,46.493,-10.3
92.581,46.527,-10.3
92.586,46.561,-10.3
92.586,46.629,-10.3
92.583,46.663,-10.3
92.576,46.697,-10.3
92.568,46.731,-10.3
92.545,46.808,-10.3
92.53,46.833,-10.3
92.509,46.867,-10.3
92.487,46.9,-10.3
92.464,46.934,-10.3
92.443,46.959,-10.3
92.393,47.002,-10.3
92.376,47.017,-10.3
92.342,47.04,-10.3
92.308,47.059,-10.3
92.24,47.09,-10.3
92.206,47.099,-10.3
92.172,47.106,-10.3
92.138,47.111,-10.3
92.07,47.12,-10.3
92.036,47.121,-10.3
83.111,47.121,-10.3
83.077,47.123,-10.3
82.941,47.134,-10.3
82.907,47.138,-10.3
82.805,47.148,-10.3
82.771,47.155,-10.3
82.636,47.191,-10.3
82.602,47.201,-10.3
82.5,47.232,-10.3
82.482,47.24,-10.3
82.364,47.295,-10.3
82.337,47.308,-10.3
82.229,47.366,-10.3
82.213,47.376,-10.3
82.093,47.46,-10.3
82.07,47.477,-10.3
81.987,47.545,-10.3
81.957,47.573,-10.3
81.855,47.675,-10.3
81.85,47.681,-10.3
81.787,47.758,-10.3
81.767,47.783,-10.3
81.672,47.919,-10.3
81.653,47.952,-10.3
81.617,48.02,-10.3
81.6,48.054,-10.3
81.536,48.19,-10.3
81.525,48.224,-10.3
81.494,48.326,-10.3
81.485,48.36,-10.3
81.457,48.462,-10.3
81.449,48.495,-10.3
81.439,48.597,-10.3
81.435,48.631,-10.3
81.423,48.767,-10.3
81.421,48.801,-10.3
81.421,77.783,-10.3
81.419,77.817,-10.3
81.401,78.054,-10.3
81.398,78.088,-10.3
81.386,78.224,-10.3
81.381,78.258,-10.3
81.324,78.495,-10.3
81.315,78.529,-10.3
81.278,78.665,-10.3
81.266,78.699,-10.3
81.176,78.914,-10.3
81.166,78.937,-10.3
81.103,79.072,-10.3
81.084,79.106,-10.3
80.959,79.31,-10.3
80.864,79.446,-10.3
80.837,79.479,-10.3
80.691,79.649,-10.3
80.667,79.675,-10.3
80.566,79.776,-10.3
80.557,79.785,-10.3
80.358,79.955,-10.3
80.328,79.976,-10.3
80.213,80.057,-10.3
80.192,80.07,-10.3
79.989,80.195,-10.3
79.955,80.211,-10.3
79.85,80.26,-10.3
79.819,80.275,-10.3
79.581,80.373,-10.3
79.548,80.383,-10.3
79.412,80.419,-10.3
79.378,80.428,-10.3
79.174,80.477,-10.3
79.14,80.484,-10.3
78.971,80.499,-10.3
78.937,80.502,-10.3
78.733,80.518,-10.3
78.699,80.521,-10.3
43.507,80.521,-10.3
43.473,80.518,-10.3
43.235,80.5,-10.3
43.201,80.497,-10.3
43.066,80.485,-10.3
43.032,80.478,-10.3
42.828,80.429,-10.3
42.794,80.421,-10.3
42.658,80.385,-10.3
42.624,80.375,-10.3
42.387,80.277,-10.3
42.353,80.262,-10.3
42.251,80.214,-10.3
42.217,80.198,-10.3
42.014,80.073,-10.3
41.987,80.057,-10.3
41.878,79.98,-10.3
41.844,79.956,-10.3
41.643,79.785,-10.3
41.64,79.782,-10.3
41.538,79.68,-10.3
41.509,79.649,-10.3
41.364,79.48,-10.3
41.336,79.446,-10.3
41.241,79.31,-10.3
41.116,79.106,-10.3
41.097,79.073,-10.3
41.029,78.928,-10.3
41.019,78.903,-10.3
40.928,78.683,-10.3
40.922,78.665,-10.3
40.885,78.529,-10.3
40.876,78.495,-10.3
40.819,78.258,-10.3
40.814,78.224,-10.3
40.802,78.088,-10.3
40.799,78.054,-10.3
40.781,77.817,-10.3
40.779,77.783,-10.3
40.779,48.801,-10.3
40.777,48.767,-10.3
40.765,48.631,-10.3
40.761,48.597,-10.3
40.751,48.495,-10.3
40.743,48.462,-10.3
40.715,48.36,-10.3
40.706,48.326,-10.3
40.675,48.224,-10.3
40.664,48.19,-10.3
40.6,48.054,-10.3
40.588,48.03,-10.3
40.547,47.952,-10.3
40.528,47.919,-10.3
40.433,47.783,-10.3
40.419,47.765,-10.3
40.35,47.681,-10.3
40.317,47.647,-10.3
40.249,47.579,-10.3
40.215,47.547,-10.3
40.13,47.477,-10.3
40.113,47.464,-10.3
39.987,47.376,-10.3
39.977,47.369,-10.3
39.863,47.308,-10.3
39.842,47.298,-10.3
39.706,47.234,-10.3
39.672,47.224,-10.3
39.604,47.203,-10.3
39.57,47.193,-10.3
39.434,47.156,-10.3
39.4,47.148,-10.3
39.296,47.138,-10.3
39.265,47.135,-10.3
39.129,47.123,-10.3
39.095,47.121,-10.3
27.964,47.121,-10.3
27.93,47.12,-10.3
27.862,47.111,-10.3
27.828,47.106,-10.3
27.794,47.099,-10.3
27.76,47.09,-10.3
27.692,47.059,-10.3
27.658,47.04,-10.3
27.624,47.017,-10.3
27.607,47.002,-10.3
27.557,46.959,-10.3
27.536,46.934,-10.3
27.513,46.9,-10.3
27.489,46.862,-10.3
27.47,46.833,-10.3
27.455,46.808,-10.3
27.432,46.731,-10.3
27.424,46.697,-10.3
27.417,46.663,-10.3
27.414,46.629,-10.3
27.414,46.561,-10.3
27.419,46.527,-10.3
27.426,46.493,-10.3
27.435,46.459,-10.3
27.455,46.391,-10.3
27.476,46.357,-10.3
27.498,46.324,-10.3
27.52,46.29,-10.3
27.543,46.256,-10.3
27.557,46.241,-10.3
27.618,46.188,-10.3
27.624,46.183,-10.3
27.668,46.154,-10.3
27.692,46.141,-10.3
27.76,46.11,-10.3
27.794,46.101,-10.3
27.828,46.094,-10.3
27.862,46.089,-10.3
27.93,46.08,-10.3
27.964,46.079,-10.3
30.114,46.079,-10.3
30.122,46.083,-10.3
30.124,46.091,-10.3
30.108,46.204,-10.3
30.095,46.2,-10.301
30.093,46.187,-10.301
30.104,46.18,-10.302
30.116,46.187,-10.302
30.114,46.201,-10.303
30.1,46.204,-10.303
30.092,46.194,-10.304
30.098,46.182,-10.304
30.098,30.111,-10.305,-10.304
30.117,46.195,-10.305
30.107,46.204,-10.306
30.094,46.2,-10.306
30.093,46.187,-10.307
30.105,46.18,-10.307
30.116,46.188,-10.308
30.113,46.201,-10.308
30.1,46.204,-10.308
30.092,46.193,-10.309
30.098,46.181,-10.309
30.112,46.182,-10.31
30.116,46.195,-10.31
30.107,46.205,-10.311
30.094,46.2,-10.311
30.093,46.186,-10.312
30.105,46.18,-10.312
30.116,46.188,-10.313
30.113,46.201,-10.313
30.1,46.204,-10.314
30.092,46.193,-10.314
30.099,46.181,-10.315
30.112,46.183,-10.315
30.116,46.195,-10.316
30.106,46.205,-10.316
30.094,46.199,-10.317
30.094,46.186,-10.317
30.106,46.18,-10.318
30.116,46.189,-10.318
30.113,46.202,-10.319
30.099,46.204,-10.319
30.092,46.192,-10.32
30.092,46.177,-10.32
30.098,46.161,-10.32
30.114,46.155,-10.32
39.095,46.155,-10.32
39.129,46.157,-10.32
39.163,46.16,-10.32
39.197,46.163,-10.32
39.536,46.192,-10.32
39.57,46.198,-10.32
39.604,46.206,-10.32
39.638,46.215,-10.32
39.977,46.306,-10.32
40.011,46.318,-10.32
40.045,46.332,-10.32
40.079,46.347,-10.32
40.392,46.493,-10.32
40.419,46.508,-10.32
40.452,46.529,-10.32
40.486,46.552,-10.32
40.758,46.742,-10.32
40.788,46.765,-10.32
40.827,46.799,-10.32
40.86,46.831,-10.32
41.097,47.068,-10.32
41.099,47.07,-10.32
41.131,47.108,-10.32
41.155,47.138,-10.32
41.345,47.41,-10.32
41.368,47.443,-10.32
41.403,47.499,-10.32
41.408,47.511,-10.32
41.551,47.817,-10.32
41.566,47.851,-10.32
41.58,47.885,-10.32
41.593,47.919,-10.32
41.684,48.258,-10.32
41.693,48.292,-10.32
41.701,48.326,-10.32
41.707,48.36,-10.32
41.737,48.699,-10.32
41.74,48.733,-10.32
41.743,48.767,-10.32
41.745,48.801,-10.32
41.745,77.783,-10.32
41.747,77.817,-10.32
41.75,77.851,-10.32
41.776,78.122,-10.32
41.783,78.156,-10.32
41.792,78.19,-10.32
41.864,78.428,-10.32
41.875,78.462,-10.32
41.891,78.495,-10.32
41.908,78.529,-10.32
42.017,78.733,-10.32
42.037,78.767,-10.32
42.048,78.783,-10.32
42.06,78.801,-10.32
42.228,79.005,-10.32
42.251,79.031,-10.32
42.258,79.038,-10.32
42.285,79.064,-10.32
42.489,79.231,-10.32
42.503,79.242,-10.32
42.523,79.256,-10.32
42.554,79.276,-10.32
42.794,79.404,-10.32
42.81,79.412,-10.32
42.828,79.42,-10.32
42.862,79.432,-10.32
43.1,79.504,-10.32
43.131,79.514,-10.32
43.133,79.514,-10.32
43.167,79.523,-10.32
43.439,79.549,-10.32
43.473,79.552,-10.32
43.507,79.555,-10.32
78.699,79.555,-10.32
78.733,79.552,-10.32
78.767,79.549,-10.32
79.005,79.525,-10.32
79.038,79.522,-10.32
79.072,79.513,-10.32
79.106,79.503,-10.32
79.344,79.431,-10.32
79.378,79.417,-10.32
79.39,79.412,-10.32
79.412,79.401,-10.32
79.649,79.274,-10.32
79.683,79.252,-10.32
79.697,79.242,-10.32
79.717,79.226,-10.32
79.921,79.059,-10.32
79.942,79.038,-10.32
79.955,79.025,-10.32
79.972,79.005,-10.32
80.14,78.801,-10.32
80.158,78.774,-10.32
80.163,78.767,-10.32
80.183,78.733,-10.32
80.294,78.525,-10.32
80.309,78.495,-10.32
80.325,78.462,-10.32
80.328,78.452,-10.32
80.408,78.19,-10.32
80.417,78.156,-10.32
80.424,78.122,-10.32
80.45,77.851,-10.32
80.453,77.817,-10.32
80.455,77.783,-10.32
80.455,48.801,-10.32
80.457,48.767,-10.32
80.46,48.733,-10.32
80.463,48.699,-10.32
80.493,48.36,-10.32
80.498,48.332,-10.32
80.507,48.292,-10.32
80.516,48.258,-10.32
80.607,47.919,-10.32
80.62,47.885,-10.32
80.634,47.851,-10.32
80.649,47.817,-10.32
80.792,47.511,-10.32
80.803,47.49,-10.32
80.832,47.443,-10.32
80.837,47.434,-10.32
81.045,47.138,-10.32
81.072,47.104,-10.32
81.101,47.07,-10.32
81.109,47.062,-10.32
81.346,46.825,-10.32
81.373,46.799,-10.32
81.414,46.763,-10.32
81.448,46.738,-10.32
81.719,46.548,-10.32
81.751,46.527,-10.32
81.787,46.505,-10.32
81.808,46.493,-10.32
82.127,46.345,-10.32
82.161,46.33,-10.32
82.195,46.316,-10.32
82.229,46.304,-10.32
82.568,46.213,-10.32
82.602,46.205,-10.32
82.636,46.197,-10.32
82.67,46.192,-10.32
83.009,46.162,-10.32
83.043,46.159,-10.32
83.077,46.157,-10.32
83.111,46.155,-10.32
92.036,46.155,-10.32
92.07,46.155,-10.32
92.104,46.16,-10.32
92.206,46.181,-10.32
92.235,46.188,-10.32
92.24,46.19,-10.32
92.274,46.21,-10.32
92.342,46.256,-10.32
92.376,46.279,-10.32
92.387,46.29,-10.32
92.41,46.324,-10.32
92.456,46.391,-10.32
92.478,46.425,-10.32
92.488,46.459,-10.32
92.511,46.579,-10.32
92.513,46.595,-10.32
92.511,46.621,-10.32
92.489,46.731,-10.32
92.481,46.765,-10.32
92.477,46.775,-10.32
92.462,46.799,-10.32
92.394,46.9,-10.32
92.376,46.921,-10.32
92.357,46.934,-10.32
92.256,47.002,-10.32
92.24,47.01,-10.32
92.206,47.019,-10.32
92.104,47.04,-10.32
92.07,47.045,-10.32
92.036,47.045,-10.32
83.111,47.045,-10.32
83.077,47.047,-10.32
83.043,47.05,-10.32
82.771,47.077,-10.32
82.738,47.085,-10.32
82.704,47.094,-10.32
82.448,47.172,-10.32
82.432,47.178,-10.32
82.398,47.194,-10.32
82.375,47.206,-10.32
82.161,47.321,-10.32
82.127,47.341,-10.32
82.126,47.342,-10.32
82.093,47.366,-10.32
81.889,47.533,-10.32
81.875,47.545,-10.32
81.855,47.565,-10.32
81.841,47.579,-10.32
81.674,47.783,-10.32
81.652,47.812,-10.32
81.648,47.817,-10.32
81.626,47.851,-10.32
81.499,48.088,-10.32
81.483,48.122,-10.32
81.482,48.124,-10.32
81.469,48.156,-10.32
81.397,48.394,-10.32
81.387,48.428,-10.32
81.378,48.462,-10.32
81.375,48.495,-10.32
81.351,48.733,-10.32
81.348,48.767,-10.32
81.346,48.789,-10.32
81.345,48.801,-10.32
81.345,77.783,-10.32
81.344,77.817,-10.32
81.341,77.851,-10.32
81.338,77.885,-10.32
81.309,78.224,-10.32
81.305,78.258,-10.32
81.297,78.292,-10.32
81.288,78.326,-10.32
81.197,78.665,-10.32
81.187,78.699,-10.32
81.173,78.733,-10.32
81.158,78.767,-10.32
81.007,79.092,-10.32
80.999,79.106,-10.32
80.973,79.149,-10.32
80.957,79.174,-10.32
80.767,79.446,-10.32
80.742,79.48,-10.32
80.701,79.527,-10.32
80.682,79.548,-10.32
80.444,79.785,-10.32
80.43,79.799,-10.32
80.396,79.828,-10.32
80.365,79.853,-10.32
80.075,80.057,-10.32
80.057,80.068,-10.32
80.021,80.09,-10.32
79.989,80.108,-10.32
79.663,80.26,-10.32
79.649,80.266,-10.32
79.615,80.28,-10.32
79.581,80.293,-10.32
79.242,80.384,-10.32
79.208,80.393,-10.32
79.174,80.401,-10.32
79.14,80.407,-10.32
78.801,80.437,-10.32
78.767,80.44,-10.32
78.733,80.443,-10.32
78.699,80.445,-10.32
43.507,80.445,-10.32
43.473,80.443,-10.32
43.439,80.44,-10.32
43.405,80.438,-10.32
43.066,80.408,-10.32
43.032,80.402,-10.32
42.998,80.394,-10.32
42.964,80.386,-10.32
42.622,80.294,-10.32
42.59,80.283,-10.32
42.557,80.269,-10.32
42.537,80.26,-10.32
42.217,80.111,-10.32
42.183,80.093,-10.32
42.149,80.072,-10.32
42.125,80.057,-10.32
41.835,79.853,-10.32
41.81,79.833,-10.32
41.776,79.804,-10.32
41.756,79.785,-10.32
41.514,79.543,-10.32
41.505,79.534,-10.32
41.487,79.514,-10.32
41.458,79.48,-10.32
41.437,79.45,-10.32
41.243,79.174,-10.32
41.233,79.159,-10.32
41.199,79.104,-10.32
41.184,79.072,-10.32
41.042,78.767,-10.32
41.029,78.738,-10.32
41.013,78.699,-10.32
41.003,78.665,-10.32
40.912,78.326,-10.32
40.903,78.292,-10.32
40.894,78.251,-10.32
40.891,78.224,-10.32
40.862,77.885,-10.32
40.86,77.862,-10.32
40.856,77.817,-10.32
40.855,77.783,-10.32
40.855,48.801,-10.32
40.852,48.767,-10.32
40.849,48.733,-10.32
40.825,48.495,-10.32
40.822,48.462,-10.32
40.813,48.428,-10.32
40.803,48.394,-10.32
40.731,48.156,-10.32
40.724,48.136,-10.32
40.717,48.122,-10.32
40.701,48.088,-10.32
40.574,47.851,-10.32
40.554,47.82,-10.32
40.552,47.817,-10.32
40.526,47.783,-10.32
40.359,47.579,-10.32
40.351,47.571,-10.32
40.325,47.545,-10.32
40.317,47.538,-10.32
40.113,47.371,-10.32
40.079,47.345,-10.32
40.074,47.342,-10.32
40.045,47.324,-10.32
39.808,47.197,-10.32
39.774,47.181,-10.32
39.752,47.172,-10.32
39.502,47.096,-10.32
39.468,47.086,-10.32
39.434,47.078,-10.32
39.163,47.051,-10.32
39.129,47.048,-10.32
39.095,47.045,-10.32
27.964,47.045,-10.32
27.93,47.045,-10.32
27.896,47.04,-10.32
27.794,47.019,-10.32
27.76,47.01,-10.32
27.744,47.002,-10.32
27.643,46.934,-10.32
27.624,46.921,-10.32
27.606,46.9,-10.32
27.538,46.799,-10.32
27.523,46.775,-10.32
27.519,46.765,-10.32
27.511,46.731,-10.32
27.489,46.621,-10.32
27.487,46.595,-10.32
27.489,46.579,-10.32
27.512,46.459,-10.32
27.522,46.425,-10.32
27.544,46.391,-10.32
27.59,46.322,-10.32
27.613,46.29,-10.32
27.624,46.279,-10.32
27.658,46.256,-10.32
27.726,46.21,-10.32
27.76,46.19,-10.32
27.765,46.188,-10.32
27.794,46.181,-10.32
27.896,46.16,-10.32
27.93,46.155,-10.32
27.964,46.155,-10.32
30.114,46.155,-10.32
30.122,46.158,-10.32
30.124,46.165,-10.32
30.115,46.395,-10.32
30.115,46.403,-10.317
30.115,46.405,-10.31
30.115,46.405,5
30.124,43.003,5
30.124,43.003,-8.991
30.124,43.003,-9.938
30.124,43.003,-10.04
30.124,43.006,-10.047
30.124,43.013,-10.05
30.124,43.104,-10.05
30.121,43.111,-10.05
30.114,43.114,-10.05
27.964,43.114,-10.05
27.93,43.114,-10.05
27.73,43.092,-10.05
27.726,43.091,-10.05
27.54,43.025,-10.05
27.535,43.024,-10.05
27.531,43.021,-10.05
27.365,42.917,-10.05
27.361,42.914,-10.05
27.217,42.77,-10.05
27.215,42.768,-10.05
27.11,42.6,-10.05
27.107,42.595,-10.05
27.042,42.408,-10.05
27.04,42.404,-10.05
27.038,42.387,-10.05
27.017,42.2,-10.05
27.018,42.196,-10.05
27.038,42.014,-10.05
27.04,41.997,-10.05
27.042,41.992,-10.05
27.107,41.805,-10.05
27.109,41.801,-10.05
27.215,41.632,-10.05
27.217,41.63,-10.05
27.361,41.486,-10.05
27.365,41.483,-10.05
27.531,41.379,-10.05
27.535,41.376,-10.05
27.539,41.375,-10.05
27.726,41.309,-10.05
27.73,41.308,-10.05
27.93,41.286,-10.05
27.964,41.286,-10.05
43.473,41.286,-10.05
43.507,41.286,-10.05
43.914,41.315,-10.05
43.948,41.318,-10.05
44.355,41.407,-10.05
44.389,41.416,-10.05
44.762,41.555,-10.05
44.796,41.568,-10.05
45.176,41.776,-10.05
45.204,41.795,-10.05
45.509,42.023,-10.05
45.54,42.048,-10.05
45.543,42.05,-10.05
45.848,42.355,-10.05
45.873,42.387,-10.05
46.102,42.692,-10.05
46.12,42.717,-10.05
46.125,42.726,-10.05
46.329,43.1,-10.05
46.343,43.133,-10.05
46.482,43.507,-10.05
46.492,43.541,-10.05
46.581,43.948,-10.05
46.584,43.982,-10.05
46.613,44.389,-10.05
46.614,44.423,-10.05
46.614,73.371,-10.05
46.615,73.405,-10.05
46.645,73.676,-10.05
46.646,73.685,-10.05
46.649,73.693,-10.05
46.738,73.948,-10.05
46.741,73.956,-10.05
46.743,73.961,-10.05
46.891,74.196,-10.05
46.895,74.202,-10.05
46.9,74.207,-10.05
47.093,74.4,-10.05
47.099,74.405,-10.05
47.104,74.409,-10.05
47.308,74.537,-10.05
47.342,74.558,-10.05
47.343,74.559,-10.05
47.376,74.57,-10.05
47.579,74.641,-10.05
47.613,74.653,-10.05
47.647,74.657,-10.05
47.885,74.684,-10.05
47.919,74.686,-10.05
74.287,74.686,-10.05
74.321,74.683,-10.05
74.576,74.655,-10.05
74.584,74.654,-10.05
74.589,74.653,-10.05
74.83,74.568,-10.05
74.857,74.559,-10.05
74.864,74.555,-10.05
75.073,74.423,-10.05
75.102,74.405,-10.05
75.118,74.389,-10.05
75.288,74.219,-10.05
75.305,74.201,-10.05
75.315,74.186,-10.05
75.457,73.961,-10.05
75.459,73.956,-10.05
75.462,73.948,-10.05
75.551,73.693,-10.05
75.554,73.685,-10.05
75.555,73.676,-10.05
75.585,73.405,-10.05
75.586,73.371,-10.05
75.586,44.423,-10.05
75.587,44.389,-10.05
75.616,43.982,-10.05
75.619,43.948,-10.05
75.708,43.541,-10.05
75.713,43.52,-10.05
75.857,43.133,-10.05
75.871,43.1,-10.05
76.075,42.726,-10.05
76.086,42.708,-10.05
76.327,42.387,-10.05
76.354,42.353,-10.05
76.629,42.078,-10.05
76.66,42.048,-10.05
76.663,42.045,-10.05
76.697,42.019,-10.05
77.002,41.79,-10.05
77.024,41.776,-10.05
77.396,41.572,-10.05
77.41,41.566,-10.05
77.443,41.553,-10.05
77.817,41.414,-10.05
77.851,41.406,-10.05
78.224,41.325,-10.05
78.258,41.317,-10.05
78.292,41.315,-10.05
78.699,41.286,-10.05
78.733,41.286,-10.05
92.036,41.286,-10.05
92.07,41.286,-10.05
92.27,41.308,-10.05
92.274,41.309,-10.05
92.461,41.375,-10.05
92.465,41.376,-10.05
92.469,41.379,-10.05
92.635,41.483,-10.05
92.639,41.486,-10.05
92.783,41.63,-10.05
92.785,41.632,-10.05
92.891,41.801,-10.05
92.893,41.805,-10.05
92.958,41.992,-10.05
92.96,41.997,-10.05
92.962,42.014,-10.05
92.982,42.196,-10.05
92.983,42.2,-10.05
92.962,42.387,-10.05
92.96,42.404,-10.05
92.958,42.408,-10.05
92.893,42.595,-10.05
92.89,42.6,-10.05
92.785,42.768,-10.05
92.783,42.77,-10.05
92.639,42.914,-10.05
92.635,42.917,-10.05
92.469,43.021,-10.05
92.465,43.024,-10.05
92.46,43.025,-10.05
92.274,43.091,-10.05
92.27,43.092,-10.05
92.07,43.114,-10.05
92.036,43.114,-10.05
78.733,43.114,-10.05
78.699,43.114,-10.05
78.665,43.118,-10.05
78.419,43.146,-10.05
78.415,43.146,-10.05
78.411,43.148,-10.05
78.148,43.24,-10.05
78.143,43.241,-10.05
78.139,43.243,-10.05
77.903,43.392,-10.05
77.899,43.394,-10.05
77.896,43.397,-10.05
77.7,43.593,-10.05
77.696,43.597,-10.05
77.693,43.601,-10.05
77.545,43.836,-10.05
77.542,43.841,-10.05
77.54,43.846,-10.05
77.448,44.109,-10.05
77.447,44.113,-10.05
77.446,44.118,-10.05
77.415,44.389,-10.05
77.414,44.423,-10.05
77.414,73.371,-10.05
77.414,73.405,-10.05
77.385,73.812,-10.05
77.382,73.846,-10.05
77.293,74.253,-10.05
77.285,74.287,-10.05
77.138,74.68,-10.05
77.132,74.695,-10.05
77.114,74.729,-10.05
76.929,75.068,-10.05
76.907,75.102,-10.05
76.663,75.427,-10.05
76.652,75.441,-10.05
76.629,75.464,-10.05
76.347,75.747,-10.05
76.324,75.766,-10.05
76.018,75.994,-10.05
75.986,76.018,-10.05
75.984,76.019,-10.05
75.95,76.038,-10.05
75.611,76.224,-10.05
75.577,76.239,-10.05
75.204,76.378,-10.05
75.17,76.39,-10.05
74.762,76.478,-10.05
74.729,76.484,-10.05
74.321,76.513,-10.05
74.287,76.514,-10.05
47.919,76.514,-10.05
47.885,76.513,-10.05
47.477,76.484,-10.05
47.443,76.48,-10.05
47.036,76.391,-10.05
47.002,76.381,-10.05
46.629,76.241,-10.05
46.595,76.227,-10.05
46.222,76.023,-10.05
46.214,76.018,-10.05
46.188,75.999,-10.05
45.882,75.77,-10.05
45.853,75.747,-10.05
45.582,75.475,-10.05
45.577,75.47,-10.05
45.548,75.441,-10.05
45.543,75.435,-10.05
45.293,75.102,-10.05
45.271,75.068,-10.05
45.086,74.729,-10.05
45.068,74.695,-10.05
45.055,74.661,-10.05
44.915,74.287,-10.05
44.907,74.253,-10.05
44.818,73.846,-10.05
44.815,73.812,-10.05
44.786,73.405,-10.05
44.786,73.371,-10.05
44.786,44.423,-10.05
44.785,44.389,-10.05
44.754,44.118,-10.05
44.753,44.113,-10.05
44.752,44.109,-10.05
44.66,43.846,-10.05
44.658,43.842,-10.05
44.656,43.838,-10.05
44.508,43.602,-10.05
44.506,43.599,-10.05
44.503,43.596,-10.05
44.306,43.399,-10.05
44.303,43.396,-10.05
44.3,43.393,-10.05
44.067,43.247,-10.05
44.058,43.242,-10.05
44.05,43.239,-10.05
43.795,43.15,-10.05
43.787,43.147,-10.05
43.778,43.146,-10.05
43.507,43.115,-10.05
43.473,43.114,-10.05
30.114,43.114,-10.05
30.064,43.107,-10.05
30.014,43.106,-10.05
30.014,29.965,-10.051,-10.05
29.915,43.105,-10.051
29.865,43.104,-10.052
29.815,43.103,-10.053
29.765,43.101,-10.054
29.715,43.1,-10.055
29.665,43.098,-10.056
29.615,43.096,-10.057
29.565,43.094,-10.058
29.515,43.092,-10.06
29.465,43.09,-10.061
29.416,43.087,-10.063
29.366,43.085,-10.065
29.316,43.083,-10.066
29.266,43.08,-10.068
29.166,43.075,-10.071
28.866,43.059,-10.082
28.817,43.057,-10.084
28.767,43.054,-10.085
28.717,43.052,-10.087
28.667,43.049,-10.088
28.617,43.047,-10.09
28.567,43.045,-10.091
28.517,43.043,-10.093
28.467,43.041,-10.094
28.417,43.039,-10.095
28.367,43.038,-10.096
28.317,43.036,-10.097
28.268,43.035,-10.098
28.218,43.034,-10.099
28.168,43.033,-10.099
28.168,28.118,-10.1,-10.099
28.068,43.032,-10.1
28.03,43.032,-10.1
28.018,43.032,-10.1
28.008,43.04,-10.1
27.964,43.04,-10.1
27.93,43.039,-10.1
27.862,43.032,-10.1
27.828,43.027,-10.1
27.709,43.008,-10.1
27.705,43.007,-10.1
27.621,42.978,-10.1
27.617,42.976,-10.1
27.523,42.928,-10.1
27.489,42.909,-10.1
27.425,42.869,-10.1
27.421,42.865,-10.1
27.265,42.709,-10.1
27.262,42.705,-10.1
27.217,42.634,-10.1
27.212,42.624,-10.1
27.155,42.513,-10.1
27.154,42.51,-10.1
27.124,42.425,-10.1
27.123,42.421,-10.1
27.107,42.319,-10.1
27.102,42.285,-10.1
27.092,42.2,-10.1
27.093,42.196,-10.1
27.102,42.115,-10.1
27.107,42.081,-10.1
27.115,42.026,-10.1
27.123,41.98,-10.1
27.124,41.975,-10.1
27.154,41.89,-10.1
27.155,41.887,-10.1
27.211,41.776,-10.1
27.217,41.766,-10.1
27.261,41.695,-10.1
27.264,41.691,-10.1
27.421,41.535,-10.1
27.425,41.531,-10.1
27.489,41.491,-10.1
27.523,41.472,-10.1
27.616,41.424,-10.1
27.62,41.422,-10.1
27.705,41.393,-10.1
27.709,41.392,-10.1
27.828,41.373,-10.1
27.859,41.369,-10.1
27.93,41.361,-10.1
27.964,41.36,-10.1
43.473,41.36,-10.1
43.507,41.361,-10.1
43.676,41.373,-10.1
43.71,41.376,-10.1
43.948,41.394,-10.1
43.982,41.401,-10.1
44.152,41.438,-10.1
44.186,41.446,-10.1
44.389,41.495,-10.1
44.42,41.505,-10.1
44.593,41.569,-10.1
44.796,41.653,-10.1
44.83,41.668,-10.1
45,41.761,-10.1
45.025,41.776,-10.1
45.204,41.885,-10.1
45.238,41.909,-10.1
45.378,42.014,-10.1
45.407,42.038,-10.1
45.543,42.154,-10.1
45.576,42.183,-10.1
45.713,42.319,-10.1
45.742,42.353,-10.1
45.858,42.489,-10.1
45.882,42.517,-10.1
45.988,42.658,-10.1
46.012,42.692,-10.1
46.12,42.868,-10.1
46.137,42.896,-10.1
46.229,43.066,-10.1
46.245,43.1,-10.1
46.329,43.303,-10.1
46.342,43.337,-10.1
46.393,43.473,-10.1
46.404,43.507,-10.1
46.461,43.744,-10.1
46.498,43.914,-10.1
46.505,43.948,-10.1
46.524,44.186,-10.1
46.527,44.219,-10.1
46.539,44.389,-10.1
46.54,44.423,-10.1
46.54,73.371,-10.1
46.54,73.405,-10.1
46.572,73.693,-10.1
46.573,73.702,-10.1
46.576,73.71,-10.1
46.671,73.982,-10.1
46.674,73.99,-10.1
46.679,73.999,-10.1
46.833,74.243,-10.1
46.836,74.248,-10.1
46.841,74.253,-10.1
47.045,74.457,-10.1
47.051,74.463,-10.1
47.057,74.467,-10.1
47.274,74.603,-10.1
47.308,74.625,-10.1
47.312,74.627,-10.1
47.579,74.72,-10.1
47.596,74.726,-10.1
47.613,74.728,-10.1
47.885,74.759,-10.1
47.919,74.76,-10.1
74.287,74.76,-10.1
74.321,74.758,-10.1
74.593,74.728,-10.1
74.601,74.727,-10.1
74.605,74.726,-10.1
74.888,74.627,-10.1
74.891,74.626,-10.1
74.893,74.624,-10.1
75.145,74.466,-10.1
75.15,74.462,-10.1
75.359,74.253,-10.1
75.364,74.248,-10.1
75.367,74.243,-10.1
75.521,73.999,-10.1
75.526,73.99,-10.1
75.529,73.982,-10.1
75.624,73.71,-10.1
75.627,73.702,-10.1
75.628,73.693,-10.1
75.66,73.405,-10.1
75.66,73.371,-10.1
75.66,44.423,-10.1
75.661,44.389,-10.1
75.673,44.219,-10.1
75.676,44.186,-10.1
75.695,43.948,-10.1
75.702,43.914,-10.1
75.739,43.744,-10.1
75.796,43.507,-10.1
75.807,43.473,-10.1
75.858,43.337,-10.1
75.871,43.303,-10.1
75.955,43.1,-10.1
75.971,43.066,-10.1
76.063,42.896,-10.1
76.086,42.859,-10.1
76.188,42.692,-10.1
76.212,42.658,-10.1
76.313,42.523,-10.1
76.324,42.51,-10.1
76.459,42.351,-10.1
76.488,42.319,-10.1
76.624,42.183,-10.1
76.629,42.178,-10.1
76.799,42.033,-10.1
76.822,42.014,-10.1
76.968,41.904,-10.1
77.002,41.882,-10.1
77.175,41.776,-10.1
77.206,41.758,-10.1
77.376,41.665,-10.1
77.435,41.64,-10.1
77.599,41.572,-10.1
77.613,41.567,-10.1
77.783,41.504,-10.1
77.817,41.493,-10.1
78.02,41.444,-10.1
78.053,41.437,-10.1
78.224,41.399,-10.1
78.258,41.394,-10.1
78.495,41.375,-10.1
78.699,41.361,-10.1
78.733,41.36,-10.1
92.036,41.36,-10.1
92.07,41.361,-10.1
92.141,41.369,-10.1
92.172,41.373,-10.1
92.291,41.392,-10.1
92.295,41.393,-10.1
92.38,41.422,-10.1
92.384,41.424,-10.1
92.477,41.472,-10.1
92.511,41.491,-10.1
92.575,41.531,-10.1
92.579,41.535,-10.1
92.736,41.691,-10.1
92.739,41.695,-10.1
92.783,41.766,-10.1
92.789,41.776,-10.1
92.845,41.887,-10.1
92.846,41.89,-10.1
92.876,41.975,-10.1
92.877,41.98,-10.1
92.893,42.081,-10.1
92.898,42.115,-10.1
92.907,42.196,-10.1
92.908,42.2,-10.1
92.898,42.285,-10.1
92.893,42.319,-10.1
92.877,42.421,-10.1
92.876,42.425,-10.1
92.846,42.51,-10.1
92.845,42.513,-10.1
92.788,42.624,-10.1
92.783,42.634,-10.1
92.738,42.705,-10.1
92.735,42.709,-10.1
92.579,42.865,-10.1
92.575,42.869,-10.1
92.511,42.909,-10.1
92.477,42.928,-10.1
92.383,42.976,-10.1
92.379,42.978,-10.1
92.295,43.007,-10.1
92.291,43.008,-10.1
92.172,43.027,-10.1
92.138,43.032,-10.1
92.07,43.039,-10.1
92.036,43.04,-10.1
78.733,43.04,-10.1
78.699,43.04,-10.1
78.665,43.043,-10.1
78.402,43.073,-10.1
78.398,43.073,-10.1
78.394,43.075,-10.1
78.114,43.173,-10.1
78.109,43.174,-10.1
78.105,43.177,-10.1
77.885,43.315,-10.1
77.851,43.337,-10.1
77.817,43.371,-10.1
77.639,43.549,-10.1
77.635,43.553,-10.1
77.632,43.558,-10.1
77.477,43.804,-10.1
77.475,43.808,-10.1
77.473,43.812,-10.1
77.376,44.091,-10.1
77.374,44.098,-10.1
77.373,44.104,-10.1
77.341,44.389,-10.1
77.34,44.423,-10.1
77.34,73.371,-10.1
77.339,73.405,-10.1
77.327,73.575,-10.1
77.324,73.609,-10.1
77.306,73.846,-10.1
77.3,73.88,-10.1
77.263,74.05,-10.1
77.255,74.084,-10.1
77.206,74.287,-10.1
77.195,74.321,-10.1
77.132,74.491,-10.1
77.118,74.525,-10.1
77.036,74.721,-10.1
77.033,74.729,-10.1
76.94,74.898,-10.1
76.934,74.908,-10.1
76.816,75.102,-10.1
76.799,75.128,-10.1
76.691,75.271,-10.1
76.663,75.305,-10.1
76.527,75.465,-10.1
76.518,75.475,-10.1
76.382,75.611,-10.1
76.357,75.633,-10.1
76.185,75.781,-10.1
76.154,75.804,-10.1
76.049,75.882,-10.1
76.018,75.906,-10.1
75.814,76.03,-10.1
75.781,76.05,-10.1
75.645,76.124,-10.1
75.611,76.141,-10.1
75.407,76.225,-10.1
75.373,76.238,-10.1
75.204,76.301,-10.1
75.17,76.31,-10.1
74.966,76.359,-10.1
74.932,76.367,-10.1
74.762,76.404,-10.1
74.729,76.407,-10.1
74.525,76.423,-10.1
74.497,76.425,-10.1
74.321,76.438,-10.1
74.287,76.44,-10.1
47.919,76.44,-10.1
47.885,76.438,-10.1
47.703,76.425,-10.1
47.681,76.424,-10.1
47.477,76.408,-10.1
47.443,76.405,-10.1
47.274,76.368,-10.1
47.24,76.36,-10.1
47.002,76.303,-10.1
46.968,76.291,-10.1
46.833,76.24,-10.1
46.799,76.227,-10.1
46.595,76.143,-10.1
46.561,76.127,-10.1
46.424,76.052,-10.1
46.391,76.034,-10.1
46.188,75.909,-10.1
46.154,75.885,-10.1
46.018,75.783,-10.1
46.015,75.781,-10.1
45.848,75.638,-10.1
45.818,75.611,-10.1
45.682,75.475,-10.1
45.679,75.472,-10.1
45.537,75.305,-10.1
45.509,75.271,-10.1
45.407,75.135,-10.1
45.384,75.102,-10.1
45.271,74.918,-10.1
45.26,74.898,-10.1
45.167,74.729,-10.1
45.153,74.695,-10.1
45.082,74.525,-10.1
45.068,74.491,-10.1
45,74.308,-10.1
44.994,74.287,-10.1
44.945,74.084,-10.1
44.937,74.05,-10.1
44.898,73.87,-10.1
44.894,73.846,-10.1
44.876,73.609,-10.1
44.873,73.575,-10.1
44.861,73.405,-10.1
44.86,73.371,-10.1
44.86,44.423,-10.1
44.859,44.389,-10.1
44.827,44.101,-10.1
44.826,44.096,-10.1
44.825,44.092,-10.1
44.727,43.812,-10.1
44.725,43.808,-10.1
44.722,43.804,-10.1
44.569,43.561,-10.1
44.565,43.554,-10.1
44.562,43.55,-10.1
44.559,43.547,-10.1
44.355,43.343,-10.1
44.349,43.337,-10.1
44.321,43.319,-10.1
44.101,43.181,-10.1
44.092,43.175,-10.1
44.088,43.173,-10.1
43.812,43.077,-10.1
43.804,43.074,-10.1
43.795,43.073,-10.1
43.507,43.04,-10.1
43.473,43.04,-10.1
30.114,43.04,-10.1
28.008,43.04,-10.1
27.958,43.032,-10.1
27.943,43.032,-10.1
27.928,43.031,-10.1
27.898,43.027,-10.1
27.849,43.021,-10.101
27.799,43.012,-10.101
27.75,43.004,-10.102
27.713,42.997,-10.103
27.707,42.996,-10.103
27.701,42.994,-10.103
27.669,42.981,-10.104
27.637,42.969,-10.104
27.631,42.966,-10.104
27.615,42.957,-10.105
27.593,42.945,-10.105
27.549,42.92,-10.107
27.506,42.896,-10.108
27.484,42.883,-10.109
27.45,42.859,-10.11
27.443,42.854,-10.11
27.437,42.848,-10.11
27.415,42.824,-10.111
27.382,42.787,-10.113
27.348,42.75,-10.115
27.314,42.713,-10.116
27.288,42.684,-10.118
27.284,42.678,-10.118
27.276,42.664,-10.118
27.254,42.619,-10.12
27.184,42.462,-10.126
27.182,42.455,-10.126
27.178,42.441,-10.127
27.176,42.434,-10.127
27.175,42.427,-10.127
27.165,42.327,-10.131
27.16,42.278,-10.133
27.153,42.214,-10.135
27.153,42.208,-10.135
27.152,42.201,-10.135
27.153,42.194,-10.135
27.158,42.174,-10.136
27.168,42.125,-10.138
27.178,42.076,-10.139
27.188,42.027,-10.141
27.2,41.966,-10.142
27.202,41.96,-10.143
27.205,41.954,-10.143
27.218,41.932,-10.144
27.241,41.888,-10.145
27.265,41.844,-10.146
27.289,41.8,-10.147
27.312,41.756,-10.148
27.315,41.751,-10.148
27.329,41.738,-10.148
27.346,41.721,-10.148
27.382,41.686,-10.149
27.417,41.651,-10.15
27.453,41.616,-10.15
27.479,41.591,-10.15
27.483,41.587,-10.15
27.488,41.583,-10.15
27.502,41.57,-10.15
27.692,41.473,-10.15
27.695,41.472,-10.15
27.934,41.434,-10.15
43.473,41.434,-10.15
43.507,41.435,-10.15
43.963,41.471,-10.15
43.966,41.471,-10.15
44.415,41.579,-10.15
44.419,41.581,-10.15
44.843,41.756,-10.15
44.847,41.758,-10.15
45.243,42,-10.15
45.245,42.003,-10.15
45.594,42.3,-10.15
45.599,42.305,-10.15
45.898,42.656,-10.15
45.9,42.658,-10.15
46.142,43.053,-10.15
46.144,43.057,-10.15
46.32,43.482,-10.15
46.321,43.485,-10.15
46.429,43.934,-10.15
46.429,43.938,-10.15
46.465,44.389,-10.15
46.466,44.423,-10.15
46.466,73.371,-10.15
46.466,73.405,-10.15
46.501,73.71,-10.15
46.502,73.719,-10.15
46.504,73.727,-10.15
46.605,74.016,-10.15
46.607,74.02,-10.15
46.609,74.024,-10.15
46.614,74.033,-10.15
46.774,74.287,-10.15
46.779,74.294,-10.15
46.785,74.301,-10.15
47.002,74.518,-10.15
47.007,74.522,-10.15
47.011,74.525,-10.15
47.274,74.69,-10.15
47.276,74.691,-10.15
47.279,74.693,-10.15
47.284,74.695,-10.15
47.575,74.796,-10.15
47.579,74.798,-10.15
47.583,74.799,-10.15
47.588,74.799,-10.15
47.885,74.833,-10.15
47.919,74.834,-10.15
74.287,74.834,-10.15
74.321,74.832,-10.15
74.609,74.8,-10.15
74.617,74.799,-10.15
74.621,74.798,-10.15
74.625,74.796,-10.15
74.916,74.695,-10.15
74.92,74.693,-10.15
74.924,74.691,-10.15
74.932,74.686,-10.15
75.189,74.525,-10.15
75.193,74.523,-10.15
75.196,74.52,-10.15
75.204,74.512,-10.15
75.418,74.298,-10.15
75.42,74.295,-10.15
75.423,74.293,-10.15
75.426,74.287,-10.15
75.587,74.031,-10.15
75.592,74.024,-10.15
75.593,74.02,-10.15
75.595,74.016,-10.15
75.696,73.727,-10.15
75.698,73.719,-10.15
75.699,73.71,-10.15
75.734,73.405,-10.15
75.734,73.371,-10.15
75.734,44.423,-10.15
75.735,44.389,-10.15
75.771,43.939,-10.15
75.771,43.935,-10.15
75.879,43.484,-10.15
75.881,43.48,-10.15
76.056,43.057,-10.15
76.058,43.053,-10.15
76.3,42.658,-10.15
76.302,42.655,-10.15
76.601,42.305,-10.15
76.605,42.301,-10.15
76.955,42.002,-10.15
76.958,42,-10.15
77.35,41.76,-10.15
77.354,41.757,-10.15
77.783,41.58,-10.15
77.787,41.579,-10.15
78.236,41.471,-10.15
78.24,41.471,-10.15
78.699,41.434,-10.15
78.733,41.434,-10.15
92.066,41.434,-10.15
92.305,41.472,-10.15
92.308,41.473,-10.15
92.515,41.579,-10.15
92.519,41.582,-10.15
92.685,41.747,-10.15
92.688,41.752,-10.15
92.796,41.963,-10.15
92.797,41.967,-10.15
92.833,42.196,-10.15
92.834,42.2,-10.15
92.797,42.434,-10.15
92.796,42.438,-10.15
92.688,42.649,-10.15
92.685,42.653,-10.15
92.519,42.818,-10.15
92.515,42.821,-10.15
92.308,42.927,-10.15
92.304,42.928,-10.15
92.066,42.966,-10.15
78.733,42.966,-10.15
78.699,42.966,-10.15
78.665,42.969,-10.15
78.385,43.001,-10.15
78.381,43.002,-10.15
78.377,43.003,-10.15
78.088,43.104,-10.15
78.08,43.107,-10.15
78.076,43.109,-10.15
78.071,43.112,-10.15
77.808,43.277,-10.15
77.804,43.28,-10.15
77.8,43.284,-10.15
77.611,43.473,-10.15
77.579,43.505,-10.15
77.578,43.507,-10.15
77.556,43.541,-10.15
77.41,43.775,-10.15
77.408,43.778,-10.15
77.395,43.812,-10.15
77.304,44.073,-10.15
77.302,44.079,-10.15
77.302,44.081,-10.15
77.301,44.084,-10.15
77.278,44.287,-10.15
77.267,44.389,-10.15
77.266,44.423,-10.15
77.266,73.371,-10.15
77.265,73.405,-10.15
77.229,73.863,-10.15
77.228,73.867,-10.15
77.121,74.313,-10.15
77.12,74.317,-10.15
76.943,74.744,-10.15
76.942,74.748,-10.15
76.701,75.141,-10.15
76.699,75.143,-10.15
76.399,75.495,-10.15
76.395,75.499,-10.15
76.044,75.799,-10.15
76.039,75.802,-10.15
75.649,76.041,-10.15
75.645,76.043,-10.15
75.218,76.22,-10.15
75.215,76.221,-10.15
74.766,76.329,-10.15
74.762,76.329,-10.15
74.321,76.364,-10.15
74.287,76.366,-10.15
47.919,76.366,-10.15
47.885,76.364,-10.15
47.44,76.329,-10.15
47.436,76.329,-10.15
46.984,76.22,-10.15
46.557,76.044,-10.15
46.553,76.042,-10.15
46.157,75.8,-10.15
46.154,75.797,-10.15
45.806,75.5,-10.15
45.802,75.495,-10.15
45.502,75.144,-10.15
45.499,75.14,-10.15
45.26,74.75,-10.15
45.257,74.745,-10.15
45.08,74.317,-10.15
45.079,74.313,-10.15
44.972,73.867,-10.15
44.971,73.863,-10.15
44.935,73.405,-10.15
44.934,73.371,-10.15
44.934,44.423,-10.15
44.933,44.389,-10.15
44.903,44.118,-10.15
44.899,44.084,-10.15
44.898,44.08,-10.15
44.888,44.05,-10.15
44.796,43.789,-10.15
44.792,43.778,-10.15
44.79,43.774,-10.15
44.627,43.514,-10.15
44.622,43.507,-10.15
44.619,43.503,-10.15
44.397,43.281,-10.15
44.393,43.278,-10.15
44.389,43.275,-10.15
44.126,43.11,-10.15
44.122,43.108,-10.15
44.118,43.106,-10.15
43.829,43.005,-10.15
43.821,43.002,-10.15
43.816,43.001,-10.15
43.812,43.001,-10.15
43.507,42.966,-10.15
43.473,42.966,-10.15
28.008,42.966,-10.15
27.934,42.966,-10.15
27.696,42.928,-10.15
27.692,42.927,-10.15
27.485,42.821,-10.15
27.481,42.818,-10.15
27.315,42.653,-10.15
27.312,42.649,-10.15
27.204,42.438,-10.15
27.203,42.434,-10.15
27.166,42.2,-10.15
27.167,42.196,-10.15
27.203,41.967,-10.15
27.204,41.963,-10.15
27.312,41.752,-10.15
27.315,41.747,-10.15
27.481,41.582,-10.15
27.485,41.579,-10.15
27.502,41.57,-10.15
27.549,41.552,-10.15
27.593,41.53,-10.15
27.638,41.508,-10.151
27.69,41.482,-10.151
27.697,41.478,-10.151
27.713,41.476,-10.152
27.744,41.472,-10.152
27.794,41.465,-10.153
27.843,41.458,-10.154
27.893,41.451,-10.155
27.928,41.446,-10.156
27.935,41.445,-10.156
27.949,41.446,-10.156
27.999,41.447,-10.158
28.048,41.448,-10.159
28.098,41.45,-10.161
28.148,41.451,-10.162
28.198,41.453,-10.164
28.248,41.455,-10.165
28.298,41.456,-10.167
28.348,41.458,-10.169
28.747,41.472,-10.183
28.797,41.474,-10.184
28.847,41.475,-10.186
28.897,41.477,-10.188
28.947,41.478,-10.189
28.997,41.48,-10.191
29.047,41.481,-10.192
29.097,41.483,-10.193
29.146,41.484,-10.194
29.196,41.485,-10.196
29.246,41.486,-10.197
29.296,41.487,-10.198
29.346,41.488,-10.198
29.346,29.396,-10.199,-10.198
29.433,41.489,-10.199
29.446,41.489,-10.199
29.446,29.496,-10.2,-10.199
29.533,41.49,-10.2
29.546,41.49,-10.2
29.58,41.486,-10.2
43.473,41.486,-10.2
43.507,41.486,-10.2
43.952,41.521,-10.2
43.956,41.522,-10.2
44.398,41.628,-10.2
44.402,41.629,-10.2
44.822,41.803,-10.2
44.826,41.805,-10.2
45.211,42.041,-10.2
45.215,42.044,-10.2
45.558,42.337,-10.2
45.562,42.341,-10.2
45.855,42.684,-10.2
45.858,42.688,-10.2
46.095,43.074,-10.2
46.097,43.078,-10.2
46.271,43.498,-10.2
46.272,43.503,-10.2
46.378,43.944,-10.2
46.379,43.948,-10.2
46.413,44.389,-10.2
46.414,44.423,-10.2
46.414,73.371,-10.2
46.415,73.405,-10.2
46.451,73.727,-10.2
46.452,73.732,-10.2
46.453,73.736,-10.2
46.551,74.016,-10.2
46.561,74.044,-10.2
46.563,74.047,-10.2
46.565,74.05,-10.2
46.735,74.321,-10.2
46.738,74.325,-10.2
46.741,74.329,-10.2
46.971,74.559,-10.2
46.975,74.562,-10.2
46.979,74.565,-10.2
47.253,74.737,-10.2
47.257,74.739,-10.2
47.274,74.745,-10.2
47.562,74.846,-10.2
47.566,74.848,-10.2
47.571,74.849,-10.2
47.579,74.85,-10.2
47.885,74.884,-10.2
47.919,74.886,-10.2
74.287,74.886,-10.2
74.321,74.883,-10.2
74.627,74.849,-10.2
74.631,74.848,-10.2
74.635,74.847,-10.2
74.939,74.741,-10.2
74.943,74.739,-10.2
74.946,74.737,-10.2
74.961,74.729,-10.2
75.223,74.564,-10.2
75.226,74.562,-10.2
75.229,74.559,-10.2
75.454,74.334,-10.2
75.46,74.328,-10.2
75.463,74.324,-10.2
75.465,74.321,-10.2
75.635,74.05,-10.2
75.637,74.047,-10.2
75.639,74.044,-10.2
75.641,74.038,-10.2
75.747,73.736,-10.2
75.748,73.733,-10.2
75.749,73.73,-10.2
75.749,73.723,-10.2
75.785,73.405,-10.2
75.786,73.371,-10.2
75.786,44.423,-10.2
75.787,44.389,-10.2
75.821,43.948,-10.2
75.822,43.944,-10.2
75.928,43.503,-10.2
75.929,43.498,-10.2
76.103,43.078,-10.2
76.105,43.074,-10.2
76.341,42.689,-10.2
76.343,42.687,-10.2
76.637,42.342,-10.2
76.641,42.338,-10.2
76.986,42.043,-10.2
76.989,42.041,-10.2
77.376,41.804,-10.2
77.38,41.802,-10.2
77.796,41.63,-10.2
77.8,41.628,-10.2
78.241,41.522,-10.2
78.245,41.521,-10.2
78.699,41.486,-10.2
78.733,41.486,-10.2
92.062,41.486,-10.2
92.066,41.486,-10.2
92.286,41.521,-10.2
92.291,41.522,-10.2
92.488,41.622,-10.2
92.492,41.626,-10.2
92.645,41.779,-10.2
92.647,41.782,-10.2
92.746,41.975,-10.2
92.748,41.98,-10.2
92.782,42.196,-10.2
92.783,42.2,-10.2
92.748,42.417,-10.2
92.748,42.421,-10.2
92.647,42.618,-10.2
92.645,42.621,-10.2
92.492,42.774,-10.2
92.488,42.778,-10.2
92.291,42.878,-10.2
92.286,42.879,-10.2
92.066,42.914,-10.2
92.053,42.914,-10.2
78.733,42.914,-10.2
78.699,42.914,-10.2
78.665,42.918,-10.2
78.377,42.951,-10.2
78.372,42.951,-10.2
78.368,42.952,-10.2
78.36,42.955,-10.2
78.059,43.06,-10.2
78.054,43.062,-10.2
78.049,43.066,-10.2
77.779,43.235,-10.2
77.775,43.238,-10.2
77.771,43.241,-10.2
77.545,43.467,-10.2
77.539,43.473,-10.2
77.536,43.477,-10.2
77.368,43.744,-10.2
77.363,43.753,-10.2
77.361,43.757,-10.2
77.359,43.761,-10.2
77.258,44.05,-10.2
77.252,44.067,-10.2
77.251,44.071,-10.2
77.251,44.075,-10.2
77.215,44.389,-10.2
77.214,44.423,-10.2
77.214,73.371,-10.2
77.214,73.405,-10.2
77.179,73.855,-10.2
77.178,73.859,-10.2
77.072,74.3,-10.2
77.07,74.304,-10.2
76.897,74.721,-10.2
76.896,74.725,-10.2
76.658,75.112,-10.2
76.655,75.116,-10.2
76.363,75.458,-10.2
76.36,75.461,-10.2
76.014,75.757,-10.2
76.01,75.76,-10.2
75.623,75.997,-10.2
75.204,76.17,-10.2
75.199,76.172,-10.2
74.758,76.278,-10.2
74.754,76.279,-10.2
74.321,76.313,-10.2
74.287,76.314,-10.2
47.919,76.314,-10.2
47.885,76.313,-10.2
47.448,76.279,-10.2
47.443,76.278,-10.2
47.002,76.172,-10.2
46.998,76.171,-10.2
46.578,75.997,-10.2
46.574,75.995,-10.2
46.188,75.758,-10.2
46.184,75.755,-10.2
45.841,75.463,-10.2
45.838,75.459,-10.2
45.543,75.114,-10.2
45.541,75.111,-10.2
45.305,74.727,-10.2
45.303,74.723,-10.2
45.129,74.303,-10.2
45.128,74.299,-10.2
45.022,73.859,-10.2
45.021,73.855,-10.2
44.986,73.405,-10.2
44.986,73.371,-10.2
44.986,44.423,-10.2
44.985,44.389,-10.2
44.949,44.075,-10.2
44.949,44.071,-10.2
44.948,44.067,-10.2
44.942,44.05,-10.2
44.841,43.761,-10.2
44.839,43.757,-10.2
44.837,43.753,-10.2
44.83,43.742,-10.2
44.664,43.477,-10.2
44.661,43.473,-10.2
44.627,43.439,-10.2
44.432,43.244,-10.2
44.427,43.239,-10.2
44.423,43.236,-10.2
44.151,43.066,-10.2
44.147,43.063,-10.2
44.143,43.061,-10.2
44.135,43.058,-10.2
43.838,42.954,-10.2
43.833,42.952,-10.2
43.829,42.951,-10.2
43.812,42.949,-10.2
43.507,42.915,-10.2
43.473,42.914,-10.2
27.938,42.914,-10.2
27.934,42.914,-10.2
27.714,42.879,-10.2
27.709,42.878,-10.2
27.512,42.778,-10.2
27.508,42.774,-10.2
27.355,42.621,-10.2
27.353,42.618,-10.2
27.252,42.421,-10.2
27.252,42.417,-10.2
27.217,42.2,-10.2
27.218,42.196,-10.2
27.251,41.987,-10.2
27.252,41.98,-10.2
27.254,41.975,-10.2
27.353,41.782,-10.2
27.355,41.779,-10.2
27.508,41.626,-10.2
27.512,41.622,-10.2
27.709,41.522,-10.2
27.714,41.521,-10.2
27.934,41.486,-10.2
27.947,41.486,-10.2
29.58,41.486,-10.2
29.63,41.49,-10.2
29.68,41.49,-10.2
29.73,41.491,-10.201
29.78,41.492,-10.201
29.83,41.493,-10.202
29.879,41.494,-10.203
29.929,41.495,-10.204
29.979,41.497,-10.205
30.029,41.498,-10.206
30.079,41.5,-10.207
30.129,41.502,-10.208
30.179,41.504,-10.21
30.229,41.507,-10.211
30.279,41.509,-10.213
30.329,41.511,-10.215
30.379,41.514,-10.216
30.428,41.516,-10.218
30.528,41.522,-10.221
30.828,41.537,-10.232
30.878,41.54,-10.234
30.928,41.542,-10.235
30.977,41.545,-10.237
31.027,41.547,-10.238
31.077,41.549,-10.24
31.127,41.552,-10.241
31.177,41.554,-10.243
31.227,41.555,-10.244
31.277,41.557,-10.245
31.327,41.559,-10.246
31.377,41.56,-10.247
31.427,41.561,-10.248
31.477,41.562,-10.249
31.527,41.563,-10.249
31.576,41.564,-10.25
31.626,41.564,-10.25
31.664,41.564,-10.25
31.676,41.564,-10.25
31.686,41.559,-10.25
43.473,41.559,-10.25
43.507,41.559,-10.25
43.944,41.594,-10.25
43.948,41.595,-10.25
44.376,41.698,-10.25
44.381,41.699,-10.25
44.788,41.868,-10.25
44.792,41.87,-10.25
45.17,42.101,-10.25
45.174,42.105,-10.25
45.507,42.389,-10.25
45.509,42.391,-10.25
45.798,42.73,-10.25
45.801,42.734,-10.25
46.03,43.108,-10.25
46.032,43.112,-10.25
46.201,43.52,-10.25
46.202,43.524,-10.25
46.305,43.952,-10.25
46.306,43.956,-10.25
46.34,44.389,-10.25
46.341,44.423,-10.25
46.341,73.371,-10.25
46.341,73.405,-10.25
46.353,73.541,-10.25
46.357,73.575,-10.25
46.371,73.702,-10.25
46.372,73.706,-10.25
46.373,73.71,-10.25
46.4,73.812,-10.25
46.409,73.846,-10.25
46.421,73.88,-10.25
46.459,73.989,-10.25
46.471,74.016,-10.25
46.518,74.118,-10.25
46.527,74.136,-10.25
46.601,74.253,-10.25
46.624,74.287,-10.25
46.671,74.355,-10.25
46.695,74.389,-10.25
46.697,74.391,-10.25
46.909,74.603,-10.25
46.913,74.607,-10.25
46.968,74.645,-10.25
47.002,74.669,-10.25
47.036,74.692,-10.25
47.148,74.762,-10.25
47.172,74.777,-10.25
47.286,74.83,-10.25
47.308,74.839,-10.25
47.443,74.887,-10.25
47.477,74.897,-10.25
47.579,74.924,-10.25
47.596,74.928,-10.25
47.749,74.946,-10.25
47.783,74.949,-10.25
47.885,74.958,-10.25
47.919,74.959,-10.25
74.287,74.959,-10.25
74.321,74.957,-10.25
74.423,74.948,-10.25
74.457,74.945,-10.25
74.601,74.929,-10.25
74.605,74.928,-10.25
74.61,74.927,-10.25
74.729,74.895,-10.25
74.762,74.885,-10.25
74.898,74.837,-10.25
74.914,74.83,-10.25
75,74.79,-10.25
75.034,74.774,-10.25
75.16,74.695,-10.25
75.17,74.689,-10.25
75.286,74.607,-10.25
75.29,74.604,-10.25
75.475,74.419,-10.25
75.505,74.389,-10.25
75.509,74.383,-10.25
75.577,74.286,-10.25
75.599,74.253,-10.25
75.663,74.152,-10.25
75.679,74.124,-10.25
75.729,74.016,-10.25
75.743,73.982,-10.25
75.781,73.875,-10.25
75.791,73.846,-10.25
75.8,73.812,-10.25
75.827,73.71,-10.25
75.828,73.706,-10.25
75.829,73.702,-10.25
75.843,73.575,-10.25
75.847,73.541,-10.25
75.859,73.405,-10.25
75.859,73.371,-10.25
75.859,44.423,-10.25
75.86,44.389,-10.25
75.894,43.956,-10.25
75.895,43.952,-10.25
75.998,43.524,-10.25
75.999,43.52,-10.25
76.168,43.112,-10.25
76.17,43.108,-10.25
76.401,42.731,-10.25
76.403,42.729,-10.25
76.687,42.395,-10.25
76.692,42.391,-10.25
77.028,42.103,-10.25
77.031,42.101,-10.25
77.41,41.869,-10.25
77.414,41.867,-10.25
77.821,41.698,-10.25
77.825,41.697,-10.25
78.254,41.594,-10.25
78.258,41.594,-10.25
78.699,41.559,-10.25
78.733,41.559,-10.25
92.036,41.559,-10.25
92.07,41.559,-10.25
92.138,41.569,-10.25
92.16,41.572,-10.25
92.257,41.588,-10.25
92.261,41.589,-10.25
92.308,41.61,-10.25
92.342,41.626,-10.25
92.431,41.672,-10.25
92.434,41.674,-10.25
92.477,41.712,-10.25
92.51,41.742,-10.25
92.57,41.802,-10.25
92.573,41.806,-10.25
92.613,41.868,-10.25
92.619,41.878,-10.25
92.666,41.971,-10.25
92.667,41.975,-10.25
92.689,42.048,-10.25
92.694,42.081,-10.25
92.706,42.158,-10.25
92.707,42.162,-10.25
92.707,42.238,-10.25
92.706,42.243,-10.25
92.694,42.319,-10.25
92.689,42.353,-10.25
92.667,42.425,-10.25
92.666,42.429,-10.25
92.618,42.523,-10.25
92.613,42.532,-10.25
92.573,42.595,-10.25
92.569,42.599,-10.25
92.509,42.658,-10.25
92.477,42.688,-10.25
92.434,42.726,-10.25
92.431,42.728,-10.25
92.342,42.774,-10.25
92.308,42.79,-10.25
92.261,42.811,-10.25
92.257,42.812,-10.25
92.157,42.828,-10.25
92.138,42.831,-10.25
92.07,42.841,-10.25
92.036,42.841,-10.25
78.733,42.841,-10.25
78.699,42.841,-10.25
78.665,42.844,-10.25
78.563,42.853,-10.25
78.529,42.857,-10.25
78.428,42.868,-10.25
78.394,42.872,-10.25
78.36,42.881,-10.25
78.258,42.908,-10.25
78.224,42.92,-10.25
78.122,42.955,-10.25
78.099,42.964,-10.25
77.986,43.016,-10.25
77.957,43.032,-10.25
77.849,43.1,-10.25
77.817,43.121,-10.25
77.715,43.192,-10.25
77.712,43.194,-10.25
77.71,43.196,-10.25
77.501,43.405,-10.25
77.494,43.413,-10.25
77.488,43.421,-10.25
77.428,43.507,-10.25
77.41,43.533,-10.25
77.341,43.643,-10.25
77.321,43.676,-10.25
77.273,43.778,-10.25
77.259,43.812,-10.25
77.211,43.948,-10.25
77.206,43.967,-10.25
77.175,44.084,-10.25
77.172,44.094,-10.25
77.169,44.118,-10.25
77.154,44.253,-10.25
77.151,44.287,-10.25
77.142,44.389,-10.25
77.141,44.423,-10.25
77.141,73.371,-10.25
77.141,73.405,-10.25
77.106,73.842,-10.25
77.106,73.846,-10.25
77.002,74.277,-10.25
77.001,74.279,-10.25
76.833,74.687,-10.25
76.831,74.691,-10.25
76.6,75.068,-10.25
76.598,75.071,-10.25
76.31,75.407,-10.25
76.308,75.41,-10.25
75.971,75.697,-10.25
75.967,75.7,-10.25
75.594,75.929,-10.25
75.59,75.931,-10.25
75.178,76.102,-10.25
75.174,76.103,-10.25
74.745,76.206,-10.25
74.741,76.206,-10.25
74.321,76.239,-10.25
74.287,76.241,-10.25
47.919,76.241,-10.25
47.885,76.24,-10.25
47.456,76.206,-10.25
47.452,76.205,-10.25
47.023,76.102,-10.25
47.019,76.101,-10.25
46.612,75.932,-10.25
46.608,75.93,-10.25
46.234,75.701,-10.25
46.23,75.698,-10.25
45.893,75.411,-10.25
45.89,75.407,-10.25
45.603,75.071,-10.25
45.6,75.068,-10.25
45.369,74.69,-10.25
45.367,74.686,-10.25
45.198,74.279,-10.25
45.197,74.275,-10.25
45.094,73.846,-10.25
45.094,73.842,-10.25
45.059,73.405,-10.25
45.059,73.371,-10.25
45.059,44.423,-10.25
45.058,44.389,-10.25
45.049,44.287,-10.25
45.046,44.253,-10.25
45.029,44.101,-10.25
45.028,44.092,-10.25
44.998,43.982,-10.25
44.989,43.948,-10.25
44.941,43.812,-10.25
44.932,43.79,-10.25
44.879,43.676,-10.25
44.864,43.651,-10.25
44.795,43.541,-10.25
44.772,43.507,-10.25
44.707,43.413,-10.25
44.703,43.409,-10.25
44.491,43.197,-10.25
44.487,43.193,-10.25
44.389,43.125,-10.25
44.355,43.102,-10.25
44.243,43.032,-10.25
44.219,43.019,-10.25
44.101,42.964,-10.25
44.084,42.958,-10.25
43.948,42.91,-10.25
43.914,42.901,-10.25
43.808,42.872,-10.25
43.804,42.872,-10.25
43.676,42.857,-10.25
43.643,42.854,-10.25
43.507,42.842,-10.25
43.473,42.841,-10.25
27.964,42.841,-10.25
27.93,42.841,-10.25
27.862,42.831,-10.25
27.843,42.828,-10.25
27.743,42.812,-10.25
27.739,42.811,-10.25
27.692,42.79,-10.25
27.658,42.774,-10.25
27.569,42.728,-10.25
27.566,42.726,-10.25
27.523,42.688,-10.25
27.491,42.658,-10.25
27.431,42.599,-10.25
27.427,42.595,-10.25
27.387,42.532,-10.25
27.382,42.523,-10.25
27.334,42.429,-10.25
27.333,42.425,-10.25
27.311,42.353,-10.25
27.306,42.319,-10.25
27.294,42.243,-10.25
27.293,42.238,-10.25
27.293,42.162,-10.25
27.294,42.158,-10.25
27.306,42.081,-10.25
27.311,42.048,-10.25
27.333,41.975,-10.25
27.334,41.971,-10.25
27.381,41.878,-10.25
27.387,41.868,-10.25
27.427,41.806,-10.25
27.43,41.802,-10.25
27.49,41.742,-10.25
27.523,41.712,-10.25
27.566,41.674,-10.25
27.569,41.672,-10.25
27.658,41.626,-10.25
27.692,41.61,-10.25
27.739,41.589,-10.25
27.743,41.588,-10.25
27.84,41.572,-10.25
27.862,41.569,-10.25
27.93,41.559,-10.25
27.964,41.559,-10.25
31.686,41.559,-10.25
31.694,41.562,-10.25
31.696,41.57,-10.25
31.675,41.729,-10.25
31.665,41.721,-10.251
31.668,41.708,-10.251
31.681,41.705,-10.252
31.689,41.716,-10.252
31.682,41.728,-10.253
31.669,41.727,-10.253
31.664,41.714,-10.254
31.674,41.705,-10.254
31.687,41.71,-10.255
31.687,41.723,-10.255
31.675,41.729,-10.256
31.664,41.721,-10.256
31.668,41.708,-10.257
31.681,41.705,-10.257
31.689,41.717,-10.258
31.682,41.728,-10.258
31.668,41.726,-10.259
31.664,41.713,-10.259
31.674,41.705,-10.26
31.687,41.71,-10.26
31.687,41.724,-10.261
31.674,41.729,-10.261
31.664,41.72,-10.262
31.668,41.707,-10.262
31.682,41.706,-10.263
31.689,41.717,-10.263
31.681,41.728,-10.264
31.668,41.726,-10.264
31.664,41.713,-10.265
31.675,41.704,-10.265
31.687,41.711,-10.266
31.686,41.724,-10.266
31.674,41.729,-10.267
31.664,41.72,-10.267
31.669,41.707,-10.268
31.682,41.706,-10.268
31.689,41.718,-10.269
31.681,41.729,-10.269
31.667,41.726,-10.27
31.665,41.712,-10.27
31.675,41.704,-10.271
31.687,41.711,-10.271
31.686,41.725,-10.272
31.673,41.729,-10.272
31.664,41.719,-10.273
31.669,41.707,-10.273
31.683,41.706,-10.274
31.689,41.718,-10.274
31.68,41.729,-10.275
31.667,41.725,-10.275
31.665,41.712,-10.276
31.676,41.704,-10.276
31.688,41.711,-10.277
31.686,41.725,-10.277
31.673,41.729,-10.278
31.664,41.719,-10.278
31.669,41.706,-10.279
31.683,41.706,-10.279
31.689,41.719,-10.28
31.68,41.729,-10.28
31.667,41.725,-10.281
31.665,41.712,-10.281
31.676,41.704,-10.282
31.688,41.712,-10.282
31.686,41.725,-10.283
31.672,41.729,-10.283
31.664,41.718,-10.284
31.67,41.706,-10.284
31.683,41.707,-10.285
31.689,41.719,-10.285
31.679,41.729,-10.286
31.666,41.725,-10.286
31.665,41.711,-10.287
31.677,41.704,-10.287
31.688,41.712,-10.288
31.685,41.726,-10.288
31.672,41.729,-10.289
31.664,41.718,-10.289
31.67,41.706,-10.29
31.684,41.707,-10.29
31.688,41.72,-10.291
31.679,41.729,-10.291
31.666,41.724,-10.292
31.665,41.711,-10.292
31.677,41.704,-10.293
31.688,41.713,-10.293
31.685,41.726,-10.294
31.672,41.728,-10.294
31.664,41.717,-10.295
31.671,41.706,-10.295
31.684,41.707,-10.296
31.688,41.72,-10.296
31.678,41.729,-10.297
31.666,41.724,-10.297
31.666,41.71,-10.298
31.678,41.704,-10.298
31.688,41.713,-10.299
31.685,41.726,-10.299
31.671,41.728,-10.3
31.664,41.717,-10.3
31.664,41.702,-10.3
31.67,41.686,-10.3
31.686,41.679,-10.3
43.473,41.679,-10.3
43.507,41.68,-10.3
43.744,41.699,-10.3
43.778,41.701,-10.3
43.914,41.713,-10.3
43.948,41.717,-10.3
44.194,41.776,-10.3
44.219,41.783,-10.3
44.355,41.819,-10.3
44.389,41.83,-10.3
44.593,41.915,-10.3
44.627,41.929,-10.3
44.762,41.992,-10.3
44.796,42.01,-10.3
45,42.135,-10.3
45.022,42.149,-10.3
45.136,42.229,-10.3
45.165,42.251,-10.3
45.339,42.4,-10.3
45.363,42.421,-10.3
45.475,42.533,-10.3
45.496,42.557,-10.3
45.645,42.73,-10.3
45.668,42.76,-10.3
45.747,42.872,-10.3
45.763,42.896,-10.3
45.887,43.1,-10.3
45.906,43.133,-10.3
45.969,43.269,-10.3
45.984,43.303,-10.3
46.068,43.507,-10.3
46.08,43.541,-10.3
46.12,43.69,-10.3
46.125,43.71,-10.3
46.182,43.948,-10.3
46.186,43.982,-10.3
46.198,44.118,-10.3
46.201,44.152,-10.3
46.22,44.389,-10.3
46.221,44.423,-10.3
46.221,73.371,-10.3
46.221,73.405,-10.3
46.233,73.541,-10.3
46.236,73.575,-10.3
46.246,73.676,-10.3
46.25,73.71,-10.3
46.29,73.858,-10.3
46.296,73.88,-10.3
46.327,73.982,-10.3
46.339,74.016,-10.3
46.402,74.152,-10.3
46.42,74.186,-10.3
46.459,74.259,-10.3
46.476,74.287,-10.3
46.561,74.409,-10.3
46.571,74.423,-10.3
46.629,74.493,-10.3
46.655,74.525,-10.3
46.765,74.634,-10.3
46.794,74.661,-10.3
46.877,74.729,-10.3
46.9,74.745,-10.3
47.022,74.83,-10.3
47.036,74.838,-10.3
47.138,74.893,-10.3
47.15,74.898,-10.3
47.295,74.966,-10.3
47.308,74.97,-10.3
47.41,75.001,-10.3
47.443,75.011,-10.3
47.579,75.047,-10.3
47.613,75.053,-10.3
47.715,75.063,-10.3
47.749,75.066,-10.3
47.885,75.078,-10.3
47.919,75.079,-10.3
74.287,75.079,-10.3
74.321,75.078,-10.3
74.457,75.066,-10.3
74.491,75.062,-10.3
74.593,75.052,-10.3
74.627,75.046,-10.3
74.762,75.009,-10.3
74.794,75,-10.3
74.898,74.969,-10.3
74.905,74.966,-10.3
75.05,74.898,-10.3
75.068,74.889,-10.3
75.17,74.835,-10.3
75.178,74.83,-10.3
75.305,74.741,-10.3
75.323,74.729,-10.3
75.407,74.659,-10.3
75.441,74.629,-10.3
75.545,74.525,-10.3
75.573,74.491,-10.3
75.629,74.423,-10.3
75.645,74.401,-10.3
75.724,74.287,-10.3
75.744,74.253,-10.3
75.781,74.185,-10.3
75.798,74.152,-10.3
75.861,74.016,-10.3
75.873,73.982,-10.3
75.904,73.88,-10.3
75.914,73.846,-10.3
75.95,73.71,-10.3
75.954,73.676,-10.3
75.964,73.575,-10.3
75.967,73.541,-10.3
75.979,73.405,-10.3
75.979,73.371,-10.3
75.979,44.423,-10.3
75.98,44.389,-10.3
75.999,44.152,-10.3
76.002,44.118,-10.3
76.014,43.982,-10.3
76.018,43.948,-10.3
76.075,43.71,-10.3
76.084,43.676,-10.3
76.12,43.541,-10.3
76.132,43.507,-10.3
76.222,43.29,-10.3
76.231,43.269,-10.3
76.294,43.133,-10.3
76.313,43.1,-10.3
76.437,42.896,-10.3
76.459,42.864,-10.3
76.532,42.76,-10.3
76.559,42.726,-10.3
76.704,42.557,-10.3
76.731,42.527,-10.3
76.837,42.421,-10.3
76.867,42.395,-10.3
77.036,42.25,-10.3
77.07,42.225,-10.3
77.178,42.149,-10.3
77.206,42.131,-10.3
77.41,42.007,-10.3
77.443,41.99,-10.3
77.545,41.942,-10.3
77.579,41.926,-10.3
77.817,41.828,-10.3
77.851,41.817,-10.3
77.986,41.781,-10.3
78.006,41.776,-10.3
78.224,41.724,-10.3
78.258,41.716,-10.3
78.428,41.701,-10.3
78.462,41.698,-10.3
78.699,41.679,-10.3
78.733,41.679,-10.3
92.036,41.679,-10.3
92.07,41.68,-10.3
92.138,41.689,-10.3
92.172,41.694,-10.3
92.206,41.701,-10.3
92.236,41.708,-10.3
92.31,41.742,-10.3
92.342,41.76,-10.3
92.376,41.783,-10.3
92.407,41.81,-10.3
92.446,41.844,-10.3
92.472,41.878,-10.3
92.477,41.886,-10.3
92.495,41.912,-10.3
92.538,41.98,-10.3
92.545,41.992,-10.3
92.572,42.081,-10.3
92.579,42.115,-10.3
92.586,42.149,-10.3
92.586,42.217,-10.3
92.585,42.251,-10.3
92.579,42.285,-10.3
92.571,42.319,-10.3
92.545,42.408,-10.3
92.538,42.421,-10.3
92.494,42.489,-10.3
92.477,42.514,-10.3
92.472,42.523,-10.3
92.446,42.557,-10.3
92.407,42.59,-10.3
92.376,42.617,-10.3
92.342,42.64,-10.3
92.309,42.658,-10.3
92.235,42.692,-10.3
92.206,42.699,-10.3
92.172,42.706,-10.3
92.138,42.711,-10.3
92.07,42.72,-10.3
92.036,42.721,-10.3
78.733,42.721,-10.3
78.699,42.721,-10.3
78.529,42.736,-10.3
78.428,42.746,-10.3
78.394,42.749,-10.3
78.351,42.76,-10.3
78.258,42.785,-10.3
78.225,42.794,-10.3
78.113,42.828,-10.3
78.088,42.837,-10.3
77.952,42.9,-10.3
77.919,42.918,-10.3
77.833,42.964,-10.3
77.817,42.973,-10.3
77.685,43.066,-10.3
77.681,43.068,-10.3
77.643,43.1,-10.3
77.579,43.152,-10.3
77.563,43.167,-10.3
77.461,43.269,-10.3
77.443,43.289,-10.3
77.376,43.372,-10.3
77.351,43.405,-10.3
77.274,43.516,-10.3
77.259,43.541,-10.3
77.206,43.641,-10.3
77.205,43.643,-10.3
77.138,43.786,-10.3
77.128,43.812,-10.3
77.097,43.914,-10.3
77.088,43.948,-10.3
77.052,44.084,-10.3
77.047,44.118,-10.3
77.036,44.222,-10.3
77.033,44.253,-10.3
77.022,44.389,-10.3
77.021,44.423,-10.3
77.021,73.371,-10.3
77.02,73.405,-10.3
77.002,73.643,-10.3
76.999,73.676,-10.3
76.987,73.812,-10.3
76.983,73.846,-10.3
76.926,74.084,-10.3
76.918,74.118,-10.3
76.881,74.253,-10.3
76.87,74.287,-10.3
76.786,74.491,-10.3
76.772,74.525,-10.3
76.709,74.661,-10.3
76.697,74.685,-10.3
76.561,74.906,-10.3
76.543,74.932,-10.3
76.459,75.052,-10.3
76.446,75.068,-10.3
76.29,75.251,-10.3
76.271,75.271,-10.3
76.169,75.373,-10.3
76.154,75.388,-10.3
75.972,75.543,-10.3
75.95,75.561,-10.3
75.814,75.656,-10.3
75.781,75.677,-10.3
75.611,75.781,-10.3
75.577,75.801,-10.3
75.441,75.864,-10.3
75.407,75.879,-10.3
75.204,75.964,-10.3
75.17,75.977,-10.3
75.017,76.018,-10.3
75,76.022,-10.3
74.762,76.08,-10.3
74.729,76.085,-10.3
74.593,76.097,-10.3
74.559,76.1,-10.3
74.309,76.12,-10.3
74.287,76.121,-10.3
47.919,76.121,-10.3
47.891,76.12,-10.3
47.647,76.101,-10.3
47.613,76.098,-10.3
47.477,76.086,-10.3
47.443,76.081,-10.3
47.206,76.024,-10.3
47.183,76.018,-10.3
47.036,75.979,-10.3
47.002,75.966,-10.3
46.799,75.882,-10.3
46.765,75.867,-10.3
46.629,75.804,-10.3
46.595,75.785,-10.3
46.391,75.66,-10.3
46.37,75.645,-10.3
46.256,75.565,-10.3
46.228,75.543,-10.3
46.052,75.393,-10.3
46.031,75.373,-10.3
45.929,75.271,-10.3
45.916,75.258,-10.3
45.747,75.06,-10.3
45.728,75.034,-10.3
45.645,74.915,-10.3
45.634,74.898,-10.3
45.509,74.694,-10.3
45.491,74.661,-10.3
45.428,74.525,-10.3
45.414,74.491,-10.3
45.33,74.287,-10.3
45.319,74.253,-10.3
45.282,74.118,-10.3
45.274,74.084,-10.3
45.217,73.846,-10.3
45.213,73.812,-10.3
45.201,73.676,-10.3
45.198,73.643,-10.3
45.18,73.405,-10.3
45.179,73.371,-10.3
45.179,44.423,-10.3
45.178,44.389,-10.3
45.167,44.253,-10.3
45.164,44.219,-10.3
45.153,44.118,-10.3
45.148,44.084,-10.3
45.112,43.948,-10.3
45.103,43.914,-10.3
45.068,43.8,-10.3
45.058,43.778,-10.3
44.995,43.643,-10.3
44.977,43.609,-10.3
44.932,43.525,-10.3
44.92,43.507,-10.3
44.849,43.405,-10.3
44.83,43.379,-10.3
44.762,43.296,-10.3
44.739,43.269,-10.3
44.627,43.157,-10.3
44.599,43.133,-10.3
44.525,43.073,-10.3
44.515,43.066,-10.3
44.389,42.977,-10.3
44.367,42.964,-10.3
44.287,42.921,-10.3
44.253,42.903,-10.3
44.118,42.84,-10.3
44.087,42.828,-10.3
43.975,42.794,-10.3
43.948,42.787,-10.3
43.812,42.75,-10.3
43.778,42.746,-10.3
43.676,42.736,-10.3
43.643,42.733,-10.3
43.507,42.721,-10.3
43.473,42.721,-10.3
27.964,42.721,-10.3
27.93,42.72,-10.3
27.862,42.711,-10.3
27.828,42.706,-10.3
27.794,42.699,-10.3
27.765,42.692,-10.3
27.691,42.658,-10.3
27.658,42.64,-10.3
27.624,42.617,-10.3
27.593,42.59,-10.3
27.554,42.557,-10.3
27.528,42.523,-10.3
27.523,42.514,-10.3
27.506,42.489,-10.3
27.462,42.421,-10.3
27.455,42.408,-10.3
27.429,42.319,-10.3
27.421,42.285,-10.3
27.415,42.251,-10.3
27.414,42.183,-10.3
27.414,42.149,-10.3
27.421,42.117,-10.3
27.421,42.115,-10.3
27.428,42.081,-10.3
27.455,41.992,-10.3
27.462,41.98,-10.3
27.505,41.912,-10.3
27.523,41.886,-10.3
27.528,41.878,-10.3
27.554,41.844,-10.3
27.593,41.81,-10.3
27.624,41.783,-10.3
27.658,41.76,-10.3
27.69,41.742,-10.3
27.764,41.708,-10.3
27.794,41.701,-10.3
27.828,41.694,-10.3
27.862,41.689,-10.3
27.93,41.68,-10.3
27.964,41.679,-10.3
31.686,41.679,-10.3
31.694,41.683,-10.3
31.696,41.691,-10.3
31.68,41.804,-10.3
31.667,41.8,-10.301
31.665,41.787,-10.301
31.676,41.78,-10.302
31.688,41.787,-10.302
31.686,41.801,-10.303
31.672,41.804,-10.303
31.664,41.794,-10.304
31.67,41.782,-10.304
31.67,31.683,-10.305,-10.304
31.689,41.795,-10.305
31.679,41.804,-10.306
31.666,41.8,-10.306
31.665,41.787,-10.307
31.677,41.78,-10.307
31.688,41.788,-10.308
31.685,41.801,-10.308
31.672,41.804,-10.308
31.664,41.793,-10.309
31.67,41.781,-10.309
31.684,41.782,-10.31
31.688,41.795,-10.31
31.679,41.805,-10.311
31.666,41.8,-10.311
31.665,41.786,-10.312
31.677,41.78,-10.312
31.688,41.788,-10.313
31.685,41.801,-10.313
31.672,41.804,-10.314
31.664,41.793,-10.314
31.671,41.781,-10.315
31.684,41.783,-10.315
31.688,41.795,-10.316
31.678,41.805,-10.316
31.666,41.799,-10.317
31.666,41.786,-10.317
31.678,41.78,-10.318
31.688,41.789,-10.318
31.685,41.802,-10.319
31.671,41.804,-10.319
31.664,41.792,-10.32
31.664,41.777,-10.32
31.67,41.761,-10.32
31.686,41.755,-10.32
43.473,41.755,-10.32
43.507,41.755,-10.32
43.575,41.761,-10.32
43.948,41.793,-10.32
43.982,41.801,-10.32
44.019,41.81,-10.32
44.05,41.818,-10.32
44.355,41.9,-10.32
44.389,41.909,-10.32
44.457,41.937,-10.32
44.476,41.946,-10.32
44.796,42.095,-10.32
44.83,42.115,-10.32
44.864,42.136,-10.32
44.883,42.149,-10.32
45.174,42.353,-10.32
45.213,42.387,-10.32
45.238,42.408,-10.32
45.488,42.658,-10.32
45.509,42.682,-10.32
45.547,42.726,-10.32
45.761,43.032,-10.32
45.781,43.063,-10.32
45.803,43.1,-10.32
45.961,43.439,-10.32
45.975,43.473,-10.32
45.989,43.507,-10.32
45.999,43.541,-10.32
46.086,43.865,-10.32
46.09,43.88,-10.32
46.106,43.948,-10.32
46.109,43.982,-10.32
46.139,44.321,-10.32
46.142,44.355,-10.32
46.144,44.389,-10.32
46.145,44.423,-10.32
46.145,73.371,-10.32
46.146,73.405,-10.32
46.149,73.439,-10.32
46.152,73.473,-10.32
46.175,73.71,-10.32
46.18,73.744,-10.32
46.189,73.778,-10.32
46.199,73.812,-10.32
46.271,74.05,-10.32
46.285,74.084,-10.32
46.29,74.093,-10.32
46.302,74.118,-10.32
46.429,74.355,-10.32
46.452,74.389,-10.32
46.459,74.399,-10.32
46.479,74.423,-10.32
46.629,74.606,-10.32
46.647,74.627,-10.32
46.663,74.643,-10.32
46.681,74.661,-10.32
46.888,74.83,-10.32
46.9,74.841,-10.32
46.934,74.864,-10.32
46.968,74.884,-10.32
47.186,75,-10.32
47.206,75.01,-10.32
47.24,75.026,-10.32
47.267,75.034,-10.32
47.511,75.108,-10.32
47.545,75.117,-10.32
47.579,75.124,-10.32
47.851,75.151,-10.32
47.885,75.153,-10.32
47.919,75.155,-10.32
74.287,75.155,-10.32
74.321,75.153,-10.32
74.355,75.15,-10.32
74.627,75.123,-10.32
74.661,75.116,-10.32
74.695,75.106,-10.32
74.933,75.034,-10.32
74.966,75.023,-10.32
75,75.007,-10.32
75.014,75,-10.32
75.238,74.88,-10.32
75.266,74.864,-10.32
75.271,74.86,-10.32
75.305,74.836,-10.32
75.519,74.661,-10.32
75.543,74.637,-10.32
75.553,74.627,-10.32
75.577,74.599,-10.32
75.721,74.423,-10.32
75.747,74.391,-10.32
75.748,74.389,-10.32
75.771,74.355,-10.32
75.898,74.118,-10.32
75.915,74.084,-10.32
75.916,74.08,-10.32
75.929,74.05,-10.32
76.001,73.812,-10.32
76.011,73.778,-10.32
76.02,73.744,-10.32
76.025,73.71,-10.32
76.048,73.473,-10.32
76.051,73.439,-10.32
76.054,73.405,-10.32
76.055,73.371,-10.32
76.055,44.423,-10.32
76.056,44.389,-10.32
76.058,44.355,-10.32
76.061,44.321,-10.32
76.091,43.982,-10.32
76.094,43.948,-10.32
76.11,43.88,-10.32
76.12,43.843,-10.32
76.201,43.541,-10.32
76.211,43.507,-10.32
76.225,43.473,-10.32
76.239,43.439,-10.32
76.397,43.1,-10.32
76.425,43.054,-10.32
76.439,43.032,-10.32
76.653,42.726,-10.32
76.697,42.675,-10.32
76.712,42.658,-10.32
76.968,42.402,-10.32
76.987,42.387,-10.32
77.026,42.353,-10.32
77.317,42.149,-10.32
77.342,42.133,-10.32
77.376,42.112,-10.32
77.41,42.093,-10.32
77.724,41.946,-10.32
77.749,41.935,-10.32
77.804,41.912,-10.32
77.817,41.907,-10.32
78.156,41.816,-10.32
78.181,41.81,-10.32
78.224,41.8,-10.32
78.258,41.793,-10.32
78.597,41.763,-10.32
78.631,41.76,-10.32
78.699,41.755,-10.32
78.733,41.755,-10.32
92.036,41.755,-10.32
92.07,41.755,-10.32
92.104,41.76,-10.32
92.206,41.781,-10.32
92.24,41.79,-10.32
92.274,41.81,-10.32
92.342,41.855,-10.32
92.374,41.878,-10.32
92.376,41.879,-10.32
92.402,41.912,-10.32
92.448,41.98,-10.32
92.47,42.014,-10.32
92.477,42.025,-10.32
92.485,42.048,-10.32
92.492,42.081,-10.32
92.512,42.183,-10.32
92.512,42.217,-10.32
92.492,42.319,-10.32
92.485,42.353,-10.32
92.477,42.375,-10.32
92.47,42.387,-10.32
92.447,42.421,-10.32
92.402,42.489,-10.32
92.376,42.521,-10.32
92.373,42.523,-10.32
92.342,42.545,-10.32
92.273,42.59,-10.32
92.24,42.61,-10.32
92.206,42.619,-10.32
92.104,42.64,-10.32
92.07,42.645,-10.32
92.036,42.645,-10.32
78.733,42.645,-10.32
78.699,42.645,-10.32
78.665,42.648,-10.32
78.631,42.651,-10.32
78.394,42.675,-10.32
78.36,42.679,-10.32
78.326,42.688,-10.32
78.31,42.692,-10.32
78.054,42.77,-10.32
78.02,42.783,-10.32
77.997,42.794,-10.32
77.986,42.8,-10.32
77.743,42.93,-10.32
77.715,42.949,-10.32
77.695,42.964,-10.32
77.488,43.133,-10.32
77.477,43.142,-10.32
77.443,43.176,-10.32
77.423,43.201,-10.32
77.274,43.383,-10.32
77.256,43.405,-10.32
77.232,43.439,-10.32
77.214,43.473,-10.32
77.104,43.679,-10.32
77.088,43.71,-10.32
77.073,43.744,-10.32
76.991,44.016,-10.32
76.981,44.05,-10.32
76.976,44.084,-10.32
76.952,44.321,-10.32
76.949,44.355,-10.32
76.946,44.389,-10.32
76.945,44.423,-10.32
76.945,73.371,-10.32
76.945,73.405,-10.32
76.939,73.473,-10.32
76.934,73.531,-10.32
76.907,73.846,-10.32
76.9,73.876,-10.32
76.891,73.914,-10.32
76.882,73.948,-10.32
76.792,74.287,-10.32
76.778,74.321,-10.32
76.764,74.355,-10.32
76.748,74.389,-10.32
76.606,74.695,-10.32
76.595,74.713,-10.32
76.565,74.762,-10.32
76.561,74.768,-10.32
76.351,75.068,-10.32
76.324,75.101,-10.32
76.293,75.136,-10.32
76.052,75.377,-10.32
76.02,75.407,-10.32
75.981,75.441,-10.32
75.95,75.464,-10.32
75.679,75.654,-10.32
75.645,75.676,-10.32
75.611,75.696,-10.32
75.579,75.713,-10.32
75.271,75.856,-10.32
75.238,75.871,-10.32
75.204,75.885,-10.32
75.17,75.896,-10.32
74.83,75.987,-10.32
74.796,75.995,-10.32
74.762,76.004,-10.32
74.729,76.008,-10.32
74.389,76.038,-10.32
74.355,76.041,-10.32
74.321,76.044,-10.32
74.287,76.045,-10.32
47.919,76.045,-10.32
47.885,76.044,-10.32
47.851,76.041,-10.32
47.817,76.039,-10.32
47.477,76.009,-10.32
47.443,76.005,-10.32
47.376,75.989,-10.32
47.036,75.898,-10.32
47.002,75.887,-10.32
46.968,75.873,-10.32
46.934,75.859,-10.32
46.621,75.713,-10.32
46.595,75.7,-10.32
46.56,75.679,-10.32
46.527,75.658,-10.32
46.256,75.468,-10.32
46.222,75.443,-10.32
46.18,75.407,-10.32
46.154,75.383,-10.32
45.936,75.165,-10.32
45.907,75.136,-10.32
45.882,75.108,-10.32
45.877,75.102,-10.32
45.849,75.068,-10.32
45.645,74.776,-10.32
45.635,74.762,-10.32
45.611,74.723,-10.32
45.594,74.695,-10.32
45.441,74.366,-10.32
45.436,74.355,-10.32
45.422,74.321,-10.32
45.408,74.287,-10.32
45.318,73.948,-10.32
45.309,73.914,-10.32
45.301,73.88,-10.32
45.293,73.846,-10.32
45.264,73.507,-10.32
45.261,73.473,-10.32
45.255,73.405,-10.32
45.255,73.371,-10.32
45.255,44.423,-10.32
45.254,44.389,-10.32
45.251,44.355,-10.32
45.248,44.321,-10.32
45.224,44.084,-10.32
45.218,44.05,-10.32
45.209,44.016,-10.32
45.127,43.744,-10.32
45.112,43.71,-10.32
45.102,43.69,-10.32
44.986,43.473,-10.32
44.968,43.439,-10.32
44.944,43.405,-10.32
44.932,43.39,-10.32
44.762,43.183,-10.32
44.748,43.167,-10.32
44.729,43.148,-10.32
44.712,43.133,-10.32
44.505,42.964,-10.32
44.491,42.953,-10.32
44.457,42.93,-10.32
44.219,42.803,-10.32
44.203,42.794,-10.32
44.186,42.786,-10.32
44.152,42.772,-10.32
43.89,42.692,-10.32
43.88,42.69,-10.32
43.846,42.68,-10.32
43.812,42.675,-10.32
43.575,42.652,-10.32
43.541,42.649,-10.32
43.507,42.646,-10.32
43.473,42.645,-10.32
27.964,42.645,-10.32
27.93,42.645,-10.32
27.896,42.64,-10.32
27.794,42.619,-10.32
27.76,42.61,-10.32
27.727,42.59,-10.32
27.658,42.545,-10.32
27.627,42.523,-10.32
27.624,42.521,-10.32
27.598,42.489,-10.32
27.553,42.421,-10.32
27.53,42.387,-10.32
27.523,42.375,-10.32
27.515,42.353,-10.32
27.508,42.319,-10.32
27.488,42.217,-10.32
27.488,42.183,-10.32
27.508,42.081,-10.32
27.515,42.048,-10.32
27.523,42.025,-10.32
27.53,42.014,-10.32
27.552,41.98,-10.32
27.598,41.912,-10.32
27.624,41.879,-10.32
27.626,41.878,-10.32
27.658,41.855,-10.32
27.726,41.81,-10.32
27.76,41.79,-10.32
27.794,41.781,-10.32
27.896,41.76,-10.32
27.93,41.755,-10.32
27.964,41.755,-10.32
31.686,41.755,-10.32
31.693,41.758,-10.32
31.696,41.765,-10.32
31.687,41.995,-10.32
31.687,42.003,-10.317
31.687,42.005,-10.31
31.687,42.005,5
31.696,38.603,5
31.696,38.603,-8.991
31.696,38.603,-9.938
31.696,38.603,-10.04
31.696,38.606,-10.047
31.696,38.613,-10.05
31.696,38.704,-10.05
31.693,38.711,-10.05
31.686,38.714,-10.05
27.964,38.714,-10.05
27.93,38.714,-10.05
27.73,38.692,-10.05
27.726,38.691,-10.05
27.539,38.625,-10.05
27.536,38.624,-10.05
27.529,38.62,-10.05
27.363,38.516,-10.05
27.36,38.513,-10.05
27.217,38.37,-10.05
27.215,38.368,-10.05
27.111,38.201,-10.05
27.108,38.198,-10.05
27.107,38.194,-10.05
27.041,38.005,-10.05
27.04,38.001,-10.05
27.017,37.801,-10.05
27.018,37.797,-10.05
27.04,37.602,-10.05
27.04,37.598,-10.05
27.041,37.595,-10.05
27.107,37.407,-10.05
27.108,37.402,-10.05
27.111,37.398,-10.05
27.214,37.234,-10.05
27.217,37.23,-10.05
27.358,37.089,-10.05
27.362,37.085,-10.05
27.531,36.979,-10.05
27.535,36.976,-10.05
27.54,36.975,-10.05
27.726,36.909,-10.05
27.73,36.908,-10.05
27.93,36.886,-10.05
27.964,36.886,-10.05
47.885,36.886,-10.05
47.919,36.887,-10.05
48.326,36.916,-10.05
48.36,36.921,-10.05
48.767,37.01,-10.05
48.801,37.021,-10.05
49.176,37.161,-10.05
49.208,37.175,-10.05
49.555,37.364,-10.05
49.581,37.379,-10.05
49.608,37.398,-10.05
49.925,37.636,-10.05
49.955,37.662,-10.05
50.234,37.941,-10.05
50.26,37.969,-10.05
50.498,38.286,-10.05
50.519,38.314,-10.05
50.532,38.338,-10.05
50.723,38.688,-10.05
50.735,38.713,-10.05
50.878,39.095,-10.05
50.89,39.129,-10.05
50.897,39.163,-10.05
50.978,39.536,-10.05
50.984,39.57,-10.05
51.013,39.977,-10.05
51.014,40.011,-10.05
51.014,68.993,-10.05
51.017,69.027,-10.05
51.046,69.282,-10.05
51.047,69.286,-10.05
51.048,69.29,-10.05
51.14,69.554,-10.05
51.141,69.557,-10.05
51.143,69.56,-10.05
51.149,69.57,-10.05
51.293,69.8,-10.05
51.297,69.804,-10.05
51.495,70.002,-10.05
51.498,70.005,-10.05
51.501,70.007,-10.05
51.739,70.156,-10.05
51.742,70.158,-10.05
51.746,70.16,-10.05
52,70.249,-10.05
52.013,70.253,-10.05
52.016,70.254,-10.05
52.019,70.254,-10.05
52.296,70.285,-10.05
52.33,70.286,-10.05
69.876,70.286,-10.05
69.91,70.285,-10.05
70.181,70.254,-10.05
70.186,70.254,-10.05
70.19,70.252,-10.05
70.452,70.16,-10.05
70.458,70.158,-10.05
70.464,70.154,-10.05
70.692,70.011,-10.05
70.7,70.006,-10.05
70.704,70.003,-10.05
70.904,69.803,-10.05
70.907,69.799,-10.05
71.051,69.57,-10.05
71.059,69.557,-10.05
71.063,69.544,-10.05
71.152,69.29,-10.05
71.153,69.286,-10.05
71.154,69.282,-10.05
71.183,69.027,-10.05
71.186,68.993,-10.05
71.186,40.011,-10.05
71.187,39.977,-10.05
71.216,39.57,-10.05
71.222,39.536,-10.05
71.303,39.163,-10.05
71.31,39.129,-10.05
71.322,39.095,-10.05
71.461,38.722,-10.05
71.471,38.7,-10.05
71.674,38.327,-10.05
71.681,38.314,-10.05
71.708,38.279,-10.05
71.935,37.975,-10.05
71.946,37.962,-10.05
71.966,37.941,-10.05
72.251,37.656,-10.05
72.275,37.636,-10.05
72.592,37.398,-10.05
72.624,37.376,-10.05
72.998,37.172,-10.05
73.024,37.161,-10.05
73.405,37.018,-10.05
73.439,37.008,-10.05
73.846,36.92,-10.05
73.88,36.916,-10.05
74.287,36.887,-10.05
74.321,36.886,-10.05
92.036,36.886,-10.05
92.07,36.886,-10.05
92.27,36.908,-10.05
92.274,36.909,-10.05
92.46,36.975,-10.05
92.465,36.976,-10.05
92.469,36.979,-10.05
92.638,37.085,-10.05
92.642,37.089,-10.05
92.783,37.23,-10.05
92.786,37.234,-10.05
92.889,37.398,-10.05
92.892,37.402,-10.05
92.894,37.407,-10.05
92.959,37.595,-10.05
92.96,37.598,-10.05
92.96,37.602,-10.05
92.982,37.797,-10.05
92.983,37.801,-10.05
92.96,38.001,-10.05
92.959,38.005,-10.05
92.893,38.194,-10.05
92.892,38.198,-10.05
92.889,38.201,-10.05
92.785,38.368,-10.05
92.783,38.37,-10.05
92.64,38.513,-10.05
92.637,38.516,-10.05
92.471,38.62,-10.05
92.464,38.624,-10.05
92.461,38.625,-10.05
92.274,38.691,-10.05
92.27,38.692,-10.05
92.07,38.714,-10.05
92.036,38.714,-10.05
74.321,38.714,-10.05
74.287,38.716,-10.05
74.05,38.742,-10.05
74.016,38.746,-10.05
74.012,38.747,-10.05
74.009,38.748,-10.05
73.744,38.841,-10.05
73.741,38.842,-10.05
73.737,38.844,-10.05
73.501,38.993,-10.05
73.497,38.996,-10.05
73.494,38.999,-10.05
73.303,39.19,-10.05
73.296,39.197,-10.05
73.293,39.201,-10.05
73.146,39.434,-10.05
73.142,39.442,-10.05
73.139,39.45,-10.05
73.049,39.706,-10.05
73.046,39.714,-10.05
73.045,39.723,-10.05
73.017,39.977,-10.05
73.014,40.011,-10.05
73.014,68.993,-10.05
73.012,69.027,-10.05
72.983,69.434,-10.05
72.977,69.468,-10.05
72.896,69.842,-10.05
72.888,69.876,-10.05
72.876,69.91,-10.05
72.737,70.283,-10.05
72.726,70.306,-10.05
72.535,70.656,-10.05
72.523,70.679,-10.05
72.515,70.69,-10.05
72.261,71.029,-10.05
72.251,71.042,-10.05
72.23,71.063,-10.05
71.946,71.348,-10.05
71.919,71.369,-10.05
71.602,71.606,-10.05
71.572,71.626,-10.05
71.199,71.83,-10.05
71.165,71.844,-10.05
70.792,71.983,-10.05
70.758,71.992,-10.05
70.349,72.081,-10.05
70.317,72.084,-10.05
69.91,72.114,-10.05
69.876,72.114,-10.05
52.33,72.114,-10.05
52.296,72.114,-10.05
51.889,72.085,-10.05
51.855,72.082,-10.05
51.448,71.994,-10.05
51.414,71.985,-10.05
51.036,71.844,-10.05
51.007,71.833,-10.05
50.973,71.815,-10.05
50.633,71.629,-10.05
50.6,71.608,-10.05
50.281,71.369,-10.05
50.26,71.353,-10.05
50.242,71.335,-10.05
50.004,71.097,-10.05
49.955,71.048,-10.05
49.939,71.029,-10.05
49.683,70.688,-10.05
49.665,70.656,-10.05
49.48,70.317,-10.05
49.463,70.283,-10.05
49.324,69.91,-10.05
49.312,69.876,-10.05
49.31,69.869,-10.05
49.223,69.468,-10.05
49.217,69.434,-10.05
49.188,69.027,-10.05
49.186,68.993,-10.05
49.186,40.011,-10.05
49.183,39.977,-10.05
49.155,39.723,-10.05
49.154,39.714,-10.05
49.151,39.706,-10.05
49.062,39.451,-10.05
49.059,39.443,-10.05
49.054,39.434,-10.05
48.907,39.201,-10.05
48.904,39.197,-10.05
48.903,39.196,-10.05
48.704,38.997,-10.05
48.699,38.993,-10.05
48.462,38.844,-10.05
48.457,38.841,-10.05
48.453,38.84,-10.05
48.19,38.748,-10.05
48.186,38.747,-10.05
48.182,38.746,-10.05
47.919,38.716,-10.05
47.885,38.714,-10.05
31.686,38.714,-10.05
31.636,38.707,-10.05
31.586,38.706,-10.05
31.586,31.537,-10.051,-10.05
31.487,38.705,-10.051
31.437,38.704,-10.052
31.387,38.703,-10.053
31.337,38.701,-10.054
31.287,38.7,-10.055
31.237,38.698,-10.056
31.187,38.696,-10.057
31.137,38.694,-10.058
31.087,38.692,-10.06
31.037,38.69,-10.061
30.987,38.687,-10.063
30.938,38.685,-10.065
30.888,38.683,-10.066
30.838,38.68,-10.068
30.738,38.675,-10.071
30.438,38.659,-10.082
30.389,38.657,-10.084
30.339,38.654,-10.085
30.289,38.652,-10.087
30.239,38.649,-10.088
30.189,38.647,-10.09
30.139,38.645,-10.091
30.089,38.643,-10.093
30.039,38.641,-10.094
29.989,38.639,-10.095
29.939,38.638,-10.096
29.889,38.636,-10.097
29.84,38.635,-10.098
29.79,38.634,-10.099
29.74,38.633,-10.099
29.74,29.69,-10.1,-10.099
29.64,38.632,-10.1
29.602,38.632,-10.1
29.59,38.632,-10.1
29.58,38.64,-10.1
27.964,38.64,-10.1
27.93,38.639,-10.1
27.862,38.632,-10.1
27.828,38.627,-10.1
27.709,38.608,-10.1
27.705,38.607,-10.1
27.62,38.577,-10.1
27.616,38.575,-10.1
27.504,38.518,-10.1
27.489,38.509,-10.1
27.424,38.468,-10.1
27.421,38.465,-10.1
27.267,38.311,-10.1
27.263,38.308,-10.1
27.217,38.234,-10.1
27.206,38.213,-10.1
27.156,38.115,-10.1
27.154,38.111,-10.1
27.124,38.026,-10.1
27.123,38.022,-10.1
27.105,37.907,-10.1
27.1,37.873,-10.1
27.092,37.801,-10.1
27.092,37.797,-10.1
27.099,37.738,-10.1
27.103,37.704,-10.1
27.115,37.626,-10.1
27.123,37.581,-10.1
27.123,37.576,-10.1
27.153,37.492,-10.1
27.155,37.487,-10.1
27.2,37.398,-10.1
27.217,37.366,-10.1
27.263,37.293,-10.1
27.266,37.29,-10.1
27.421,37.135,-10.1
27.424,37.132,-10.1
27.489,37.091,-10.1
27.523,37.072,-10.1
27.615,37.025,-10.1
27.62,37.023,-10.1
27.708,36.992,-10.1
27.828,36.973,-10.1
27.862,36.968,-10.1
27.93,36.961,-10.1
27.964,36.96,-10.1
47.885,36.96,-10.1
47.919,36.962,-10.1
48.088,36.974,-10.1
48.122,36.977,-10.1
48.326,36.993,-10.1
48.36,36.996,-10.1
48.529,37.033,-10.1
48.563,37.04,-10.1
48.782,37.093,-10.1
48.801,37.098,-10.1
48.971,37.161,-10.1
49.005,37.174,-10.1
49.218,37.262,-10.1
49.242,37.275,-10.1
49.378,37.349,-10.1
49.406,37.364,-10.1
49.615,37.493,-10.1
49.626,37.5,-10.1
49.762,37.602,-10.1
49.785,37.619,-10.1
49.963,37.771,-10.1
49.989,37.795,-10.1
50.1,37.907,-10.1
50.124,37.932,-10.1
50.277,38.111,-10.1
50.294,38.133,-10.1
50.405,38.281,-10.1
50.426,38.314,-10.1
50.532,38.487,-10.1
50.549,38.518,-10.1
50.633,38.673,-10.1
50.64,38.688,-10.1
50.724,38.891,-10.1
50.735,38.919,-10.1
50.801,39.095,-10.1
50.803,39.101,-10.1
50.859,39.333,-10.1
50.866,39.367,-10.1
50.905,39.544,-10.1
50.907,39.57,-10.1
50.923,39.774,-10.1
50.926,39.808,-10.1
50.939,39.993,-10.1
50.94,40.011,-10.1
50.94,68.993,-10.1
50.942,69.027,-10.1
50.973,69.299,-10.1
50.974,69.303,-10.1
50.975,69.307,-10.1
51.067,69.57,-10.1
51.075,69.591,-10.1
51.083,69.604,-10.1
51.232,69.842,-10.1
51.237,69.849,-10.1
51.244,69.857,-10.1
51.448,70.06,-10.1
51.451,70.063,-10.1
51.455,70.066,-10.1
51.706,70.224,-10.1
51.709,70.226,-10.1
51.713,70.227,-10.1
51.991,70.324,-10.1
51.995,70.326,-10.1
51.999,70.327,-10.1
52.008,70.328,-10.1
52.296,70.36,-10.1
52.33,70.36,-10.1
69.876,70.36,-10.1
69.91,70.36,-10.1
70.198,70.327,-10.1
70.202,70.326,-10.1
70.206,70.325,-10.1
70.486,70.227,-10.1
70.489,70.226,-10.1
70.492,70.225,-10.1
70.497,70.222,-10.1
70.745,70.066,-10.1
70.749,70.063,-10.1
70.758,70.054,-10.1
70.962,69.851,-10.1
70.965,69.846,-10.1
71.117,69.604,-10.1
71.126,69.59,-10.1
71.131,69.575,-10.1
71.225,69.307,-10.1
71.226,69.303,-10.1
71.227,69.299,-10.1
71.258,69.027,-10.1
71.26,68.993,-10.1
71.26,40.011,-10.1
71.262,39.977,-10.1
71.274,39.808,-10.1
71.277,39.774,-10.1
71.293,39.57,-10.1
71.297,39.536,-10.1
71.335,39.361,-10.1
71.341,39.333,-10.1
71.39,39.129,-10.1
71.399,39.095,-10.1
71.462,38.925,-10.1
71.471,38.904,-10.1
71.56,38.688,-10.1
71.572,38.662,-10.1
71.651,38.518,-10.1
71.67,38.484,-10.1
71.776,38.312,-10.1
71.795,38.281,-10.1
71.912,38.125,-10.1
71.923,38.111,-10.1
72.068,37.941,-10.1
72.081,37.925,-10.1
72.217,37.79,-10.1
72.237,37.771,-10.1
72.396,37.636,-10.1
72.421,37.615,-10.1
72.574,37.5,-10.1
72.59,37.489,-10.1
72.794,37.364,-10.1
72.828,37.346,-10.1
72.964,37.272,-10.1
72.982,37.262,-10.1
73.201,37.172,-10.1
73.23,37.161,-10.1
73.371,37.108,-10.1
73.405,37.096,-10.1
73.643,37.039,-10.1
73.676,37.032,-10.1
73.812,37.002,-10.1
73.846,36.995,-10.1
74.084,36.976,-10.1
74.118,36.974,-10.1
74.287,36.961,-10.1
74.321,36.96,-10.1
92.036,36.96,-10.1
92.07,36.961,-10.1
92.138,36.968,-10.1
92.172,36.973,-10.1
92.292,36.992,-10.1
92.38,37.023,-10.1
92.385,37.025,-10.1
92.477,37.072,-10.1
92.511,37.091,-10.1
92.576,37.132,-10.1
92.579,37.135,-10.1
92.734,37.29,-10.1
92.737,37.293,-10.1
92.783,37.366,-10.1
92.8,37.398,-10.1
92.845,37.487,-10.1
92.847,37.492,-10.1
92.877,37.576,-10.1
92.877,37.581,-10.1
92.897,37.704,-10.1
92.901,37.738,-10.1
92.908,37.797,-10.1
92.908,37.801,-10.1
92.9,37.873,-10.1
92.895,37.907,-10.1
92.877,38.022,-10.1
92.876,38.026,-10.1
92.846,38.111,-10.1
92.844,38.115,-10.1
92.794,38.213,-10.1
92.783,38.234,-10.1
92.737,38.308,-10.1
92.733,38.311,-10.1
92.579,38.465,-10.1
92.576,38.468,-10.1
92.511,38.509,-10.1
92.496,38.518,-10.1
92.384,38.575,-10.1
92.38,38.577,-10.1
92.295,38.607,-10.1
92.291,38.608,-10.1
92.172,38.627,-10.1
92.138,38.632,-10.1
92.07,38.639,-10.1
92.036,38.64,-10.1
74.321,38.64,-10.1
74.287,38.641,-10.1
74.016,38.671,-10.1
73.999,38.673,-10.1
73.995,38.674,-10.1
73.744,38.762,-10.1
73.71,38.774,-10.1
73.685,38.79,-10.1
73.454,38.935,-10.1
73.45,38.938,-10.1
73.446,38.941,-10.1
73.241,39.147,-10.1
73.238,39.15,-10.1
73.235,39.153,-10.1
73.229,39.163,-10.1
73.08,39.4,-10.1
73.075,39.409,-10.1
73.071,39.417,-10.1
72.976,39.689,-10.1
72.974,39.697,-10.1
72.972,39.706,-10.1
72.942,39.977,-10.1
72.94,40.011,-10.1
72.94,68.993,-10.1
72.937,69.027,-10.1
72.925,69.197,-10.1
72.923,69.231,-10.1
72.907,69.434,-10.1
72.902,69.468,-10.1
72.862,69.653,-10.1
72.858,69.672,-10.1
72.809,69.876,-10.1
72.799,69.91,-10.1
72.736,70.079,-10.1
72.726,70.104,-10.1
72.638,70.317,-10.1
72.624,70.344,-10.1
72.546,70.486,-10.1
72.527,70.52,-10.1
72.421,70.693,-10.1
72.401,70.724,-10.1
72.285,70.879,-10.1
72.273,70.894,-10.1
72.128,71.063,-10.1
72.115,71.078,-10.1
71.98,71.214,-10.1
71.958,71.233,-10.1
71.799,71.369,-10.1
71.776,71.388,-10.1
71.62,71.505,-10.1
71.606,71.513,-10.1
71.437,71.617,-10.1
71.403,71.638,-10.1
71.233,71.73,-10.1
71.207,71.742,-10.1
70.995,71.83,-10.1
70.962,71.843,-10.1
70.826,71.893,-10.1
70.792,71.905,-10.1
70.588,71.954,-10.1
70.554,71.962,-10.1
70.385,71.999,-10.1
70.351,72.005,-10.1
70.113,72.024,-10.1
70.079,72.027,-10.1
69.91,72.039,-10.1
69.876,72.04,-10.1
52.33,72.04,-10.1
52.296,72.039,-10.1
52.127,72.027,-10.1
52.093,72.025,-10.1
51.855,72.006,-10.1
51.821,72,-10.1
51.652,71.963,-10.1
51.618,71.955,-10.1
51.414,71.906,-10.1
51.38,71.895,-10.1
51.21,71.832,-10.1
51.176,71.818,-10.1
50.993,71.742,-10.1
50.973,71.733,-10.1
50.802,71.64,-10.1
50.769,71.621,-10.1
50.6,71.517,-10.1
50.58,71.505,-10.1
50.43,71.392,-10.1
50.401,71.369,-10.1
50.226,71.219,-10.1
50.09,71.084,-10.1
50.072,71.063,-10.1
49.921,70.887,-10.1
49.9,70.86,-10.1
49.799,70.724,-10.1
49.785,70.703,-10.1
49.673,70.52,-10.1
49.654,70.486,-10.1
49.579,70.351,-10.1
49.562,70.317,-10.1
49.478,70.113,-10.1
49.464,70.079,-10.1
49.401,69.91,-10.1
49.391,69.876,-10.1
49.342,69.672,-10.1
49.335,69.638,-10.1
49.298,69.468,-10.1
49.293,69.434,-10.1
49.276,69.215,-10.1
49.275,69.197,-10.1
49.263,69.027,-10.1
49.26,68.993,-10.1
49.26,40.011,-10.1
49.258,39.977,-10.1
49.228,39.706,-10.1
49.226,39.697,-10.1
49.224,39.689,-10.1
49.129,39.417,-10.1
49.125,39.409,-10.1
49.12,39.4,-10.1
48.965,39.154,-10.1
48.962,39.15,-10.1
48.767,38.955,-10.1
48.75,38.938,-10.1
48.746,38.935,-10.1
48.495,38.777,-10.1
48.491,38.775,-10.1
48.487,38.773,-10.1
48.207,38.675,-10.1
48.203,38.674,-10.1
48.199,38.673,-10.1
47.919,38.641,-10.1
47.885,38.64,-10.1
31.686,38.64,-10.1
29.58,38.64,-10.1
29.53,38.632,-10.1
29.48,38.632,-10.1
29.43,38.631,-10.101
29.38,38.63,-10.101
29.33,38.629,-10.102
29.28,38.628,-10.103
29.231,38.626,-10.104
29.181,38.625,-10.105
29.131,38.623,-10.106
29.081,38.621,-10.107
29.031,38.619,-10.108
28.981,38.617,-10.11
28.931,38.615,-10.111
28.881,38.613,-10.113
28.831,38.61,-10.115
28.781,38.608,-10.116
28.731,38.605,-10.118
28.632,38.6,-10.121
28.332,38.584,-10.132
28.282,38.582,-10.134
28.232,38.579,-10.135
28.182,38.577,-10.137
28.132,38.574,-10.138
28.083,38.572,-10.14
28.033,38.57,-10.141
27.983,38.568,-10.143
27.945,38.567,-10.144
27.939,38.567,-10.144
27.933,38.567,-10.144
27.908,38.562,-10.145
27.884,38.558,-10.145
27.834,38.549,-10.146
27.785,38.54,-10.147
27.712,38.527,-10.148
27.7,38.525,-10.149
27.694,38.523,-10.149
27.689,38.521,-10.149
27.645,38.497,-10.149
27.6,38.474,-10.15
27.567,38.457,-10.15
27.556,38.452,-10.15
27.51,38.434,-10.15
27.484,38.42,-10.15
27.481,38.419,-10.15
27.314,38.252,-10.15
27.312,38.249,-10.15
27.205,38.039,-10.15
27.203,38.035,-10.15
27.166,37.801,-10.15
27.167,37.797,-10.15
27.203,37.564,-10.15
27.205,37.56,-10.15
27.312,37.351,-10.15
27.314,37.349,-10.15
27.481,37.182,-10.15
27.483,37.18,-10.15
27.692,37.073,-10.15
27.697,37.072,-10.15
27.934,37.034,-10.15
47.885,37.034,-10.15
47.919,37.036,-10.15
48.364,37.071,-10.15
48.814,37.179,-10.15
48.818,37.18,-10.15
49.246,37.357,-10.15
49.25,37.36,-10.15
49.641,37.599,-10.15
49.644,37.602,-10.15
49.995,37.901,-10.15
49.998,37.904,-10.15
50.297,38.255,-10.15
50.3,38.258,-10.15
50.54,38.649,-10.15
50.542,38.654,-10.15
50.72,39.082,-10.15
50.721,39.087,-10.15
50.828,39.532,-10.15
50.829,39.536,-10.15
50.864,39.977,-10.15
50.866,40.011,-10.15
50.866,68.993,-10.15
50.869,69.027,-10.15
50.901,69.314,-10.15
50.901,69.318,-10.15
50.902,69.322,-10.15
50.906,69.333,-10.15
51.001,69.604,-10.15
51.007,69.62,-10.15
51.009,69.625,-10.15
51.012,69.629,-10.15
51.176,69.891,-10.15
51.18,69.896,-10.15
51.184,69.9,-10.15
51.397,70.113,-10.15
51.406,70.121,-10.15
51.414,70.127,-10.15
51.674,70.29,-10.15
51.677,70.292,-10.15
51.68,70.293,-10.15
51.686,70.295,-10.15
51.974,70.396,-10.15
51.978,70.398,-10.15
51.982,70.399,-10.15
51.991,70.4,-10.15
52.296,70.434,-10.15
52.33,70.434,-10.15
69.876,70.434,-10.15
69.91,70.433,-10.15
70.215,70.399,-10.15
70.219,70.398,-10.15
70.223,70.397,-10.15
70.486,70.305,-10.15
70.52,70.293,-10.15
70.525,70.291,-10.15
70.529,70.288,-10.15
70.792,70.123,-10.15
70.795,70.121,-10.15
70.797,70.119,-10.15
71.006,69.91,-10.15
71.02,69.896,-10.15
71.023,69.892,-10.15
71.025,69.889,-10.15
71.191,69.625,-10.15
71.193,69.621,-10.15
71.199,69.603,-10.15
71.297,69.324,-10.15
71.298,69.32,-10.15
71.299,69.316,-10.15
71.331,69.027,-10.15
71.334,68.993,-10.15
71.334,40.011,-10.15
71.335,39.994,-10.15
71.371,39.536,-10.15
71.373,39.528,-10.15
71.479,39.087,-10.15
71.48,39.082,-10.15
71.658,38.654,-10.15
71.66,38.65,-10.15
71.899,38.259,-10.15
71.902,38.255,-10.15
72.199,37.907,-10.15
72.204,37.902,-10.15
72.557,37.601,-10.15
72.561,37.598,-10.15
72.953,37.358,-10.15
72.956,37.357,-10.15
73.38,37.181,-10.15
73.384,37.179,-10.15
73.833,37.072,-10.15
73.838,37.071,-10.15
74.287,37.035,-10.15
74.321,37.034,-10.15
92.066,37.034,-10.15
92.303,37.072,-10.15
92.308,37.073,-10.15
92.517,37.18,-10.15
92.519,37.182,-10.15
92.686,37.349,-10.15
92.688,37.351,-10.15
92.795,37.56,-10.15
92.797,37.564,-10.15
92.833,37.797,-10.15
92.834,37.801,-10.15
92.797,38.035,-10.15
92.795,38.039,-10.15
92.688,38.249,-10.15
92.686,38.252,-10.15
92.519,38.419,-10.15
92.516,38.42,-10.15
92.308,38.527,-10.15
92.303,38.528,-10.15
92.066,38.566,-10.15
74.321,38.566,-10.15
74.287,38.567,-10.15
74.016,38.598,-10.15
73.982,38.601,-10.15
73.978,38.603,-10.15
73.681,38.707,-10.15
73.676,38.708,-10.15
73.655,38.722,-10.15
73.409,38.876,-10.15
73.405,38.879,-10.15
73.393,38.891,-10.15
73.182,39.102,-10.15
73.179,39.106,-10.15
73.176,39.109,-10.15
73.009,39.375,-10.15
73.007,39.379,-10.15
73.006,39.383,-10.15
72.905,39.672,-10.15
72.902,39.68,-10.15
72.901,39.689,-10.15
72.868,39.977,-10.15
72.866,40.011,-10.15
72.866,68.993,-10.15
72.864,69.027,-10.15
72.829,69.46,-10.15
72.829,69.464,-10.15
72.721,69.914,-10.15
72.72,69.918,-10.15
72.544,70.342,-10.15
72.542,70.346,-10.15
72.301,70.741,-10.15
72.298,70.745,-10.15
72.001,71.092,-10.15
71.997,71.097,-10.15
71.645,71.398,-10.15
71.64,71.401,-10.15
71.25,71.64,-10.15
71.246,71.643,-10.15
70.817,71.82,-10.15
70.813,71.821,-10.15
70.368,71.928,-10.15
70.363,71.929,-10.15
69.91,71.965,-10.15
69.876,71.966,-10.15
52.33,71.966,-10.15
52.296,71.965,-10.15
51.838,71.929,-10.15
51.834,71.929,-10.15
51.384,71.821,-10.15
51.38,71.819,-10.15
50.956,71.643,-10.15
50.953,71.642,-10.15
50.559,71.4,-10.15
50.555,71.397,-10.15
50.203,71.097,-10.15
50.2,71.094,-10.15
49.902,70.745,-10.15
49.899,70.741,-10.15
49.658,70.348,-10.15
49.657,70.345,-10.15
49.48,69.917,-10.15
49.479,69.913,-10.15
49.371,69.464,-10.15
49.371,69.46,-10.15
49.336,69.027,-10.15
49.334,68.993,-10.15
49.334,40.011,-10.15
49.332,39.977,-10.15
49.299,39.689,-10.15
49.298,39.68,-10.15
49.295,39.672,-10.15
49.194,39.383,-10.15
49.193,39.379,-10.15
49.191,39.375,-10.15
49.026,39.112,-10.15
49.023,39.108,-10.15
49.019,39.104,-10.15
48.797,38.881,-10.15
48.792,38.877,-10.15
48.784,38.872,-10.15
48.525,38.709,-10.15
48.521,38.707,-10.15
48.512,38.704,-10.15
48.224,38.603,-10.15
48.22,38.602,-10.15
48.215,38.601,-10.15
47.919,38.568,-10.15
47.885,38.566,-10.15
29.58,38.566,-10.15
27.934,38.566,-10.15
27.697,38.528,-10.15
27.692,38.527,-10.15
27.51,38.434,-10.15
27.498,38.422,-10.15
27.491,38.418,-10.15
27.484,38.414,-10.15
27.472,38.403,-10.15
27.461,38.391,-10.15
27.426,38.356,-10.15
27.391,38.32,-10.151
27.356,38.284,-10.151
27.323,38.25,-10.152
27.318,38.244,-10.152
27.314,38.237,-10.152
27.292,38.192,-10.153
27.27,38.147,-10.154
27.249,38.102,-10.155
27.22,38.043,-10.157
27.217,38.036,-10.157
27.215,38.029,-10.157
27.211,37.998,-10.158
27.204,37.949,-10.16
27.198,37.899,-10.161
27.192,37.85,-10.163
27.186,37.805,-10.164
27.186,37.798,-10.164
27.197,37.741,-10.166
27.206,37.692,-10.168
27.229,37.573,-10.172
27.233,37.566,-10.173
27.295,37.454,-10.177
27.339,37.374,-10.18
27.343,37.369,-10.18
27.421,37.296,-10.184
27.458,37.262,-10.186
27.504,37.219,-10.188
27.509,37.215,-10.188
27.539,37.201,-10.189
27.584,37.179,-10.191
27.629,37.158,-10.192
27.708,37.12,-10.194
27.714,37.119,-10.194
27.721,37.118,-10.195
27.77,37.111,-10.196
27.819,37.104,-10.197
27.869,37.097,-10.198
27.931,37.088,-10.198
27.931,27.937,-10.199,-10.198
27.931,27.943,27.937,-10.199,-10.199
27.968,27.943,27.937
28.011,37.089,27.937
28.018,37.089,27.937,27.937
28.018,28.068,-10.2,27.937
28.105,37.09,-10.2
28.117,37.09,-10.2
28.148,37.086,-10.2
47.885,37.086,-10.2
47.919,37.087,-10.2
48.355,37.122,-10.2
48.36,37.122,-10.2
48.797,37.227,-10.2
48.801,37.228,-10.2
49.222,37.403,-10.2
49.226,37.405,-10.2
49.612,37.642,-10.2
49.615,37.644,-10.2
49.959,37.937,-10.2
49.962,37.941,-10.2
50.257,38.286,-10.2
50.259,38.288,-10.2
50.496,38.676,-10.2
50.498,38.679,-10.2
50.672,39.099,-10.2
50.673,39.104,-10.2
50.778,39.54,-10.2
50.778,39.545,-10.2
50.813,39.977,-10.2
50.814,40.011,-10.2
50.814,68.993,-10.2
50.817,69.027,-10.2
50.851,69.324,-10.2
50.851,69.328,-10.2
50.852,69.333,-10.2
50.864,69.367,-10.2
50.959,69.638,-10.2
50.961,69.644,-10.2
50.965,69.65,-10.2
51.134,69.92,-10.2
51.138,69.925,-10.2
51.14,69.928,-10.2
51.143,69.931,-10.2
51.37,70.158,-10.2
51.372,70.16,-10.2
51.375,70.162,-10.2
51.38,70.166,-10.2
51.652,70.336,-10.2
51.656,70.339,-10.2
51.66,70.34,-10.2
51.965,70.447,-10.2
51.97,70.448,-10.2
51.974,70.449,-10.2
52.296,70.485,-10.2
52.33,70.486,-10.2
69.876,70.486,-10.2
69.91,70.485,-10.2
70.223,70.449,-10.2
70.228,70.449,-10.2
70.232,70.448,-10.2
70.249,70.442,-10.2
70.542,70.34,-10.2
70.546,70.338,-10.2
70.554,70.333,-10.2
70.796,70.181,-10.2
70.826,70.162,-10.2
70.83,70.158,-10.2
71.054,69.934,-10.2
71.059,69.929,-10.2
71.063,69.924,-10.2
71.233,69.654,-10.2
71.238,69.646,-10.2
71.24,69.642,-10.2
71.241,69.638,-10.2
71.336,69.367,-10.2
71.348,69.333,-10.2
71.349,69.328,-10.2
71.349,69.324,-10.2
71.383,69.027,-10.2
71.386,68.993,-10.2
71.386,40.011,-10.2
71.387,39.977,-10.2
71.422,39.545,-10.2
71.422,39.54,-10.2
71.527,39.104,-10.2
71.528,39.099,-10.2
71.703,38.678,-10.2
71.705,38.674,-10.2
71.94,38.291,-10.2
71.942,38.287,-10.2
72.238,37.941,-10.2
72.241,37.938,-10.2
72.586,37.643,-10.2
72.59,37.64,-10.2
72.977,37.404,-10.2
72.98,37.402,-10.2
73.399,37.229,-10.2
73.402,37.228,-10.2
73.843,37.122,-10.2
73.846,37.121,-10.2
74.287,37.087,-10.2
74.321,37.086,-10.2
92.062,37.086,-10.2
92.066,37.086,-10.2
92.287,37.121,-10.2
92.29,37.122,-10.2
92.486,37.221,-10.2
92.49,37.224,-10.2
92.643,37.378,-10.2
92.647,37.382,-10.2
92.747,37.577,-10.2
92.748,37.582,-10.2
92.782,37.797,-10.2
92.782,37.801,-10.2
92.748,38.02,-10.2
92.746,38.024,-10.2
92.647,38.218,-10.2
92.644,38.222,-10.2
92.491,38.375,-10.2
92.487,38.378,-10.2
92.291,38.478,-10.2
92.286,38.479,-10.2
92.066,38.514,-10.2
92.053,38.514,-10.2
74.321,38.514,-10.2
74.287,38.516,-10.2
73.975,38.551,-10.2
73.971,38.551,-10.2
73.968,38.552,-10.2
73.948,38.559,-10.2
73.66,38.66,-10.2
73.655,38.662,-10.2
73.651,38.664,-10.2
73.378,38.836,-10.2
73.374,38.838,-10.2
73.371,38.841,-10.2
73.141,39.071,-10.2
73.139,39.074,-10.2
73.137,39.076,-10.2
72.964,39.351,-10.2
72.962,39.355,-10.2
72.96,39.359,-10.2
72.853,39.664,-10.2
72.852,39.668,-10.2
72.851,39.672,-10.2
72.847,39.706,-10.2
72.817,39.977,-10.2
72.814,40.011,-10.2
72.814,68.993,-10.2
72.812,69.027,-10.2
72.778,69.456,-10.2
72.777,69.46,-10.2
72.673,69.897,-10.2
72.672,69.901,-10.2
72.497,70.322,-10.2
72.495,70.326,-10.2
72.26,70.709,-10.2
72.258,70.713,-10.2
71.961,71.06,-10.2
71.958,71.063,-10.2
71.615,71.356,-10.2
71.611,71.359,-10.2
71.225,71.596,-10.2
71.221,71.598,-10.2
70.805,71.77,-10.2
70.8,71.772,-10.2
70.358,71.878,-10.2
70.355,71.879,-10.2
69.91,71.914,-10.2
69.876,71.914,-10.2
52.33,71.914,-10.2
52.296,71.914,-10.2
51.845,71.879,-10.2
51.842,71.878,-10.2
51.401,71.772,-10.2
51.397,71.771,-10.2
50.98,71.598,-10.2
50.976,71.596,-10.2
50.591,71.36,-10.2
50.587,71.358,-10.2
50.242,71.063,-10.2
50.238,71.059,-10.2
49.944,70.715,-10.2
49.941,70.711,-10.2
49.704,70.324,-10.2
49.702,70.32,-10.2
49.529,69.901,-10.2
49.527,69.897,-10.2
49.423,69.46,-10.2
49.422,69.456,-10.2
49.388,69.027,-10.2
49.386,68.993,-10.2
49.386,40.011,-10.2
49.383,39.977,-10.2
49.353,39.706,-10.2
49.349,39.672,-10.2
49.348,39.668,-10.2
49.347,39.664,-10.2
49.242,39.365,-10.2
49.239,39.357,-10.2
49.237,39.353,-10.2
49.235,39.349,-10.2
49.072,39.091,-10.2
49.063,39.076,-10.2
49.06,39.072,-10.2
49.057,39.068,-10.2
48.835,38.847,-10.2
48.827,38.839,-10.2
48.823,38.836,-10.2
48.563,38.673,-10.2
48.546,38.662,-10.2
48.542,38.66,-10.2
48.538,38.659,-10.2
48.258,38.561,-10.2
48.232,38.552,-10.2
48.228,38.551,-10.2
48.224,38.551,-10.2
47.919,38.516,-10.2
47.885,38.514,-10.2
27.938,38.514,-10.2
27.934,38.514,-10.2
27.714,38.479,-10.2
27.709,38.478,-10.2
27.533,38.388,-10.2
27.513,38.378,-10.2
27.509,38.375,-10.2
27.356,38.222,-10.2
27.353,38.218,-10.2
27.254,38.024,-10.2
27.252,38.02,-10.2
27.218,37.801,-10.2
27.218,37.797,-10.2
27.251,37.587,-10.2
27.252,37.582,-10.2
27.253,37.577,-10.2
27.353,37.382,-10.2
27.357,37.378,-10.2
27.51,37.224,-10.2
27.514,37.221,-10.2
27.71,37.122,-10.2
27.713,37.121,-10.2
27.934,37.086,-10.2
27.947,37.086,-10.2
28.148,37.086,-10.2
28.197,37.09,-10.2
28.247,37.09,-10.2
28.297,37.091,-10.201
28.347,37.092,-10.201
28.397,37.093,-10.202
28.447,37.094,-10.203
28.497,37.095,-10.204
28.547,37.097,-10.205
28.597,37.098,-10.206
28.647,37.1,-10.207
28.697,37.102,-10.208
28.746,37.104,-10.21
28.796,37.107,-10.211
28.846,37.109,-10.213
28.896,37.111,-10.215
28.946,37.114,-10.216
28.996,37.116,-10.218
29.096,37.122,-10.221
29.395,37.137,-10.232
29.445,37.14,-10.234
29.495,37.142,-10.235
29.545,37.145,-10.237
29.595,37.147,-10.238
29.645,37.149,-10.24
29.695,37.152,-10.241
29.745,37.154,-10.243
29.795,37.155,-10.244
29.845,37.157,-10.245
29.894,37.159,-10.246
29.944,37.16,-10.247
29.994,37.161,-10.248
30.044,37.162,-10.249
30.094,37.163,-10.249
30.144,37.164,-10.25
30.194,37.164,-10.25
30.231,37.164,-10.25
30.244,37.164,-10.25
30.254,37.159,-10.25
47.885,37.159,-10.25
47.919,37.16,-10.25
48.344,37.194,-10.25
48.775,37.297,-10.25
48.779,37.298,-10.25
49.19,37.469,-10.25
49.569,37.701,-10.25
49.572,37.704,-10.25
49.906,37.988,-10.25
49.91,37.992,-10.25
50.198,38.329,-10.25
50.2,38.332,-10.25
50.43,38.708,-10.25
50.432,38.711,-10.25
50.601,39.119,-10.25
50.602,39.123,-10.25
50.706,39.553,-10.25
50.706,39.557,-10.25
50.739,39.977,-10.25
50.741,40.011,-10.25
50.741,68.993,-10.25
50.743,69.027,-10.25
50.752,69.129,-10.25
50.756,69.163,-10.25
50.771,69.299,-10.25
50.772,69.307,-10.25
50.774,69.316,-10.25
50.806,69.434,-10.25
50.817,69.468,-10.25
50.853,69.57,-10.25
50.865,69.604,-10.25
50.913,69.706,-10.25
50.93,69.74,-10.25
51.007,69.862,-10.25
51.016,69.876,-10.25
51.093,69.987,-10.25
51.096,69.99,-10.25
51.287,70.181,-10.25
51.312,70.206,-10.25
51.325,70.215,-10.25
51.422,70.283,-10.25
51.448,70.3,-10.25
51.55,70.364,-10.25
51.584,70.383,-10.25
51.686,70.43,-10.25
51.719,70.444,-10.25
51.842,70.486,-10.25
51.855,70.491,-10.25
51.991,70.527,-10.25
51.995,70.528,-10.25
51.999,70.529,-10.25
52.127,70.543,-10.25
52.161,70.547,-10.25
52.296,70.559,-10.25
52.33,70.559,-10.25
69.876,70.559,-10.25
69.91,70.558,-10.25
70.045,70.546,-10.25
70.198,70.529,-10.25
70.206,70.528,-10.25
70.215,70.526,-10.25
70.317,70.498,-10.25
70.351,70.489,-10.25
70.486,70.442,-10.25
70.52,70.427,-10.25
70.622,70.38,-10.25
70.656,70.36,-10.25
70.758,70.296,-10.25
70.778,70.283,-10.25
70.884,70.208,-10.25
70.889,70.205,-10.25
70.894,70.2,-10.25
71.097,69.997,-10.25
71.106,69.987,-10.25
71.113,69.977,-10.25
71.184,69.876,-10.25
71.199,69.853,-10.25
71.27,69.74,-10.25
71.287,69.706,-10.25
71.335,69.604,-10.25
71.347,69.57,-10.25
71.383,69.468,-10.25
71.394,69.434,-10.25
71.426,69.316,-10.25
71.428,69.307,-10.25
71.429,69.299,-10.25
71.444,69.163,-10.25
71.448,69.129,-10.25
71.457,69.027,-10.25
71.459,68.993,-10.25
71.459,40.011,-10.25
71.461,39.977,-10.25
71.494,39.557,-10.25
71.494,39.553,-10.25
71.598,39.122,-10.25
71.599,39.119,-10.25
71.767,38.713,-10.25
71.769,38.71,-10.25
72,38.332,-10.25
72.003,38.328,-10.25
72.29,37.992,-10.25
72.294,37.989,-10.25
72.628,37.704,-10.25
72.631,37.701,-10.25
73.007,37.471,-10.25
73.012,37.468,-10.25
73.42,37.299,-10.25
73.423,37.298,-10.25
73.853,37.195,-10.25
73.856,37.194,-10.25
74.287,37.16,-10.25
74.321,37.159,-10.25
92.036,37.159,-10.25
92.07,37.159,-10.25
92.138,37.169,-10.25
92.172,37.174,-10.25
92.256,37.188,-10.25
92.261,37.189,-10.25
92.308,37.21,-10.25
92.342,37.226,-10.25
92.432,37.272,-10.25
92.477,37.312,-10.25
92.498,37.33,-10.25
92.57,37.403,-10.25
92.574,37.407,-10.25
92.613,37.468,-10.25
92.63,37.5,-10.25
92.665,37.568,-10.25
92.667,37.572,-10.25
92.685,37.636,-10.25
92.692,37.67,-10.25
92.707,37.759,-10.25
92.707,37.763,-10.25
92.707,37.839,-10.25
92.706,37.844,-10.25
92.691,37.941,-10.25
92.682,37.975,-10.25
92.667,38.026,-10.25
92.665,38.03,-10.25
92.624,38.111,-10.25
92.613,38.132,-10.25
92.572,38.195,-10.25
92.569,38.199,-10.25
92.511,38.257,-10.25
92.486,38.281,-10.25
92.435,38.325,-10.25
92.431,38.328,-10.25
92.342,38.374,-10.25
92.324,38.382,-10.25
92.261,38.411,-10.25
92.257,38.412,-10.25
92.172,38.426,-10.25
92.138,38.431,-10.25
92.07,38.441,-10.25
92.036,38.441,-10.25
74.321,38.441,-10.25
74.287,38.442,-10.25
74.186,38.451,-10.25
74.152,38.454,-10.25
73.999,38.471,-10.25
73.995,38.472,-10.25
73.99,38.473,-10.25
73.88,38.502,-10.25
73.846,38.512,-10.25
73.71,38.56,-10.25
73.676,38.574,-10.25
73.575,38.622,-10.25
73.541,38.642,-10.25
73.439,38.706,-10.25
73.416,38.722,-10.25
73.319,38.79,-10.25
73.311,38.795,-10.25
73.303,38.803,-10.25
73.1,39.007,-10.25
73.095,39.012,-10.25
73.091,39.017,-10.25
73.012,39.129,-10.25
72.998,39.152,-10.25
72.927,39.265,-10.25
72.911,39.299,-10.25
72.879,39.367,-10.25
72.863,39.4,-10.25
72.862,39.403,-10.25
72.816,39.536,-10.25
72.805,39.57,-10.25
72.773,39.689,-10.25
72.772,39.693,-10.25
72.771,39.697,-10.25
72.755,39.842,-10.25
72.752,39.876,-10.25
72.743,39.977,-10.25
72.741,40.011,-10.25
72.741,68.993,-10.25
72.739,69.027,-10.25
72.706,69.443,-10.25
72.705,69.447,-10.25
72.603,69.876,-10.25
72.601,69.879,-10.25
72.432,70.289,-10.25
72.43,70.292,-10.25
72.2,70.668,-10.25
72.197,70.672,-10.25
71.912,71.006,-10.25
71.908,71.009,-10.25
71.572,71.296,-10.25
71.569,71.299,-10.25
71.193,71.53,-10.25
71.189,71.532,-10.25
70.779,71.702,-10.25
70.775,71.703,-10.25
70.346,71.806,-10.25
70.342,71.806,-10.25
69.91,71.84,-10.25
69.876,71.841,-10.25
52.33,71.841,-10.25
52.296,71.841,-10.25
51.859,71.806,-10.25
51.855,71.806,-10.25
51.422,71.702,-10.25
51.418,71.7,-10.25
51.012,71.532,-10.25
51.009,71.531,-10.25
50.633,71.301,-10.25
50.629,71.298,-10.25
50.294,71.012,-10.25
50.29,71.008,-10.25
50.004,70.673,-10.25
50.001,70.669,-10.25
49.769,70.291,-10.25
49.767,70.287,-10.25
49.599,69.88,-10.25
49.597,69.876,-10.25
49.495,69.447,-10.25
49.494,69.443,-10.25
49.461,69.027,-10.25
49.459,68.993,-10.25
49.459,40.011,-10.25
49.457,39.977,-10.25
49.448,39.876,-10.25
49.446,39.85,-10.25
49.429,39.697,-10.25
49.428,39.693,-10.25
49.427,39.689,-10.25
49.395,39.57,-10.25
49.384,39.536,-10.25
49.344,39.42,-10.25
49.337,39.4,-10.25
49.321,39.367,-10.25
49.276,39.27,-10.25
49.273,39.265,-10.25
49.208,39.161,-10.25
49.188,39.129,-10.25
49.116,39.027,-10.25
49.106,39.013,-10.25
49.087,38.993,-10.25
48.892,38.798,-10.25
48.887,38.793,-10.25
48.784,38.722,-10.25
48.767,38.71,-10.25
48.665,38.646,-10.25
48.631,38.624,-10.25
48.622,38.62,-10.25
48.529,38.577,-10.25
48.495,38.562,-10.25
48.36,38.514,-10.25
48.326,38.504,-10.25
48.224,38.477,-10.25
48.207,38.472,-10.25
48.19,38.47,-10.25
48.054,38.455,-10.25
48.02,38.452,-10.25
47.919,38.443,-10.25
47.885,38.441,-10.25
27.964,38.441,-10.25
27.93,38.441,-10.25
27.862,38.431,-10.25
27.828,38.426,-10.25
27.743,38.412,-10.25
27.739,38.411,-10.25
27.676,38.382,-10.25
27.658,38.374,-10.25
27.569,38.328,-10.25
27.565,38.325,-10.25
27.514,38.281,-10.25
27.489,38.257,-10.25
27.431,38.199,-10.25
27.428,38.195,-10.25
27.387,38.132,-10.25
27.376,38.111,-10.25
27.335,38.03,-10.25
27.333,38.026,-10.25
27.318,37.975,-10.25
27.309,37.941,-10.25
27.294,37.844,-10.25
27.293,37.839,-10.25
27.293,37.763,-10.25
27.293,37.759,-10.25
27.308,37.67,-10.25
27.315,37.636,-10.25
27.333,37.572,-10.25
27.335,37.568,-10.25
27.37,37.5,-10.25
27.387,37.468,-10.25
27.426,37.407,-10.25
27.43,37.403,-10.25
27.502,37.33,-10.25
27.523,37.312,-10.25
27.568,37.272,-10.25
27.658,37.226,-10.25
27.692,37.21,-10.25
27.739,37.189,-10.25
27.744,37.188,-10.25
27.828,37.174,-10.25
27.862,37.169,-10.25
27.93,37.159,-10.25
27.964,37.159,-10.25
30.254,37.159,-10.25
30.261,37.162,-10.25
30.264,37.17,-10.25
30.243,37.329,-10.25
30.232,37.321,-10.251
30.235,37.308,-10.251
30.248,37.305,-10.252
30.256,37.316,-10.252
30.25,37.328,-10.253
30.236,37.327,-10.253
30.232,37.314,-10.254
30.242,37.305,-10.254
30.254,37.31,-10.255
30.255,37.323,-10.255
30.242,37.329,-10.256
30.232,37.321,-10.256
30.235,37.308,-10.257
30.249,37.305,-10.257
30.256,37.317,-10.258
30.249,37.328,-10.258
30.236,37.326,-10.259
30.232,37.313,-10.259
30.242,37.305,-10.26
30.254,37.31,-10.26
30.254,37.324,-10.261
30.242,37.329,-10.261
30.232,37.32,-10.262
30.236,37.307,-10.262
30.249,37.306,-10.263
30.256,37.317,-10.263
30.249,37.328,-10.264
30.235,37.326,-10.264
30.232,37.313,-10.265
30.243,37.304,-10.265
30.255,37.311,-10.266
30.254,37.324,-10.266
30.241,37.329,-10.267
30.232,37.32,-10.267
30.236,37.307,-10.268
30.25,37.306,-10.268
30.256,37.318,-10.269
30.248,37.329,-10.269
30.235,37.326,-10.27
30.232,37.312,-10.27
30.243,37.304,-10.271
30.255,37.311,-10.271
30.254,37.325,-10.272
30.241,37.329,-10.272
30.232,37.319,-10.273
30.237,37.307,-10.273
30.25,37.306,-10.274
30.256,37.318,-10.274
30.248,37.329,-10.275
30.235,37.325,-10.275
30.232,37.312,-10.276
30.244,37.304,-10.276
30.255,37.311,-10.277
30.253,37.325,-10.277
30.241,37.329,-10.278
30.232,37.319,-10.278
30.237,37.306,-10.279
30.251,37.306,-10.279
30.256,37.319,-10.28
30.247,37.329,-10.28
30.234,37.325,-10.281
30.233,37.312,-10.281
30.244,37.304,-10.282
30.255,37.312,-10.282
30.253,37.325,-10.283
30.24,37.329,-10.283
30.231,37.318,-10.284
30.237,37.306,-10.284
30.251,37.307,-10.285
30.256,37.319,-10.285
30.247,37.329,-10.286
30.234,37.325,-10.286
30.233,37.311,-10.287
30.245,37.304,-10.287
30.255,37.312,-10.288
30.253,37.326,-10.288
30.24,37.329,-10.289
30.231,37.318,-10.289
30.238,37.306,-10.29
30.251,37.307,-10.29
30.256,37.32,-10.291
30.246,37.329,-10.291
30.234,37.324,-10.292
30.233,37.311,-10.292
30.245,37.304,-10.293
30.256,37.313,-10.293
30.252,37.326,-10.294
30.239,37.328,-10.294
30.231,37.317,-10.295
30.238,37.306,-10.295
30.252,37.307,-10.296
30.256,37.32,-10.296
30.246,37.329,-10.297
30.233,37.324,-10.297
30.233,37.31,-10.298
30.245,37.304,-10.298
30.256,37.313,-10.299
30.252,37.326,-10.299
30.239,37.328,-10.3
30.231,37.317,-10.3
30.231,37.302,-10.3
30.238,37.286,-10.3
30.254,37.279,-10.3
47.885,37.279,-10.3
47.919,37.281,-10.3
48.156,37.3,-10.3
48.19,37.302,-10.3
48.326,37.314,-10.3
48.36,37.32,-10.3
48.597,37.377,-10.3
48.631,37.386,-10.3
48.767,37.422,-10.3
48.794,37.432,-10.3
49.005,37.519,-10.3
49.037,37.534,-10.3
49.174,37.598,-10.3
49.183,37.602,-10.3
49.404,37.738,-10.3
49.412,37.742,-10.3
49.55,37.839,-10.3
49.581,37.865,-10.3
49.751,38.01,-10.3
49.785,38.043,-10.3
49.853,38.111,-10.3
49.886,38.145,-10.3
50.057,38.344,-10.3
50.06,38.348,-10.3
50.158,38.489,-10.3
50.176,38.518,-10.3
50.294,38.711,-10.3
50.3,38.722,-10.3
50.364,38.857,-10.3
50.379,38.891,-10.3
50.464,39.097,-10.3
50.477,39.129,-10.3
50.513,39.265,-10.3
50.522,39.299,-10.3
50.579,39.536,-10.3
50.585,39.57,-10.3
50.6,39.733,-10.3
50.619,39.977,-10.3
50.621,40.011,-10.3
50.621,68.993,-10.3
50.623,69.027,-10.3
50.635,69.163,-10.3
50.638,69.197,-10.3
50.648,69.299,-10.3
50.656,69.333,-10.3
50.692,69.468,-10.3
50.701,69.499,-10.3
50.723,69.57,-10.3
50.734,69.604,-10.3
50.803,69.753,-10.3
50.814,69.774,-10.3
50.868,69.876,-10.3
50.871,69.88,-10.3
50.963,70.011,-10.3
50.973,70.025,-10.3
51.045,70.113,-10.3
51.075,70.144,-10.3
51.145,70.215,-10.3
51.176,70.246,-10.3
51.278,70.33,-10.3
51.308,70.351,-10.3
51.414,70.425,-10.3
51.448,70.444,-10.3
51.526,70.486,-10.3
51.55,70.498,-10.3
51.686,70.562,-10.3
51.719,70.574,-10.3
51.821,70.605,-10.3
51.855,70.614,-10.3
51.991,70.65,-10.3
52.025,70.654,-10.3
52.127,70.664,-10.3
52.161,70.667,-10.3
52.296,70.679,-10.3
52.33,70.679,-10.3
69.876,70.679,-10.3
69.91,70.679,-10.3
70.045,70.667,-10.3
70.079,70.664,-10.3
70.181,70.654,-10.3
70.215,70.649,-10.3
70.351,70.612,-10.3
70.385,70.603,-10.3
70.486,70.572,-10.3
70.52,70.559,-10.3
70.656,70.496,-10.3
70.674,70.486,-10.3
70.758,70.441,-10.3
70.792,70.421,-10.3
70.894,70.35,-10.3
70.928,70.325,-10.3
71.02,70.249,-10.3
71.029,70.24,-10.3
71.131,70.139,-10.3
71.155,70.113,-10.3
71.21,70.045,-10.3
71.233,70.017,-10.3
71.309,69.91,-10.3
71.332,69.876,-10.3
71.386,69.774,-10.3
71.403,69.741,-10.3
71.466,69.604,-10.3
71.471,69.591,-10.3
71.505,69.479,-10.3
71.508,69.468,-10.3
71.544,69.333,-10.3
71.552,69.299,-10.3
71.562,69.197,-10.3
71.565,69.163,-10.3
71.577,69.027,-10.3
71.579,68.993,-10.3
71.579,40.011,-10.3
71.581,39.977,-10.3
71.6,39.74,-10.3
71.603,39.706,-10.3
71.615,39.57,-10.3
71.621,39.536,-10.3
71.678,39.299,-10.3
71.687,39.265,-10.3
71.723,39.129,-10.3
71.737,39.095,-10.3
71.821,38.891,-10.3
71.836,38.857,-10.3
71.9,38.722,-10.3
71.912,38.701,-10.3
72.024,38.518,-10.3
72.045,38.484,-10.3
72.14,38.348,-10.3
72.149,38.337,-10.3
72.314,38.145,-10.3
72.319,38.139,-10.3
72.421,38.037,-10.3
72.45,38.009,-10.3
72.624,37.86,-10.3
72.65,37.839,-10.3
72.76,37.762,-10.3
72.794,37.739,-10.3
73.017,37.602,-10.3
73.032,37.595,-10.3
73.167,37.532,-10.3
73.201,37.517,-10.3
73.406,37.432,-10.3
73.439,37.421,-10.3
73.575,37.384,-10.3
73.609,37.375,-10.3
73.846,37.318,-10.3
73.88,37.314,-10.3
74.016,37.302,-10.3
74.05,37.299,-10.3
74.287,37.28,-10.3
74.321,37.279,-10.3
92.036,37.279,-10.3
92.07,37.28,-10.3
92.138,37.289,-10.3
92.172,37.294,-10.3
92.206,37.301,-10.3
92.24,37.31,-10.3
92.308,37.341,-10.3
92.342,37.36,-10.3
92.376,37.383,-10.3
92.394,37.398,-10.3
92.443,37.441,-10.3
92.464,37.466,-10.3
92.487,37.5,-10.3
92.511,37.538,-10.3
92.531,37.568,-10.3
92.545,37.592,-10.3
92.568,37.67,-10.3
92.576,37.704,-10.3
92.583,37.738,-10.3
92.586,37.771,-10.3
92.586,37.839,-10.3
92.581,37.873,-10.3
92.574,37.907,-10.3
92.565,37.941,-10.3
92.545,38.009,-10.3
92.524,38.043,-10.3
92.502,38.077,-10.3
92.48,38.111,-10.3
92.457,38.145,-10.3
92.443,38.159,-10.3
92.381,38.213,-10.3
92.376,38.217,-10.3
92.331,38.247,-10.3
92.308,38.259,-10.3
92.24,38.29,-10.3
92.206,38.299,-10.3
92.172,38.306,-10.3
92.138,38.311,-10.3
92.07,38.32,-10.3
92.036,38.321,-10.3
74.321,38.321,-10.3
74.287,38.322,-10.3
74.152,38.334,-10.3
74.118,38.337,-10.3
73.998,38.348,-10.3
73.982,38.352,-10.3
73.846,38.388,-10.3
73.812,38.398,-10.3
73.71,38.429,-10.3
73.676,38.443,-10.3
73.575,38.49,-10.3
73.541,38.506,-10.3
73.439,38.56,-10.3
73.405,38.581,-10.3
73.301,38.654,-10.3
73.269,38.678,-10.3
73.201,38.733,-10.3
73.175,38.756,-10.3
73.066,38.865,-10.3
73.042,38.891,-10.3
72.986,38.959,-10.3
72.964,38.987,-10.3
72.888,39.095,-10.3
72.866,39.129,-10.3
72.811,39.231,-10.3
72.795,39.265,-10.3
72.747,39.367,-10.3
72.732,39.4,-10.3
72.701,39.502,-10.3
72.692,39.531,-10.3
72.655,39.672,-10.3
72.648,39.706,-10.3
72.638,39.808,-10.3
72.634,39.842,-10.3
72.623,39.977,-10.3
72.621,40.011,-10.3
72.621,68.993,-10.3
72.618,69.027,-10.3
72.6,69.265,-10.3
72.594,69.333,-10.3
72.585,69.434,-10.3
72.578,69.468,-10.3
72.523,69.699,-10.3
72.521,69.706,-10.3
72.485,69.842,-10.3
72.475,69.876,-10.3
72.377,70.113,-10.3
72.362,70.147,-10.3
72.314,70.249,-10.3
72.298,70.283,-10.3
72.173,70.486,-10.3
72.152,70.52,-10.3
72.08,70.622,-10.3
72.056,70.656,-10.3
71.911,70.826,-10.3
71.882,70.86,-10.3
71.776,70.966,-10.3
71.745,70.995,-10.3
71.572,71.142,-10.3
71.544,71.165,-10.3
71.437,71.24,-10.3
71.403,71.263,-10.3
71.199,71.388,-10.3
71.173,71.403,-10.3
71.028,71.471,-10.3
70.995,71.484,-10.3
70.783,71.572,-10.3
70.758,71.58,-10.3
70.622,71.617,-10.3
70.588,71.625,-10.3
70.351,71.682,-10.3
70.317,71.686,-10.3
70.181,71.698,-10.3
70.147,71.701,-10.3
69.91,71.72,-10.3
69.876,71.721,-10.3
52.33,71.721,-10.3
52.296,71.72,-10.3
52.059,71.702,-10.3
52.025,71.699,-10.3
51.889,71.687,-10.3
51.855,71.684,-10.3
51.618,71.627,-10.3
51.584,71.618,-10.3
51.448,71.582,-10.3
51.417,71.572,-10.3
51.21,71.487,-10.3
51.176,71.473,-10.3
51.027,71.403,-10.3
51.007,71.392,-10.3
50.803,71.267,-10.3
50.769,71.244,-10.3
50.656,71.165,-10.3
50.633,71.148,-10.3
50.455,70.995,-10.3
50.43,70.972,-10.3
50.318,70.86,-10.3
50.302,70.842,-10.3
50.294,70.832,-10.3
50.144,70.656,-10.3
50.124,70.629,-10.3
50.048,70.52,-10.3
50.027,70.486,-10.3
49.902,70.283,-10.3
49.886,70.249,-10.3
49.838,70.147,-10.3
49.823,70.113,-10.3
49.725,69.876,-10.3
49.717,69.848,-10.3
49.679,69.706,-10.3
49.671,69.672,-10.3
49.622,69.468,-10.3
49.615,69.438,-10.3
49.603,69.299,-10.3
49.6,69.265,-10.3
49.581,69.026,-10.3
49.579,68.993,-10.3
49.579,40.011,-10.3
49.577,39.977,-10.3
49.566,39.842,-10.3
49.562,39.808,-10.3
49.552,39.706,-10.3
49.548,39.68,-10.3
49.509,39.536,-10.3
49.499,39.502,-10.3
49.468,39.4,-10.3
49.453,39.367,-10.3
49.405,39.265,-10.3
49.389,39.231,-10.3
49.334,39.129,-10.3
49.312,39.095,-10.3
49.24,38.993,-10.3
49.214,38.959,-10.3
49.158,38.891,-10.3
49.14,38.871,-10.3
49.025,38.756,-10.3
49.005,38.738,-10.3
48.937,38.683,-10.3
48.903,38.657,-10.3
48.801,38.585,-10.3
48.767,38.564,-10.3
48.665,38.509,-10.3
48.631,38.493,-10.3
48.529,38.445,-10.3
48.495,38.431,-10.3
48.394,38.4,-10.3
48.36,38.39,-10.3
48.224,38.354,-10.3
48.202,38.348,-10.3
48.088,38.337,-10.3
48.054,38.334,-10.3
47.919,38.322,-10.3
47.885,38.321,-10.3
27.964,38.321,-10.3
27.93,38.32,-10.3
27.862,38.311,-10.3
27.828,38.306,-10.3
27.794,38.299,-10.3
27.76,38.29,-10.3
27.692,38.259,-10.3
27.669,38.247,-10.3
27.624,38.217,-10.3
27.619,38.213,-10.3
27.557,38.159,-10.3
27.543,38.145,-10.3
27.52,38.111,-10.3
27.498,38.077,-10.3
27.476,38.043,-10.3
27.455,38.009,-10.3
27.435,37.941,-10.3
27.426,37.907,-10.3
27.419,37.873,-10.3
27.414,37.839,-10.3
27.414,37.771,-10.3
27.417,37.738,-10.3
27.421,37.717,-10.3
27.424,37.704,-10.3
27.432,37.67,-10.3
27.455,37.592,-10.3
27.469,37.568,-10.3
27.491,37.534,-10.3
27.513,37.5,-10.3
27.536,37.466,-10.3
27.557,37.441,-10.3
27.606,37.398,-10.3
27.624,37.383,-10.3
27.658,37.36,-10.3
27.692,37.341,-10.3
27.76,37.31,-10.3
27.794,37.301,-10.3
27.828,37.294,-10.3
27.862,37.289,-10.3
27.93,37.28,-10.3
27.964,37.279,-10.3
30.254,37.279,-10.3
30.261,37.283,-10.3
30.264,37.291,-10.3
30.247,37.404,-10.3
30.234,37.4,-10.301
30.233,37.387,-10.301
30.244,37.38,-10.302
30.255,37.387,-10.302
30.253,37.401,-10.303
30.24,37.404,-10.303
30.231,37.394,-10.304
30.237,37.382,-10.304
30.237,30.251,-10.305,-10.304
30.256,37.395,-10.305
30.247,37.404,-10.306
30.234,37.4,-10.306
30.233,37.387,-10.307
30.245,37.38,-10.307
30.255,37.388,-10.308
30.253,37.401,-10.308
30.24,37.404,-10.308
30.231,37.393,-10.309
30.238,37.381,-10.309
30.251,37.382,-10.31
30.256,37.395,-10.31
30.246,37.405,-10.311
30.234,37.4,-10.311
30.233,37.386,-10.312
30.245,37.38,-10.312
30.256,37.388,-10.313
30.252,37.401,-10.313
30.239,37.404,-10.314
30.231,37.393,-10.314
30.238,37.381,-10.315
30.252,37.383,-10.315
30.256,37.395,-10.316
30.246,37.405,-10.316
30.233,37.399,-10.317
30.233,37.386,-10.317
30.245,37.38,-10.318
30.256,37.389,-10.318
30.252,37.402,-10.319
30.239,37.404,-10.319
30.231,37.392,-10.32
30.231,37.377,-10.32
30.238,37.361,-10.32
30.254,37.355,-10.32
47.885,37.355,-10.32
47.919,37.356,-10.32
47.952,37.359,-10.32
47.986,37.362,-10.32
48.326,37.391,-10.32
48.36,37.396,-10.32
48.394,37.404,-10.32
48.428,37.412,-10.32
48.767,37.503,-10.32
48.801,37.514,-10.32
48.849,37.534,-10.32
48.869,37.543,-10.32
49.174,37.685,-10.32
49.208,37.702,-10.32
49.242,37.723,-10.32
49.266,37.738,-10.32
49.557,37.941,-10.32
49.581,37.96,-10.32
49.615,37.988,-10.32
49.638,38.009,-10.32
49.887,38.258,-10.32
49.908,38.281,-10.32
49.937,38.314,-10.32
49.955,38.337,-10.32
50.158,38.628,-10.32
50.175,38.654,-10.32
50.196,38.688,-10.32
50.213,38.722,-10.32
50.362,39.041,-10.32
50.37,39.061,-10.32
50.384,39.095,-10.32
50.396,39.129,-10.32
50.487,39.468,-10.32
50.495,39.502,-10.32
50.503,39.536,-10.32
50.508,39.57,-10.32
50.538,39.91,-10.32
50.541,39.943,-10.32
50.543,39.977,-10.32
50.545,40.011,-10.32
50.545,68.993,-10.32
50.548,69.027,-10.32
50.551,69.061,-10.32
50.577,69.333,-10.32
50.586,69.367,-10.32
50.596,69.4,-10.32
50.668,69.638,-10.32
50.68,69.672,-10.32
50.696,69.706,-10.32
50.823,69.943,-10.32
50.837,69.968,-10.32
50.844,69.977,-10.32
50.869,70.011,-10.32
51.041,70.221,-10.32
51.069,70.249,-10.32
51.075,70.255,-10.32
51.109,70.283,-10.32
51.278,70.422,-10.32
51.312,70.449,-10.32
51.317,70.452,-10.32
51.346,70.472,-10.32
51.584,70.599,-10.32
51.618,70.615,-10.32
51.632,70.622,-10.32
51.652,70.629,-10.32
51.889,70.701,-10.32
51.923,70.711,-10.32
51.957,70.72,-10.32
51.981,70.724,-10.32
52.229,70.748,-10.32
52.262,70.752,-10.32
52.296,70.755,-10.32
52.33,70.755,-10.32
69.876,70.755,-10.32
69.91,70.754,-10.32
69.943,70.751,-10.32
69.977,70.748,-10.32
70.219,70.724,-10.32
70.249,70.719,-10.32
70.283,70.71,-10.32
70.317,70.7,-10.32
70.554,70.627,-10.32
70.568,70.622,-10.32
70.588,70.613,-10.32
70.622,70.596,-10.32
70.826,70.486,-10.32
70.86,70.468,-10.32
70.894,70.445,-10.32
70.926,70.419,-10.32
71.097,70.278,-10.32
71.131,70.249,-10.32
71.164,70.215,-10.32
71.335,70.007,-10.32
71.356,69.977,-10.32
71.369,69.959,-10.32
71.377,69.943,-10.32
71.505,69.705,-10.32
71.52,69.672,-10.32
71.532,69.638,-10.32
71.606,69.394,-10.32
71.614,69.367,-10.32
71.623,69.333,-10.32
71.649,69.061,-10.32
71.652,69.027,-10.32
71.655,68.993,-10.32
71.655,40.011,-10.32
71.657,39.977,-10.32
71.659,39.943,-10.32
71.662,39.91,-10.32
71.692,39.57,-10.32
71.697,39.536,-10.32
71.708,39.488,-10.32
71.713,39.468,-10.32
71.804,39.129,-10.32
71.81,39.109,-10.32
71.83,39.061,-10.32
71.844,39.028,-10.32
71.987,38.722,-10.32
72.004,38.688,-10.32
72.025,38.654,-10.32
72.047,38.62,-10.32
72.251,38.329,-10.32
72.263,38.314,-10.32
72.292,38.281,-10.32
72.319,38.252,-10.32
72.562,38.009,-10.32
72.59,37.983,-10.32
72.624,37.954,-10.32
72.643,37.941,-10.32
72.934,37.738,-10.32
72.964,37.719,-10.32
72.998,37.698,-10.32
73.032,37.682,-10.32
73.337,37.54,-10.32
73.351,37.534,-10.32
73.405,37.511,-10.32
73.439,37.501,-10.32
73.744,37.42,-10.32
73.778,37.411,-10.32
73.846,37.394,-10.32
73.88,37.391,-10.32
74.219,37.361,-10.32
74.253,37.358,-10.32
74.287,37.356,-10.32
74.321,37.355,-10.32
92.036,37.355,-10.32
92.07,37.355,-10.32
92.104,37.36,-10.32
92.206,37.381,-10.32
92.24,37.39,-10.32
92.256,37.398,-10.32
92.358,37.466,-10.32
92.376,37.479,-10.32
92.395,37.5,-10.32
92.463,37.602,-10.32
92.477,37.625,-10.32
92.481,37.636,-10.32
92.49,37.67,-10.32
92.511,37.779,-10.32
92.513,37.805,-10.32
92.511,37.821,-10.32
92.487,37.941,-10.32
92.477,37.975,-10.32
92.455,38.009,-10.32
92.41,38.078,-10.32
92.387,38.111,-10.32
92.376,38.121,-10.32
92.342,38.145,-10.32
92.274,38.19,-10.32
92.24,38.21,-10.32
92.234,38.213,-10.32
92.206,38.219,-10.32
92.104,38.24,-10.32
92.07,38.245,-10.32
92.036,38.245,-10.32
74.321,38.245,-10.32
74.287,38.246,-10.32
74.253,38.249,-10.32
74.219,38.253,-10.32
73.982,38.276,-10.32
73.953,38.281,-10.32
73.914,38.291,-10.32
73.643,38.373,-10.32
73.623,38.382,-10.32
73.609,38.389,-10.32
73.575,38.406,-10.32
73.365,38.518,-10.32
73.337,38.534,-10.32
73.303,38.558,-10.32
73.268,38.586,-10.32
73.1,38.724,-10.32
73.066,38.754,-10.32
73.064,38.756,-10.32
73.032,38.79,-10.32
72.862,38.997,-10.32
72.841,39.027,-10.32
72.828,39.047,-10.32
72.711,39.265,-10.32
72.694,39.299,-10.32
72.678,39.333,-10.32
72.666,39.367,-10.32
72.594,39.604,-10.32
72.59,39.616,-10.32
72.585,39.638,-10.32
72.577,39.672,-10.32
72.55,39.943,-10.32
72.547,39.977,-10.32
72.545,40.011,-10.32
72.545,68.993,-10.32
72.543,69.027,-10.32
72.54,69.061,-10.32
72.538,69.095,-10.32
72.508,69.434,-10.32
72.502,69.468,-10.32
72.489,69.525,-10.32
72.395,69.876,-10.32
72.387,69.899,-10.32
72.369,69.943,-10.32
72.353,69.977,-10.32
72.211,70.283,-10.32
72.193,70.317,-10.32
72.172,70.351,-10.32
72.149,70.385,-10.32
71.959,70.656,-10.32
71.946,70.675,-10.32
71.904,70.724,-10.32
71.878,70.751,-10.32
71.634,70.995,-10.32
71.606,71.019,-10.32
71.594,71.029,-10.32
71.572,71.048,-10.32
71.267,71.262,-10.32
71.259,71.267,-10.32
71.204,71.301,-10.32
71.199,71.303,-10.32
70.86,71.462,-10.32
70.838,71.471,-10.32
70.792,71.49,-10.32
70.758,71.499,-10.32
70.452,71.581,-10.32
70.419,71.59,-10.32
70.351,71.606,-10.32
69.977,71.639,-10.32
69.962,71.64,-10.32
69.91,71.644,-10.32
69.876,71.645,-10.32
52.33,71.645,-10.32
52.296,71.645,-10.32
52.229,71.64,-10.32
52.195,71.637,-10.32
51.855,71.607,-10.32
51.849,71.606,-10.32
51.787,71.592,-10.32
51.753,71.583,-10.32
51.414,71.492,-10.32
51.38,71.478,-10.32
51.346,71.464,-10.32
51.312,71.449,-10.32
51.007,71.306,-10.32
50.996,71.301,-10.32
50.939,71.266,-10.32
50.905,71.242,-10.32
50.633,71.052,-10.32
50.606,71.029,-10.32
50.6,71.024,-10.32
50.566,70.995,-10.32
50.357,70.786,-10.32
50.328,70.757,-10.32
50.296,70.724,-10.32
50.26,70.682,-10.32
50.241,70.656,-10.32
50.05,70.385,-10.32
50.028,70.351,-10.32
50.007,70.317,-10.32
49.989,70.283,-10.32
49.847,69.977,-10.32
49.831,69.943,-10.32
49.817,69.91,-10.32
49.805,69.876,-10.32
49.714,69.536,-10.32
49.706,69.502,-10.32
49.698,69.468,-10.32
49.692,69.434,-10.32
49.662,69.095,-10.32
49.66,69.061,-10.32
49.657,69.027,-10.32
49.655,68.993,-10.32
49.655,40.011,-10.32
49.653,39.977,-10.32
49.65,39.943,-10.32
49.623,39.672,-10.32
49.615,39.638,-10.32
49.606,39.604,-10.32
49.534,39.367,-10.32
49.522,39.333,-10.32
49.506,39.299,-10.32
49.489,39.265,-10.32
49.378,39.058,-10.32
49.359,39.027,-10.32
49.344,39.005,-10.32
49.335,38.993,-10.32
49.168,38.79,-10.32
49.14,38.76,-10.32
49.136,38.756,-10.32
49.106,38.729,-10.32
48.903,38.562,-10.32
48.889,38.552,-10.32
48.869,38.538,-10.32
48.835,38.518,-10.32
48.631,38.409,-10.32
48.597,38.392,-10.32
48.563,38.376,-10.32
48.529,38.365,-10.32
48.292,38.293,-10.32
48.258,38.284,-10.32
48.247,38.281,-10.32
48.224,38.277,-10.32
47.952,38.25,-10.32
47.916,38.247,-10.32
47.885,38.245,-10.32
27.964,38.245,-10.32
27.93,38.245,-10.32
27.896,38.24,-10.32
27.794,38.219,-10.32
27.766,38.213,-10.32
27.76,38.21,-10.32
27.726,38.19,-10.32
27.658,38.145,-10.32
27.624,38.121,-10.32
27.613,38.111,-10.32
27.59,38.077,-10.32
27.545,38.009,-10.32
27.523,37.975,-10.32
27.513,37.941,-10.32
27.489,37.821,-10.32
27.487,37.805,-10.32
27.489,37.779,-10.32
27.51,37.67,-10.32
27.519,37.636,-10.32
27.523,37.625,-10.32
27.537,37.602,-10.32
27.605,37.5,-10.32
27.624,37.479,-10.32
27.642,37.466,-10.32
27.744,37.398,-10.32
27.76,37.39,-10.32
27.794,37.381,-10.32
27.896,37.36,-10.32
27.93,37.355,-10.32
27.964,37.355,-10.32
30.254,37.355,-10.32
30.261,37.358,-10.32
30.264,37.365,-10.32
30.255,37.595,-10.32
30.255,37.603,-10.317
30.254,37.605,-10.31
30.254,37.605,5
30.264,34.203,5
30.264,34.203,-8.991
30.264,34.203,-9.938
30.264,34.203,-10.04
30.264,34.206,-10.047
30.264,34.213,-10.05
30.264,34.304,-10.05
30.261,34.311,-10.05
30.254,34.314,-10.05
27.964,34.314,-10.05
27.93,34.314,-10.05
27.73,34.292,-10.05
27.726,34.291,-10.05
27.54,34.225,-10.05
27.535,34.224,-10.05
27.531,34.221,-10.05
27.366,34.118,-10.05
27.362,34.115,-10.05
27.217,33.97,-10.05
27.214,33.966,-10.05
27.11,33.801,-10.05
27.108,33.797,-10.05
27.106,33.792,-10.05
27.042,33.608,-10.05
27.04,33.604,-10.05
27.039,33.597,-10.05
27.017,33.402,-10.05
27.017,33.398,-10.05
27.039,33.207,-10.05
27.04,33.199,-10.05
27.041,33.194,-10.05
27.107,33.006,-10.05
27.109,33.002,-10.05
27.111,32.998,-10.05
27.215,32.832,-10.05
27.217,32.83,-10.05
27.361,32.686,-10.05
27.364,32.683,-10.05
27.53,32.579,-10.05
27.533,32.577,-10.05
27.537,32.576,-10.05
27.726,32.509,-10.05
27.73,32.508,-10.05
27.93,32.486,-10.05
27.964,32.486,-10.05
52.296,32.486,-10.05
52.33,32.488,-10.05
52.704,32.515,-10.05
52.738,32.517,-10.05
52.771,32.524,-10.05
53.145,32.605,-10.05
53.179,32.612,-10.05
53.181,32.613,-10.05
53.586,32.764,-10.05
53.62,32.781,-10.05
53.959,32.967,-10.05
53.992,32.986,-10.05
54.333,33.241,-10.05
54.351,33.258,-10.05
54.638,33.545,-10.05
54.656,33.563,-10.05
54.672,33.585,-10.05
54.91,33.903,-10.05
54.931,33.937,-10.05
55.116,34.276,-10.05
55.134,34.31,-10.05
55.147,34.344,-10.05
55.286,34.717,-10.05
55.294,34.751,-10.05
55.376,35.124,-10.05
55.383,35.158,-10.05
55.385,35.185,-10.05
55.414,35.6,-10.05
55.414,35.633,-10.05
55.414,64.581,-10.05
55.416,64.615,-10.05
55.443,64.853,-10.05
55.447,64.887,-10.05
55.452,64.904,-10.05
55.53,65.124,-10.05
55.542,65.158,-10.05
55.554,65.178,-10.05
55.691,65.396,-10.05
55.694,65.4,-10.05
55.697,65.404,-10.05
55.894,65.601,-10.05
55.898,65.605,-10.05
55.902,65.608,-10.05
56.14,65.757,-10.05
56.144,65.759,-10.05
56.148,65.761,-10.05
56.411,65.853,-10.05
56.415,65.854,-10.05
56.42,65.854,-10.05
56.674,65.883,-10.05
56.708,65.886,-10.05
65.498,65.886,-10.05
65.532,65.882,-10.05
65.769,65.856,-10.05
65.786,65.853,-10.05
65.803,65.848,-10.05
66.041,65.765,-10.05
66.058,65.758,-10.05
66.075,65.748,-10.05
66.293,65.611,-10.05
66.3,65.606,-10.05
66.304,65.603,-10.05
66.496,65.411,-10.05
66.504,65.403,-10.05
66.507,65.4,-10.05
66.652,65.169,-10.05
66.658,65.158,-10.05
66.67,65.124,-10.05
66.741,64.921,-10.05
66.753,64.887,-10.05
66.753,64.886,-10.05
66.757,64.853,-10.05
66.784,64.615,-10.05
66.786,64.581,-10.05
66.786,35.633,-10.05
66.786,35.6,-10.05
66.815,35.192,-10.05
66.817,35.158,-10.05
66.821,35.139,-10.05
66.906,34.751,-10.05
66.914,34.717,-10.05
67.059,34.328,-10.05
67.066,34.31,-10.05
67.084,34.276,-10.05
67.269,33.937,-10.05
67.29,33.903,-10.05
67.534,33.577,-10.05
67.544,33.563,-10.05
67.568,33.539,-10.05
67.849,33.258,-10.05
67.873,33.237,-10.05
68.213,32.983,-10.05
68.247,32.963,-10.05
68.586,32.778,-10.05
68.62,32.762,-10.05
69.019,32.613,-10.05
69.027,32.611,-10.05
69.061,32.603,-10.05
69.434,32.522,-10.05
69.468,32.517,-10.05
69.876,32.487,-10.05
69.91,32.486,-10.05
92.036,32.486,-10.05
92.07,32.486,-10.05
92.27,32.508,-10.05
92.274,32.509,-10.05
92.463,32.576,-10.05
92.467,32.577,-10.05
92.47,32.579,-10.05
92.636,32.683,-10.05
92.639,32.686,-10.05
92.783,32.83,-10.05
92.785,32.832,-10.05
92.889,32.998,-10.05
92.891,33.002,-10.05
92.893,33.006,-10.05
92.959,33.194,-10.05
92.96,33.199,-10.05
92.961,33.207,-10.05
92.983,33.398,-10.05
92.983,33.402,-10.05
92.961,33.597,-10.05
92.96,33.604,-10.05
92.958,33.608,-10.05
92.894,33.792,-10.05
92.892,33.797,-10.05
92.89,33.801,-10.05
92.786,33.966,-10.05
92.783,33.97,-10.05
92.638,34.115,-10.05
92.634,34.118,-10.05
92.469,34.221,-10.05
92.465,34.224,-10.05
92.46,34.225,-10.05
92.274,34.291,-10.05
92.27,34.292,-10.05
92.07,34.314,-10.05
92.036,34.314,-10.05
69.91,34.314,-10.05
69.876,34.317,-10.05
69.62,34.346,-10.05
69.616,34.346,-10.05
69.612,34.347,-10.05
69.604,34.35,-10.05
69.351,34.438,-10.05
69.343,34.441,-10.05
69.335,34.446,-10.05
69.101,34.593,-10.05
69.098,34.595,-10.05
69.095,34.598,-10.05
68.899,34.794,-10.05
68.894,34.799,-10.05
68.891,34.804,-10.05
68.743,35.04,-10.05
68.741,35.044,-10.05
68.739,35.048,-10.05
68.647,35.311,-10.05
68.646,35.315,-10.05
68.646,35.32,-10.05
68.618,35.566,-10.05
68.614,35.6,-10.05
68.614,64.581,-10.05
68.613,64.615,-10.05
68.584,65.023,-10.05
68.58,65.057,-10.05
68.491,65.464,-10.05
68.484,65.488,-10.05
68.341,65.871,-10.05
68.327,65.905,-10.05
68.123,66.278,-10.05
68.111,66.296,-10.05
67.87,66.618,-10.05
67.842,66.652,-10.05
67.568,66.925,-10.05
67.535,66.957,-10.05
67.195,67.212,-10.05
67.168,67.229,-10.05
66.821,67.418,-10.05
66.795,67.432,-10.05
66.787,67.435,-10.05
66.38,67.587,-10.05
66.346,67.595,-10.05
65.973,67.676,-10.05
65.939,67.683,-10.05
65.905,67.685,-10.05
65.532,67.712,-10.05
65.498,67.714,-10.05
56.708,67.714,-10.05
56.674,67.712,-10.05
56.267,67.683,-10.05
56.233,67.677,-10.05
55.86,67.596,-10.05
55.826,67.589,-10.05
55.792,67.577,-10.05
55.419,67.438,-10.05
55.405,67.432,-10.05
55.385,67.421,-10.05
55.032,67.229,-10.05
55.011,67.216,-10.05
54.665,66.957,-10.05
54.638,66.931,-10.05
54.425,66.718,-10.05
54.358,66.652,-10.05
54.333,66.621,-10.05
54.095,66.304,-10.05
54.077,66.278,-10.05
53.873,65.905,-10.05
53.859,65.871,-10.05
53.719,65.498,-10.05
53.709,65.464,-10.05
53.62,65.055,-10.05
53.616,65.023,-10.05
53.586,64.603,-10.05
53.586,64.581,-10.05
53.586,35.6,-10.05
53.582,35.566,-10.05
53.554,35.319,-10.05
53.553,35.314,-10.05
53.552,35.309,-10.05
53.464,35.057,-10.05
53.459,35.043,-10.05
53.45,35.029,-10.05
53.314,34.813,-10.05
53.306,34.799,-10.05
53.292,34.785,-10.05
53.111,34.604,-10.05
53.103,34.596,-10.05
53.1,34.593,-10.05
52.865,34.446,-10.05
52.858,34.442,-10.05
52.852,34.439,-10.05
52.589,34.347,-10.05
52.585,34.346,-10.05
52.568,34.344,-10.05
52.33,34.318,-10.05
52.296,34.314,-10.05
30.254,34.314,-10.05
30.204,34.307,-10.05
30.154,34.306,-10.05
30.154,30.104,-10.051,-10.05
30.054,34.305,-10.051
30.004,34.304,-10.052
29.954,34.303,-10.053
29.904,34.301,-10.054
29.855,34.3,-10.055
29.805,34.298,-10.056
29.755,34.296,-10.057
29.705,34.294,-10.058
29.655,34.292,-10.06
29.605,34.29,-10.061
29.555,34.287,-10.063
29.505,34.285,-10.065
29.455,34.283,-10.066
29.405,34.28,-10.068
29.306,34.275,-10.071
29.006,34.259,-10.082
28.956,34.257,-10.084
28.906,34.254,-10.085
28.856,34.252,-10.087
28.806,34.249,-10.088
28.756,34.247,-10.09
28.707,34.245,-10.091
28.657,34.243,-10.093
28.607,34.241,-10.094
28.557,34.239,-10.095
28.507,34.238,-10.096
28.457,34.236,-10.097
28.407,34.235,-10.098
28.357,34.234,-10.099
28.307,34.233,-10.099
28.307,28.257,-10.1,-10.099
28.207,34.232,-10.1
28.17,34.232,-10.1
28.158,34.232,-10.1
28.148,34.24,-10.1
27.964,34.24,-10.1
27.93,34.239,-10.1
27.862,34.232,-10.1
27.828,34.227,-10.1
27.712,34.209,-10.1
27.708,34.208,-10.1
27.622,34.178,-10.1
27.619,34.177,-10.1
27.523,34.128,-10.1
27.489,34.109,-10.1
27.426,34.069,-10.1
27.421,34.065,-10.1
27.265,33.909,-10.1
27.262,33.906,-10.1
27.217,33.834,-10.1
27.2,33.801,-10.1
27.154,33.712,-10.1
27.153,33.708,-10.1
27.124,33.627,-10.1
27.123,33.623,-10.1
27.103,33.495,-10.1
27.099,33.462,-10.1
27.092,33.402,-10.1
27.092,33.398,-10.1
27.1,33.326,-10.1
27.105,33.292,-10.1
27.115,33.226,-10.1
27.123,33.177,-10.1
27.124,33.173,-10.1
27.153,33.092,-10.1
27.154,33.088,-10.1
27.206,32.986,-10.1
27.217,32.966,-10.1
27.262,32.895,-10.1
27.264,32.891,-10.1
27.421,32.735,-10.1
27.425,32.731,-10.1
27.489,32.691,-10.1
27.505,32.681,-10.1
27.616,32.625,-10.1
27.62,32.623,-10.1
27.705,32.593,-10.1
27.709,32.592,-10.1
27.828,32.573,-10.1
27.862,32.568,-10.1
27.93,32.561,-10.1
27.964,32.56,-10.1
52.296,32.56,-10.1
52.33,32.563,-10.1
52.5,32.575,-10.1
52.534,32.578,-10.1
52.738,32.594,-10.1
52.771,32.598,-10.1
52.941,32.635,-10.1
52.975,32.643,-10.1
53.179,32.692,-10.1
53.213,32.702,-10.1
53.382,32.765,-10.1
53.416,32.779,-10.1
53.62,32.863,-10.1
53.654,32.881,-10.1
53.79,32.955,-10.1
53.824,32.975,-10.1
54.008,33.088,-10.1
54.027,33.101,-10.1
54.163,33.203,-10.1
54.19,33.224,-10.1
54.367,33.374,-10.1
54.387,33.394,-10.1
54.502,33.509,-10.1
54.522,33.529,-10.1
54.672,33.705,-10.1
54.694,33.733,-10.1
54.796,33.869,-10.1
54.808,33.885,-10.1
54.922,34.072,-10.1
54.943,34.106,-10.1
55.017,34.242,-10.1
55.035,34.276,-10.1
55.119,34.48,-10.1
55.133,34.514,-10.1
55.197,34.683,-10.1
55.207,34.717,-10.1
55.256,34.921,-10.1
55.264,34.955,-10.1
55.301,35.124,-10.1
55.306,35.158,-10.1
55.325,35.396,-10.1
55.339,35.6,-10.1
55.34,35.633,-10.1
55.34,64.581,-10.1
55.341,64.615,-10.1
55.372,64.887,-10.1
55.374,64.904,-10.1
55.38,64.921,-10.1
55.473,65.188,-10.1
55.475,65.192,-10.1
55.52,65.264,-10.1
55.625,65.43,-10.1
55.635,65.447,-10.1
55.639,65.451,-10.1
55.849,65.662,-10.1
55.853,65.665,-10.1
55.86,65.669,-10.1
56.106,65.824,-10.1
56.11,65.826,-10.1
56.114,65.828,-10.1
56.394,65.926,-10.1
56.398,65.927,-10.1
56.403,65.927,-10.1
56.674,65.958,-10.1
56.708,65.96,-10.1
65.498,65.96,-10.1
65.532,65.957,-10.1
65.769,65.93,-10.1
65.803,65.926,-10.1
65.837,65.915,-10.1
66.087,65.827,-10.1
66.092,65.825,-10.1
66.109,65.814,-10.1
66.346,65.665,-10.1
66.35,65.662,-10.1
66.562,65.45,-10.1
66.565,65.446,-10.1
66.719,65.201,-10.1
66.725,65.192,-10.1
66.727,65.188,-10.1
66.821,64.918,-10.1
66.826,64.902,-10.1
66.828,64.887,-10.1
66.859,64.615,-10.1
66.86,64.581,-10.1
66.86,35.633,-10.1
66.861,35.6,-10.1
66.875,35.396,-10.1
66.894,35.158,-10.1
66.899,35.124,-10.1
66.936,34.955,-10.1
66.944,34.921,-10.1
66.993,34.717,-10.1
67.003,34.683,-10.1
67.067,34.514,-10.1
67.081,34.48,-10.1
67.165,34.276,-10.1
67.183,34.242,-10.1
67.262,34.097,-10.1
67.278,34.072,-10.1
67.382,33.903,-10.1
67.398,33.877,-10.1
67.506,33.733,-10.1
67.533,33.699,-10.1
67.678,33.529,-10.1
67.704,33.503,-10.1
67.813,33.394,-10.1
67.839,33.369,-10.1
68.01,33.224,-10.1
68.043,33.198,-10.1
68.179,33.097,-10.1
68.192,33.088,-10.1
68.382,32.971,-10.1
68.416,32.952,-10.1
68.552,32.878,-10.1
68.586,32.861,-10.1
68.79,32.776,-10.1
68.824,32.763,-10.1
68.993,32.7,-10.1
69.027,32.691,-10.1
69.231,32.642,-10.1
69.265,32.634,-10.1
69.434,32.597,-10.1
69.468,32.593,-10.1
69.672,32.577,-10.1
69.706,32.574,-10.1
69.876,32.562,-10.1
69.91,32.56,-10.1
92.036,32.56,-10.1
92.07,32.561,-10.1
92.138,32.568,-10.1
92.172,32.573,-10.1
92.291,32.592,-10.1
92.295,32.593,-10.1
92.38,32.623,-10.1
92.384,32.625,-10.1
92.495,32.681,-10.1
92.511,32.691,-10.1
92.575,32.731,-10.1
92.579,32.735,-10.1
92.736,32.891,-10.1
92.738,32.895,-10.1
92.783,32.966,-10.1
92.794,32.986,-10.1
92.846,33.088,-10.1
92.847,33.092,-10.1
92.876,33.173,-10.1
92.877,33.177,-10.1
92.895,33.292,-10.1
92.9,33.326,-10.1
92.908,33.398,-10.1
92.908,33.402,-10.1
92.901,33.462,-10.1
92.897,33.495,-10.1
92.877,33.623,-10.1
92.876,33.627,-10.1
92.847,33.708,-10.1
92.846,33.712,-10.1
92.8,33.801,-10.1
92.783,33.834,-10.1
92.738,33.906,-10.1
92.735,33.909,-10.1
92.579,34.065,-10.1
92.574,34.069,-10.1
92.511,34.109,-10.1
92.477,34.128,-10.1
92.381,34.177,-10.1
92.378,34.178,-10.1
92.292,34.208,-10.1
92.288,34.209,-10.1
92.172,34.227,-10.1
92.138,34.232,-10.1
92.07,34.239,-10.1
92.036,34.24,-10.1
69.91,34.24,-10.1
69.876,34.242,-10.1
69.604,34.273,-10.1
69.597,34.274,-10.1
69.59,34.276,-10.1
69.318,34.371,-10.1
69.311,34.374,-10.1
69.307,34.376,-10.1
69.056,34.534,-10.1
69.053,34.535,-10.1
69.051,34.537,-10.1
69.04,34.548,-10.1
68.857,34.73,-10.1
68.837,34.751,-10.1
68.824,34.772,-10.1
68.677,35.006,-10.1
68.674,35.01,-10.1
68.673,35.014,-10.1
68.575,35.294,-10.1
68.573,35.298,-10.1
68.573,35.303,-10.1
68.543,35.566,-10.1
68.54,35.6,-10.1
68.54,64.581,-10.1
68.538,64.615,-10.1
68.526,64.785,-10.1
68.524,64.819,-10.1
68.508,65.023,-10.1
68.505,65.057,-10.1
68.468,65.226,-10.1
68.46,65.26,-10.1
68.403,65.498,-10.1
68.391,65.532,-10.1
68.34,65.667,-10.1
68.327,65.701,-10.1
68.243,65.905,-10.1
68.227,65.939,-10.1
68.145,66.089,-10.1
68.134,66.109,-10.1
68.009,66.313,-10.1
67.985,66.346,-10.1
67.883,66.482,-10.1
67.873,66.494,-10.1
67.738,66.653,-10.1
67.708,66.686,-10.1
67.602,66.791,-10.1
67.572,66.821,-10.1
67.398,66.969,-10.1
67.371,66.991,-10.1
67.229,67.098,-10.1
67.195,67.12,-10.1
67.018,67.229,-10.1
66.991,67.244,-10.1
66.833,67.33,-10.1
66.821,67.336,-10.1
66.618,67.421,-10.1
66.589,67.432,-10.1
66.408,67.5,-10.1
66.38,67.508,-10.1
66.176,67.556,-10.1
66.143,67.564,-10.1
65.97,67.602,-10.1
65.939,67.606,-10.1
65.735,67.622,-10.1
65.701,67.625,-10.1
65.532,67.637,-10.1
65.498,67.64,-10.1
56.708,67.64,-10.1
56.674,67.638,-10.1
56.505,67.625,-10.1
56.471,67.623,-10.1
56.267,67.607,-10.1
56.233,67.603,-10.1
56.063,67.566,-10.1
56.029,67.558,-10.1
55.826,67.509,-10.1
55.792,67.5,-10.1
55.611,67.432,-10.1
55.588,67.423,-10.1
55.385,67.339,-10.1
55.367,67.33,-10.1
55.215,67.247,-10.1
55.182,67.229,-10.1
55.011,67.124,-10.1
54.977,67.102,-10.1
54.829,66.991,-10.1
54.808,66.974,-10.1
54.628,66.821,-10.1
54.604,66.797,-10.1
54.492,66.686,-10.1
54.478,66.67,-10.1
54.468,66.659,-10.1
54.333,66.5,-10.1
54.317,66.482,-10.1
54.197,66.322,-10.1
54.191,66.312,-10.1
54.066,66.109,-10.1
54.061,66.1,-10.1
53.973,65.939,-10.1
53.959,65.91,-10.1
53.873,65.701,-10.1
53.86,65.667,-10.1
53.809,65.532,-10.1
53.797,65.498,-10.1
53.74,65.26,-10.1
53.732,65.226,-10.1
53.695,65.057,-10.1
53.692,65.023,-10.1
53.676,64.819,-10.1
53.674,64.785,-10.1
53.662,64.615,-10.1
53.66,64.581,-10.1
53.66,35.6,-10.1
53.657,35.566,-10.1
53.627,35.303,-10.1
53.627,35.298,-10.1
53.625,35.294,-10.1
53.53,35.023,-10.1
53.526,35.01,-10.1
53.518,34.997,-10.1
53.382,34.781,-10.1
53.363,34.751,-10.1
53.348,34.736,-10.1
53.152,34.54,-10.1
53.149,34.537,-10.1
53.145,34.534,-10.1
52.896,34.378,-10.1
52.891,34.374,-10.1
52.885,34.372,-10.1
52.61,34.276,-10.1
52.602,34.273,-10.1
52.568,34.27,-10.1
52.324,34.242,-10.1
52.296,34.24,-10.1
30.254,34.24,-10.1
28.148,34.24,-10.1
28.098,34.232,-10.1
28.048,34.232,-10.1
27.998,34.231,-10.101
27.948,34.23,-10.101
27.918,34.228,-10.102
27.888,34.224,-10.102
27.839,34.216,-10.103
27.79,34.207,-10.104
27.741,34.197,-10.105
27.704,34.19,-10.106
27.692,34.186,-10.106
27.645,34.167,-10.107
27.637,34.164,-10.108
27.63,34.159,-10.108
27.586,34.135,-10.109
27.543,34.11,-10.111
27.5,34.085,-10.112
27.473,34.067,-10.113
27.453,34.054,-10.114
27.447,34.049,-10.114
27.43,34.03,-10.115
27.413,34.012,-10.116
27.38,33.975,-10.118
27.293,33.878,-10.122
27.288,33.872,-10.123
27.277,33.852,-10.123
27.256,33.807,-10.125
27.19,33.657,-10.131
27.187,33.65,-10.131
27.185,33.643,-10.131
27.184,33.637,-10.132
27.181,33.616,-10.132
27.176,33.566,-10.134
27.171,33.516,-10.136
27.166,33.466,-10.137
27.16,33.41,-10.139
27.159,33.404,-10.139
27.159,33.397,-10.139
27.16,33.391,-10.14
27.166,33.365,-10.14
27.176,33.316,-10.142
27.185,33.267,-10.143
27.194,33.218,-10.144
27.203,33.169,-10.146
27.205,33.163,-10.146
27.213,33.147,-10.146
27.225,33.125,-10.147
27.249,33.081,-10.148
27.272,33.036,-10.148
27.295,32.992,-10.149
27.312,32.96,-10.149
27.315,32.955,-10.149
27.319,32.95,-10.149
27.337,32.932,-10.15
27.354,32.915,-10.15
27.381,32.889,-10.15
27.39,32.88,-10.15
27.408,32.855,-10.15
27.48,32.783,-10.15
27.484,32.78,-10.15
27.692,32.673,-10.15
27.697,32.672,-10.15
27.934,32.634,-10.15
52.296,32.634,-10.15
52.33,32.637,-10.15
52.763,32.671,-10.15
52.767,32.672,-10.15
53.216,32.779,-10.15
53.219,32.78,-10.15
53.644,32.957,-10.15
53.649,32.959,-10.15
54.04,33.199,-10.15
54.044,33.202,-10.15
54.394,33.501,-10.15
54.398,33.504,-10.15
54.698,33.855,-10.15
54.701,33.859,-10.15
54.942,34.253,-10.15
54.943,34.256,-10.15
55.12,34.683,-10.15
55.121,34.687,-10.15
55.228,35.133,-10.15
55.229,35.137,-10.15
55.266,35.6,-10.15
55.266,35.633,-10.15
55.266,64.581,-10.15
55.267,64.615,-10.15
55.301,64.912,-10.15
55.301,64.917,-10.15
55.302,64.921,-10.15
55.314,64.955,-10.15
55.406,65.218,-10.15
55.408,65.222,-10.15
55.41,65.226,-10.15
55.575,65.489,-10.15
55.578,65.493,-10.15
55.582,65.498,-10.15
55.8,65.716,-10.15
55.805,65.72,-10.15
55.809,65.724,-10.15
56.072,65.889,-10.15
56.076,65.891,-10.15
56.08,65.893,-10.15
56.131,65.911,-10.15
56.377,65.997,-10.15
56.382,65.998,-10.15
56.386,65.999,-10.15
56.674,66.032,-10.15
56.708,66.034,-10.15
65.498,66.034,-10.15
65.532,66.031,-10.15
65.816,65.999,-10.15
65.82,65.998,-10.15
65.837,65.992,-10.15
66.117,65.894,-10.15
66.121,65.893,-10.15
66.126,65.89,-10.15
66.389,65.725,-10.15
66.393,65.722,-10.15
66.397,65.719,-10.15
66.618,65.498,-10.15
66.622,65.493,-10.15
66.625,65.489,-10.15
66.79,65.226,-10.15
66.792,65.222,-10.15
66.794,65.218,-10.15
66.889,64.946,-10.15
66.898,64.921,-10.15
66.899,64.917,-10.15
66.899,64.912,-10.15
66.933,64.615,-10.15
66.934,64.581,-10.15
66.934,35.633,-10.15
66.934,35.6,-10.15
66.971,35.137,-10.15
66.972,35.133,-10.15
67.079,34.687,-10.15
67.08,34.683,-10.15
67.256,34.257,-10.15
67.258,34.253,-10.15
67.5,33.858,-10.15
67.502,33.855,-10.15
67.802,33.504,-10.15
67.805,33.501,-10.15
68.156,33.202,-10.15
68.16,33.199,-10.15
68.552,32.959,-10.15
68.556,32.957,-10.15
68.98,32.781,-10.15
68.984,32.779,-10.15
69.434,32.671,-10.15
69.439,32.671,-10.15
69.876,32.636,-10.15
69.91,32.634,-10.15
92.066,32.634,-10.15
92.303,32.672,-10.15
92.308,32.673,-10.15
92.516,32.78,-10.15
92.52,32.783,-10.15
92.686,32.948,-10.15
92.689,32.952,-10.15
92.795,33.16,-10.15
92.797,33.165,-10.15
92.834,33.398,-10.15
92.834,33.402,-10.15
92.797,33.635,-10.15
92.795,33.639,-10.15
92.688,33.848,-10.15
92.686,33.851,-10.15
92.519,34.018,-10.15
92.517,34.02,-10.15
92.308,34.127,-10.15
92.303,34.128,-10.15
92.066,34.166,-10.15
69.91,34.166,-10.15
69.876,34.168,-10.15
69.587,34.201,-10.15
69.583,34.201,-10.15
69.579,34.202,-10.15
69.57,34.205,-10.15
69.286,34.305,-10.15
69.28,34.307,-10.15
69.277,34.308,-10.15
69.274,34.31,-10.15
69.01,34.476,-10.15
69.007,34.477,-10.15
69.005,34.48,-10.15
68.993,34.491,-10.15
68.79,34.695,-10.15
68.779,34.706,-10.15
68.771,34.717,-10.15
68.61,34.973,-10.15
68.608,34.977,-10.15
68.606,34.981,-10.15
68.503,35.277,-10.15
68.502,35.281,-10.15
68.501,35.286,-10.15
68.469,35.566,-10.15
68.466,35.6,-10.15
68.466,64.581,-10.15
68.464,64.615,-10.15
68.429,65.061,-10.15
68.429,65.065,-10.15
68.321,65.514,-10.15
68.32,65.518,-10.15
68.143,65.945,-10.15
68.141,65.949,-10.15
67.9,66.342,-10.15
67.897,66.346,-10.15
67.598,66.695,-10.15
67.594,66.7,-10.15
67.244,66.999,-10.15
67.241,67.001,-10.15
66.847,67.242,-10.15
66.842,67.244,-10.15
66.418,67.42,-10.15
66.414,67.421,-10.15
65.964,67.529,-10.15
65.96,67.529,-10.15
65.532,67.563,-10.15
65.498,67.566,-10.15
56.708,67.566,-10.15
56.674,67.564,-10.15
56.237,67.529,-10.15
56.233,67.528,-10.15
55.788,67.421,-10.15
55.783,67.42,-10.15
55.355,67.243,-10.15
55.351,67.241,-10.15
54.958,67,-10.15
54.955,66.997,-10.15
54.604,66.698,-10.15
54.601,66.695,-10.15
54.303,66.346,-10.15
54.301,66.343,-10.15
54.059,65.949,-10.15
54.057,65.945,-10.15
53.881,65.519,-10.15
53.879,65.515,-10.15
53.771,65.065,-10.15
53.771,65.061,-10.15
53.736,64.615,-10.15
53.734,64.581,-10.15
53.734,35.6,-10.15
53.731,35.566,-10.15
53.699,35.286,-10.15
53.698,35.281,-10.15
53.697,35.277,-10.15
53.596,34.989,-10.15
53.592,34.978,-10.15
53.586,34.967,-10.15
53.424,34.709,-10.15
53.42,34.705,-10.15
53.416,34.7,-10.15
53.213,34.497,-10.15
53.195,34.48,-10.15
53.191,34.477,-10.15
52.926,34.31,-10.15
52.921,34.307,-10.15
52.917,34.306,-10.15
52.636,34.207,-10.15
52.619,34.202,-10.15
52.602,34.2,-10.15
52.33,34.169,-10.15
52.296,34.166,-10.15
28.148,34.166,-10.15
27.934,34.166,-10.15
27.697,34.128,-10.15
27.692,34.127,-10.15
27.483,34.02,-10.15
27.481,34.018,-10.15
27.314,33.851,-10.15
27.312,33.848,-10.15
27.205,33.639,-10.15
27.203,33.635,-10.15
27.166,33.402,-10.15
27.166,33.398,-10.15
27.203,33.165,-10.15
27.205,33.16,-10.15
27.311,32.952,-10.15
27.314,32.948,-10.15
27.408,32.855,-10.15
27.447,32.823,-10.15
27.475,32.795,-10.15
27.481,32.789,-10.15
27.487,32.784,-10.15
27.494,32.78,-10.15
27.539,32.758,-10.151
27.584,32.736,-10.151
27.629,32.714,-10.152
27.673,32.692,-10.153
27.695,32.682,-10.153
27.702,32.68,-10.154
27.734,32.675,-10.154
27.783,32.669,-10.155
27.833,32.662,-10.157
27.882,32.655,-10.158
27.93,32.649,-10.159
27.937,32.649,-10.159
27.987,32.65,-10.161
28.037,32.652,-10.163
28.087,32.653,-10.164
28.137,32.655,-10.166
28.187,32.657,-10.167
28.287,32.66,-10.171
28.586,32.671,-10.181
28.636,32.672,-10.183
28.686,32.674,-10.185
28.736,32.676,-10.186
28.786,32.677,-10.188
28.836,32.679,-10.19
28.886,32.68,-10.191
28.936,32.682,-10.192
28.986,32.683,-10.194
29.036,32.684,-10.195
29.085,32.685,-10.196
29.135,32.686,-10.197
29.185,32.687,-10.198
29.235,32.688,-10.198
29.235,29.285,-10.199,-10.198
29.323,32.689,-10.199
29.323,29.335,-10.2,-10.199
29.323,29.385,29.335,-10.2,-10.2
29.422,32.69,29.335
29.435,32.69,29.335,29.335
29.455,32.686,29.335
52.296,32.686,29.335,29.335
52.33,32.688,29.335
52.755,32.721,29.335
52.759,32.722,29.335
53.2,32.828,29.335
53.204,32.83,29.335
53.62,33.002,29.335
53.624,33.004,29.335
54.01,33.241,29.335
54.014,33.243,29.335
54.358,33.537,29.335
54.363,33.541,29.335
54.657,33.886,29.335
54.66,33.89,29.335
54.896,34.276,29.335
54.898,34.28,29.335
55.07,34.696,29.335
55.072,34.7,29.335
55.178,35.141,29.335
55.179,35.146,29.335
55.214,35.6,29.335
55.214,35.633,29.335,29.335
55.214,64.581,29.335,29.335
55.215,64.606,29.335
55.25,64.921,29.335
55.251,64.929,29.335
55.252,64.934,29.335
55.26,64.955,29.335
55.355,65.226,29.335
55.361,65.243,29.335
55.363,65.247,29.335
55.536,65.523,29.335
55.54,65.527,29.335
55.544,65.532,29.335
55.758,65.746,29.335
55.772,65.76,29.335
55.775,65.763,29.335
55.779,65.765,29.335
56.05,65.935,29.335
56.053,65.937,29.335
56.056,65.939,29.335
56.063,65.941,29.335
56.347,66.041,29.335
56.369,66.048,29.335
56.373,66.049,29.335
56.674,66.083,29.335
56.708,66.086,29.335
65.498,66.086,29.335,29.335
65.532,66.082,29.335
65.82,66.05,29.335
65.829,66.049,29.335
65.833,66.048,29.335
65.837,66.046,29.335
66.109,65.951,29.335
66.143,65.939,29.335
66.144,65.939,29.335,29.335
66.148,65.937,29.335
66.423,65.764,29.335
66.427,65.761,29.335
66.431,65.757,29.335
66.656,65.532,29.335
66.66,65.527,29.335
66.664,65.523,29.335
66.837,65.247,29.335
66.839,65.243,29.335
66.845,65.226,29.335
66.946,64.938,29.335
66.948,64.934,29.335
66.949,64.929,29.335
66.95,64.921,29.335
66.984,64.615,29.335
66.986,64.581,29.335
66.986,35.633,29.335,29.335
66.986,35.6,29.335,29.335
67.022,35.144,29.335
67.022,35.141,29.335,29.335
67.128,34.7,29.335
67.129,34.698,29.335
67.302,34.28,29.335
67.304,34.276,29.335
67.541,33.889,29.335
67.544,33.885,29.335
67.837,33.542,29.335
67.839,33.539,29.335
68.183,33.246,29.335
68.187,33.242,29.335
68.573,33.006,29.335
68.577,33.003,29.335
68.997,32.829,29.335
69.002,32.828,29.335
69.443,32.722,29.335
69.447,32.721,29.335
69.876,32.688,29.335
69.91,32.686,29.335
92.062,32.686,29.335,29.335
92.066,32.686,29.335,29.335
92.286,32.721,29.335
92.291,32.722,29.335
92.486,32.821,29.335
92.49,32.824,29.335
92.644,32.978,29.335
92.647,32.982,29.335
92.748,33.179,29.335
92.782,33.398,29.335
92.782,33.402,29.335,29.335
92.748,33.617,29.335
92.747,33.622,29.335
92.647,33.818,29.335
92.644,33.822,29.335
92.491,33.975,29.335
92.486,33.979,29.335
92.292,34.078,29.335
92.288,34.079,29.335
92.066,34.114,29.335
92.053,34.114,29.335,29.335
69.91,34.114,29.335,29.335
69.876,34.117,29.335
69.604,34.148,29.335
69.57,34.152,29.335
69.566,34.153,29.335
69.265,34.258,29.335
69.257,34.261,29.335
69.252,34.263,29.335
68.976,34.437,29.335
68.973,34.439,29.335
68.966,34.446,29.335
68.742,34.67,29.335
68.739,34.673,29.335
68.737,34.677,29.335
68.583,34.921,29.335
68.562,34.955,29.335
68.56,34.958,29.335
68.557,34.968,29.335
68.453,35.265,29.335
68.452,35.268,29.335
68.451,35.27,29.335
68.45,35.28,29.335
68.416,35.581,29.335
68.414,35.6,29.335
68.414,64.581,29.335,29.335
68.413,64.615,29.335
68.379,65.052,29.335
68.378,65.057,29.335
68.272,65.498,29.335
68.271,65.502,29.335
68.097,65.922,29.335
68.095,65.926,29.335
67.858,66.312,29.335
67.856,66.315,29.335
67.564,66.657,29.335
67.559,66.662,29.335
67.214,66.957,29.335
67.209,66.96,29.335
66.824,67.196,29.335
66.821,67.197,29.335
66.401,67.371,29.335
66.397,67.373,29.335
65.956,67.478,29.335
65.532,67.512,29.335
65.498,67.514,29.335
56.708,67.514,29.335,29.335
56.674,67.512,29.335
56.246,67.479,29.335
56.242,67.478,29.335
55.8,67.372,29.335
55.796,67.37,29.335
55.379,67.198,29.335
55.376,67.196,29.335
54.989,66.959,29.335
54.986,66.957,29.335
54.642,66.663,29.335
54.638,66.659,29.335
54.345,66.316,29.335
54.342,66.312,29.335
54.105,65.926,29.335
54.103,65.922,29.335
53.929,65.502,29.335
53.928,65.498,29.335
53.822,65.057,29.335
53.821,65.052,29.335
53.787,64.615,29.335
53.786,64.581,29.335
53.786,35.6,29.335,29.335
53.782,35.566,29.335
53.749,35.273,29.335
53.748,35.269,29.335
53.745,35.26,29.335
53.64,34.959,29.335
53.638,34.955,29.335
53.62,34.926,29.335
53.464,34.678,29.335
53.463,34.675,29.335
53.461,34.673,29.335
53.45,34.662,29.335
53.234,34.446,29.335
53.228,34.44,29.335
53.226,34.438,29.335
53.223,34.436,29.335
52.948,34.263,29.335
52.945,34.262,29.335
52.941,34.26,29.335
52.636,34.153,29.335
52.632,34.152,29.335
52.627,34.151,29.335
52.33,34.118,29.335
52.296,34.114,29.335
27.938,34.114,29.335,29.335
27.934,34.114,29.335,29.335
27.712,34.079,29.335
27.708,34.078,29.335
27.514,33.979,29.335
27.509,33.975,29.335
27.356,33.822,29.335
27.353,33.818,29.335
27.253,33.622,29.335
27.252,33.617,29.335
27.218,33.402,29.335
27.218,33.398,29.335,29.335
27.251,33.187,29.335
27.252,33.179,29.335
27.353,32.982,29.335
27.356,32.978,29.335
27.444,32.89,29.335
27.51,32.824,29.335
27.514,32.821,29.335
27.709,32.722,29.335
27.714,32.721,29.335
27.934,32.686,29.335
27.947,32.686,29.335,29.335
29.455,32.686,29.335,29.335
29.505,32.69,29.335
29.554,32.69,29.335,29.335
29.604,32.691,-10.201
29.654,32.692,-10.201
29.704,32.693,-10.202
29.754,32.694,-10.203
29.804,32.695,-10.204
29.854,32.697,-10.205
29.904,32.698,-10.206
29.954,32.7,-10.207
30.004,32.702,-10.208
30.054,32.704,-10.21
30.104,32.707,-10.211
30.153,32.709,-10.213
30.203,32.711,-10.215
30.253,32.714,-10.216
30.303,32.716,-10.218
30.403,32.722,-10.221
30.702,32.737,-10.232
30.752,32.74,-10.234
30.802,32.742,-10.235
30.852,32.745,-10.237
30.902,32.747,-10.238
30.952,32.749,-10.24
31.002,32.752,-10.241
31.052,32.754,-10.243
31.102,32.755,-10.244
31.152,32.757,-10.245
31.202,32.759,-10.246
31.252,32.76,-10.247
31.301,32.761,-10.248
31.351,32.762,-10.249
31.401,32.763,-10.249
31.451,32.764,-10.25
31.501,32.764,-10.25
31.539,32.764,-10.25
31.551,32.764,-10.25
31.561,32.759,-10.25
52.296,32.759,-10.25
52.33,32.761,-10.25
52.742,32.794,-10.25
52.746,32.794,-10.25
53.174,32.897,-10.25
53.179,32.898,-10.25
53.586,33.067,-10.25
53.59,33.069,-10.25
53.968,33.3,-10.25
53.972,33.303,-10.25
54.306,33.589,-10.25
54.311,33.593,-10.25
54.597,33.928,-10.25
54.6,33.932,-10.25
54.831,34.31,-10.25
54.833,34.313,-10.25
55.002,34.721,-10.25
55.003,34.726,-10.25
55.106,35.154,-10.25
55.106,35.158,-10.25
55.141,35.6,-10.25
55.141,35.633,-10.25
55.141,64.581,-10.25
55.142,64.615,-10.25
55.151,64.717,-10.25
55.154,64.751,-10.25
55.172,64.904,-10.25
55.176,64.921,-10.25
55.203,65.023,-10.25
55.213,65.057,-10.25
55.261,65.192,-10.25
55.275,65.226,-10.25
55.323,65.328,-10.25
55.344,65.362,-10.25
55.408,65.464,-10.25
55.419,65.48,-10.25
55.486,65.577,-10.25
55.495,65.588,-10.25
55.506,65.6,-10.25
55.709,65.803,-10.25
55.713,65.806,-10.25
55.717,65.809,-10.25
55.826,65.885,-10.25
55.856,65.905,-10.25
55.964,65.973,-10.25
55.995,65.988,-10.25
56.097,66.035,-10.25
56.111,66.041,-10.25
56.233,66.083,-10.25
56.267,66.094,-10.25
56.386,66.126,-10.25
56.394,66.128,-10.25
56.403,66.129,-10.25
56.538,66.144,-10.25
56.572,66.148,-10.25
56.674,66.157,-10.25
56.708,66.159,-10.25
65.498,66.159,-10.25
65.532,66.156,-10.25
65.633,66.147,-10.25
65.667,66.144,-10.25
65.803,66.128,-10.25
65.807,66.128,-10.25
65.812,66.127,-10.25
65.939,66.093,-10.25
65.973,66.081,-10.25
66.089,66.041,-10.25
66.109,66.033,-10.25
66.21,65.985,-10.25
66.236,65.973,-10.25
66.346,65.903,-10.25
66.38,65.881,-10.25
66.486,65.807,-10.25
66.491,65.803,-10.25
66.702,65.592,-10.25
66.706,65.588,-10.25
66.709,65.584,-10.25
66.787,65.471,-10.25
66.792,65.464,-10.25
66.856,65.362,-10.25
66.877,65.328,-10.25
66.925,65.226,-10.25
66.939,65.192,-10.25
66.987,65.057,-10.25
66.991,65.045,-10.25
67.027,64.91,-10.25
67.028,64.906,-10.25
67.029,64.903,-10.25
67.046,64.751,-10.25
67.049,64.717,-10.25
67.058,64.615,-10.25
67.059,64.601,-10.25
67.059,64.581,-10.25
67.059,35.633,-10.25
67.059,35.6,-10.25
67.094,35.158,-10.25
67.094,35.154,-10.25
67.197,34.727,-10.25
67.198,34.722,-10.25
67.368,34.313,-10.25
67.369,34.31,-10.25
67.6,33.933,-10.25
67.602,33.93,-10.25
67.89,33.592,-10.25
67.893,33.589,-10.25
68.229,33.302,-10.25
68.233,33.299,-10.25
68.607,33.07,-10.25
68.611,33.068,-10.25
69.019,32.899,-10.25
69.023,32.898,-10.25
69.456,32.794,-10.25
69.876,32.761,-10.25
69.91,32.759,-10.25
92.036,32.759,-10.25
92.07,32.759,-10.25
92.138,32.769,-10.25
92.172,32.774,-10.25
92.257,32.788,-10.25
92.261,32.789,-10.25
92.322,32.817,-10.25
92.342,32.826,-10.25
92.431,32.872,-10.25
92.435,32.875,-10.25
92.485,32.919,-10.25
92.511,32.943,-10.25
92.569,33.001,-10.25
92.572,33.005,-10.25
92.613,33.068,-10.25
92.624,33.088,-10.25
92.665,33.169,-10.25
92.667,33.173,-10.25
92.682,33.224,-10.25
92.691,33.258,-10.25
92.706,33.355,-10.25
92.707,33.36,-10.25
92.707,33.44,-10.25
92.706,33.445,-10.25
92.693,33.529,-10.25
92.685,33.563,-10.25
92.667,33.627,-10.25
92.665,33.631,-10.25
92.63,33.699,-10.25
92.613,33.732,-10.25
92.574,33.793,-10.25
92.571,33.797,-10.25
92.499,33.869,-10.25
92.477,33.888,-10.25
92.433,33.927,-10.25
92.429,33.929,-10.25
92.342,33.974,-10.25
92.308,33.99,-10.25
92.261,34.011,-10.25
92.257,34.012,-10.25
92.172,34.026,-10.25
92.138,34.031,-10.25
92.07,34.041,-10.25
92.036,34.041,-10.25
69.91,34.041,-10.25
69.876,34.043,-10.25
69.774,34.052,-10.25
69.74,34.055,-10.25
69.604,34.071,-10.25
69.592,34.072,-10.25
69.465,34.106,-10.25
69.434,34.116,-10.25
69.333,34.152,-10.25
69.299,34.164,-10.25
69.197,34.211,-10.25
69.163,34.228,-10.25
69.033,34.31,-10.25
69.027,34.314,-10.25
68.914,34.393,-10.25
68.91,34.396,-10.25
68.699,34.608,-10.25
68.695,34.612,-10.25
68.692,34.615,-10.25
68.62,34.718,-10.25
68.598,34.751,-10.25
68.534,34.853,-10.25
68.518,34.882,-10.25
68.469,34.989,-10.25
68.455,35.023,-10.25
68.416,35.134,-10.25
68.408,35.158,-10.25
68.381,35.26,-10.25
68.372,35.294,-10.25
68.368,35.328,-10.25
68.357,35.43,-10.25
68.353,35.464,-10.25
68.344,35.566,-10.25
68.341,35.6,-10.25
68.341,64.581,-10.25
68.34,64.615,-10.25
68.306,65.044,-10.25
68.305,65.048,-10.25
68.202,65.477,-10.25
68.201,65.481,-10.25
68.032,65.888,-10.25
68.03,65.892,-10.25
67.799,66.268,-10.25
67.796,66.273,-10.25
67.512,66.605,-10.25
67.508,66.61,-10.25
67.171,66.898,-10.25
67.168,66.9,-10.25
66.79,67.131,-10.25
66.753,67.146,-10.25
66.38,67.301,-10.25
66.376,67.303,-10.25
65.947,67.405,-10.25
65.943,67.406,-10.25
65.532,67.439,-10.25
65.498,67.441,-10.25
56.708,67.441,-10.25
56.674,67.439,-10.25
56.258,67.406,-10.25
56.254,67.406,-10.25
55.826,67.303,-10.25
55.821,67.302,-10.25
55.411,67.132,-10.25
55.407,67.129,-10.25
55.032,66.9,-10.25
55.029,66.897,-10.25
54.693,66.611,-10.25
54.689,66.606,-10.25
54.402,66.271,-10.25
54.4,66.268,-10.25
54.169,65.891,-10.25
54.167,65.887,-10.25
53.999,65.481,-10.25
53.998,65.477,-10.25
53.895,65.048,-10.25
53.894,65.044,-10.25
53.86,64.615,-10.25
53.859,64.581,-10.25
53.859,35.6,-10.25
53.857,35.583,-10.25
53.847,35.464,-10.25
53.843,35.43,-10.25
53.832,35.328,-10.25
53.828,35.294,-10.25
53.824,35.277,-10.25
53.792,35.158,-10.25
53.79,35.151,-10.25
53.745,35.023,-10.25
53.731,34.989,-10.25
53.684,34.887,-10.25
53.666,34.853,-10.25
53.602,34.751,-10.25
53.586,34.727,-10.25
53.508,34.615,-10.25
53.506,34.612,-10.25
53.503,34.609,-10.25
53.293,34.399,-10.25
53.287,34.393,-10.25
53.179,34.318,-10.25
53.167,34.31,-10.25
53.043,34.232,-10.25
53.009,34.214,-10.25
52.907,34.167,-10.25
52.873,34.154,-10.25
52.771,34.118,-10.25
52.738,34.107,-10.25
52.608,34.072,-10.25
52.602,34.071,-10.25
52.466,34.056,-10.25
52.432,34.053,-10.25
52.33,34.044,-10.25
52.296,34.041,-10.25
27.964,34.041,-10.25
27.93,34.041,-10.25
27.862,34.031,-10.25
27.828,34.026,-10.25
27.743,34.012,-10.25
27.739,34.011,-10.25
27.692,33.99,-10.25
27.658,33.974,-10.25
27.571,33.929,-10.25
27.567,33.927,-10.25
27.523,33.888,-10.25
27.501,33.869,-10.25
27.429,33.797,-10.25
27.426,33.793,-10.25
27.387,33.732,-10.25
27.37,33.699,-10.25
27.335,33.631,-10.25
27.333,33.627,-10.25
27.315,33.563,-10.25
27.307,33.529,-10.25
27.294,33.445,-10.25
27.293,33.44,-10.25
27.293,33.36,-10.25
27.294,33.355,-10.25
27.309,33.258,-10.25
27.318,33.224,-10.25
27.333,33.173,-10.25
27.335,33.169,-10.25
27.376,33.088,-10.25
27.387,33.068,-10.25
27.428,33.005,-10.25
27.431,33.001,-10.25
27.489,32.943,-10.25
27.515,32.919,-10.25
27.565,32.875,-10.25
27.569,32.872,-10.25
27.658,32.826,-10.25
27.678,32.817,-10.25
27.739,32.789,-10.25
27.743,32.788,-10.25
27.828,32.774,-10.25
27.862,32.769,-10.25
27.93,32.759,-10.25
27.964,32.759,-10.25
31.561,32.759,-10.25
31.568,32.762,-10.25
31.571,32.77,-10.25
31.55,32.929,-10.25
31.539,32.921,-10.251
31.542,32.908,-10.251
31.556,32.905,-10.252
31.563,32.916,-10.252
31.557,32.928,-10.253
31.543,32.927,-10.253
31.539,32.914,-10.254
31.549,32.905,-10.254
31.561,32.91,-10.255
31.562,32.923,-10.255
31.55,32.929,-10.256
31.539,32.921,-10.256
31.543,32.908,-10.257
31.556,32.905,-10.257
31.563,32.917,-10.258
31.556,32.928,-10.258
31.543,32.926,-10.259
31.539,32.913,-10.259
31.549,32.905,-10.26
31.562,32.91,-10.26
31.561,32.924,-10.261
31.549,32.929,-10.261
31.539,32.92,-10.262
31.543,32.907,-10.262
31.556,32.906,-10.263
31.563,32.917,-10.263
31.556,32.928,-10.264
31.542,32.926,-10.264
31.539,32.913,-10.265
31.55,32.904,-10.265
31.562,32.911,-10.266
31.561,32.924,-10.266
31.549,32.929,-10.267
31.539,32.92,-10.267
31.543,32.907,-10.268
31.557,32.906,-10.268
31.563,32.918,-10.269
31.555,32.929,-10.269
31.542,32.926,-10.27
31.539,32.912,-10.27
31.55,32.904,-10.271
31.562,32.911,-10.271
31.561,32.925,-10.272
31.548,32.929,-10.272
31.539,32.919,-10.273
31.544,32.907,-10.273
31.557,32.906,-10.274
31.563,32.918,-10.274
31.555,32.929,-10.275
31.542,32.925,-10.275
31.539,32.912,-10.276
31.551,32.904,-10.276
31.562,32.911,-10.277
31.561,32.925,-10.277
31.548,32.929,-10.278
31.539,32.919,-10.278
31.544,32.906,-10.279
31.558,32.906,-10.279
31.563,32.919,-10.28
31.554,32.929,-10.28
31.541,32.925,-10.281
31.54,32.912,-10.281
31.551,32.904,-10.282
31.562,32.912,-10.282
31.56,32.925,-10.283
31.547,32.929,-10.283
31.539,32.918,-10.284
31.545,32.906,-10.284
31.558,32.907,-10.285
31.563,32.919,-10.285
31.554,32.929,-10.286
31.541,32.925,-10.286
31.54,32.911,-10.287
31.552,32.904,-10.287
31.563,32.912,-10.288
31.56,32.926,-10.288
31.547,32.929,-10.289
31.539,32.918,-10.289
31.545,32.906,-10.29
31.558,32.907,-10.29
31.563,32.92,-10.291
31.554,32.929,-10.291
31.541,32.924,-10.292
31.54,32.911,-10.292
31.552,32.904,-10.293
31.563,32.913,-10.293
31.56,32.926,-10.294
31.546,32.928,-10.294
31.538,32.917,-10.295
31.545,32.906,-10.295
31.559,32.907,-10.296
31.563,32.92,-10.296
31.553,32.929,-10.297
31.541,32.924,-10.297
31.54,32.91,-10.298
31.553,32.904,-10.298
31.563,32.913,-10.299
31.559,32.926,-10.299
31.546,32.928,-10.3
31.538,32.917,-10.3
31.538,32.902,-10.3
31.545,32.886,-10.3
31.561,32.879,-10.3
52.296,32.879,-10.3
52.33,32.882,-10.3
52.568,32.901,-10.3
52.738,32.915,-10.3
52.754,32.919,-10.3
52.975,32.972,-10.3
53.009,32.98,-10.3
53.16,33.02,-10.3
53.179,33.026,-10.3
53.416,33.124,-10.3
53.45,33.14,-10.3
53.558,33.19,-10.3
53.586,33.204,-10.3
53.79,33.329,-10.3
53.824,33.351,-10.3
53.934,33.428,-10.3
53.959,33.446,-10.3
54.136,33.597,-10.3
54.163,33.621,-10.3
54.275,33.733,-10.3
54.299,33.759,-10.3
54.45,33.937,-10.3
54.468,33.961,-10.3
54.547,34.072,-10.3
54.569,34.106,-10.3
54.694,34.31,-10.3
54.706,34.334,-10.3
54.758,34.446,-10.3
54.774,34.479,-10.3
54.876,34.725,-10.3
54.883,34.751,-10.3
54.919,34.887,-10.3
54.927,34.921,-10.3
54.977,35.129,-10.3
54.984,35.158,-10.3
54.999,35.328,-10.3
55.002,35.362,-10.3
55.021,35.6,-10.3
55.021,35.633,-10.3
55.021,64.581,-10.3
55.022,64.615,-10.3
55.034,64.751,-10.3
55.037,64.785,-10.3
55.047,64.887,-10.3
55.053,64.921,-10.3
55.089,65.057,-10.3
55.099,65.09,-10.3
55.13,65.192,-10.3
55.144,65.226,-10.3
55.191,65.328,-10.3
55.207,65.362,-10.3
55.262,65.464,-10.3
55.283,65.497,-10.3
55.354,65.6,-10.3
55.38,65.633,-10.3
55.452,65.722,-10.3
55.466,65.735,-10.3
55.567,65.837,-10.3
55.588,65.856,-10.3
55.656,65.911,-10.3
55.69,65.938,-10.3
55.792,66.009,-10.3
55.826,66.033,-10.3
55.928,66.087,-10.3
55.962,66.104,-10.3
56.063,66.151,-10.3
56.097,66.167,-10.3
56.131,66.177,-10.3
56.199,66.198,-10.3
56.233,66.208,-10.3
56.369,66.244,-10.3
56.403,66.252,-10.3
56.505,66.262,-10.3
56.538,66.265,-10.3
56.687,66.278,-10.3
56.708,66.279,-10.3
65.498,66.279,-10.3
65.513,66.278,-10.3
65.667,66.265,-10.3
65.701,66.261,-10.3
65.803,66.251,-10.3
65.832,66.244,-10.3
65.973,66.207,-10.3
66.075,66.176,-10.3
66.109,66.164,-10.3
66.244,66.101,-10.3
66.278,66.084,-10.3
66.359,66.041,-10.3
66.38,66.029,-10.3
66.516,65.934,-10.3
66.55,65.907,-10.3
66.618,65.851,-10.3
66.633,65.837,-10.3
66.734,65.735,-10.3
66.753,65.715,-10.3
66.821,65.632,-10.3
66.845,65.6,-10.3
66.923,65.489,-10.3
66.938,65.464,-10.3
66.993,65.362,-10.3
67.009,65.328,-10.3
67.059,65.22,-10.3
67.07,65.192,-10.3
67.101,65.09,-10.3
67.111,65.057,-10.3
67.147,64.921,-10.3
67.153,64.887,-10.3
67.163,64.785,-10.3
67.166,64.751,-10.3
67.178,64.615,-10.3
67.179,64.581,-10.3
67.179,35.633,-10.3
67.179,35.6,-10.3
67.198,35.362,-10.3
67.201,35.328,-10.3
67.216,35.158,-10.3
67.224,35.124,-10.3
67.273,34.921,-10.3
67.281,34.887,-10.3
67.317,34.751,-10.3
67.328,34.717,-10.3
67.426,34.48,-10.3
67.432,34.466,-10.3
67.5,34.321,-10.3
67.506,34.31,-10.3
67.636,34.099,-10.3
67.653,34.072,-10.3
67.738,33.952,-10.3
67.75,33.937,-10.3
67.907,33.752,-10.3
67.925,33.733,-10.3
68.027,33.631,-10.3
68.043,33.615,-10.3
68.223,33.462,-10.3
68.247,33.442,-10.3
68.382,33.346,-10.3
68.415,33.326,-10.3
68.586,33.221,-10.3
68.62,33.2,-10.3
68.756,33.137,-10.3
68.789,33.122,-10.3
68.993,33.038,-10.3
69.027,33.024,-10.3
69.197,32.978,-10.3
69.446,32.919,-10.3
69.468,32.915,-10.3
69.604,32.903,-10.3
69.638,32.9,-10.3
69.876,32.881,-10.3
69.91,32.879,-10.3
92.036,32.879,-10.3
92.07,32.88,-10.3
92.138,32.889,-10.3
92.172,32.894,-10.3
92.206,32.901,-10.3
92.24,32.91,-10.3
92.308,32.941,-10.3
92.33,32.952,-10.3
92.376,32.983,-10.3
92.38,32.986,-10.3
92.443,33.041,-10.3
92.457,33.054,-10.3
92.479,33.088,-10.3
92.501,33.122,-10.3
92.523,33.156,-10.3
92.545,33.19,-10.3
92.565,33.258,-10.3
92.574,33.292,-10.3
92.581,33.326,-10.3
92.586,33.36,-10.3
92.586,33.428,-10.3
92.583,33.462,-10.3
92.577,33.495,-10.3
92.568,33.529,-10.3
92.545,33.608,-10.3
92.531,33.631,-10.3
92.51,33.665,-10.3
92.488,33.699,-10.3
92.465,33.733,-10.3
92.443,33.759,-10.3
92.395,33.801,-10.3
92.376,33.817,-10.3
92.342,33.84,-10.3
92.308,33.859,-10.3
92.24,33.89,-10.3
92.206,33.899,-10.3
92.172,33.906,-10.3
92.138,33.911,-10.3
92.07,33.92,-10.3
92.036,33.921,-10.3
69.91,33.921,-10.3
69.876,33.923,-10.3
69.74,33.935,-10.3
69.718,33.937,-10.3
69.604,33.948,-10.3
69.57,33.955,-10.3
69.434,33.992,-10.3
69.4,34.002,-10.3
69.299,34.032,-10.3
69.285,34.038,-10.3
69.163,34.096,-10.3
69.14,34.106,-10.3
69.027,34.167,-10.3
69.015,34.174,-10.3
68.891,34.261,-10.3
68.871,34.276,-10.3
68.789,34.344,-10.3
68.756,34.375,-10.3
68.685,34.446,-10.3
68.654,34.477,-10.3
68.586,34.559,-10.3
68.568,34.581,-10.3
68.473,34.717,-10.3
68.454,34.751,-10.3
68.416,34.821,-10.3
68.4,34.853,-10.3
68.337,34.989,-10.3
68.325,35.023,-10.3
68.294,35.124,-10.3
68.285,35.158,-10.3
68.258,35.26,-10.3
68.249,35.294,-10.3
68.239,35.396,-10.3
68.235,35.43,-10.3
68.221,35.6,-10.3
68.221,36.176,-10.3
68.221,64.581,-10.3
68.219,64.615,-10.3
68.201,64.853,-10.3
68.198,64.887,-10.3
68.186,65.023,-10.3
68.181,65.057,-10.3
68.124,65.294,-10.3
68.115,65.328,-10.3
68.077,65.47,-10.3
68.066,65.498,-10.3
67.975,65.718,-10.3
67.967,65.735,-10.3
67.904,65.871,-10.3
67.885,65.905,-10.3
67.76,66.109,-10.3
67.736,66.143,-10.3
67.665,66.244,-10.3
67.637,66.278,-10.3
67.493,66.448,-10.3
67.466,66.476,-10.3
67.364,66.578,-10.3
67.358,66.584,-10.3
67.16,66.753,-10.3
67.127,66.777,-10.3
67.015,66.855,-10.3
66.991,66.871,-10.3
66.787,66.995,-10.3
66.753,67.012,-10.3
66.652,67.059,-10.3
66.618,67.075,-10.3
66.38,67.173,-10.3
66.346,67.183,-10.3
66.21,67.22,-10.3
66.175,67.229,-10.3
65.973,67.277,-10.3
65.939,67.285,-10.3
65.769,67.299,-10.3
65.735,67.302,-10.3
65.532,67.318,-10.3
65.498,67.321,-10.3
56.708,67.321,-10.3
56.674,67.319,-10.3
56.437,67.3,-10.3
56.396,67.296,-10.3
56.267,67.285,-10.3
56.233,67.278,-10.3
56.025,67.229,-10.3
55.995,67.221,-10.3
55.826,67.176,-10.3
55.588,67.078,-10.3
55.554,67.062,-10.3
55.419,66.999,-10.3
55.406,66.991,-10.3
55.215,66.874,-10.3
55.185,66.855,-10.3
55.045,66.758,-10.3
55.04,66.753,-10.3
54.842,66.584,-10.3
54.74,66.482,-10.3
54.717,66.457,-10.3
54.707,66.448,-10.3
54.563,66.278,-10.3
54.536,66.246,-10.3
54.464,66.143,-10.3
54.44,66.109,-10.3
54.315,65.905,-10.3
54.299,65.876,-10.3
54.231,65.731,-10.3
54.218,65.701,-10.3
54.129,65.486,-10.3
54.121,65.464,-10.3
54.085,65.328,-10.3
54.076,65.294,-10.3
54.019,65.057,-10.3
54.014,65.023,-10.3
54.002,64.887,-10.3
53.999,64.853,-10.3
53.981,64.615,-10.3
53.979,64.581,-10.3
53.979,35.633,-10.3
53.979,35.6,-10.3
53.965,35.43,-10.3
53.955,35.328,-10.3
53.951,35.294,-10.3
53.942,35.26,-10.3
53.915,35.158,-10.3
53.906,35.124,-10.3
53.875,35.023,-10.3
53.863,34.989,-10.3
53.8,34.853,-10.3
53.79,34.832,-10.3
53.746,34.751,-10.3
53.727,34.717,-10.3
53.632,34.581,-10.3
53.62,34.566,-10.3
53.549,34.48,-10.3
53.518,34.448,-10.3
53.448,34.378,-10.3
53.416,34.348,-10.3
53.329,34.276,-10.3
53.314,34.265,-10.3
53.179,34.17,-10.3
53.145,34.152,-10.3
53.06,34.106,-10.3
53.043,34.098,-10.3
52.907,34.035,-10.3
52.873,34.024,-10.3
52.805,34.003,-10.3
52.771,33.993,-10.3
52.636,33.957,-10.3
52.602,33.948,-10.3
52.482,33.937,-10.3
52.466,33.935,-10.3
52.33,33.923,-10.3
52.296,33.921,-10.3
27.964,33.921,-10.3
27.93,33.92,-10.3
27.862,33.911,-10.3
27.828,33.906,-10.3
27.794,33.899,-10.3
27.76,33.89,-10.3
27.692,33.859,-10.3
27.658,33.84,-10.3
27.624,33.817,-10.3
27.605,33.801,-10.3
27.557,33.759,-10.3
27.535,33.733,-10.3
27.512,33.699,-10.3
27.489,33.662,-10.3
27.469,33.631,-10.3
27.455,33.608,-10.3
27.432,33.529,-10.3
27.423,33.495,-10.3
27.417,33.462,-10.3
27.414,33.428,-10.3
27.414,33.36,-10.3
27.419,33.326,-10.3
27.426,33.292,-10.3
27.435,33.258,-10.3
27.455,33.19,-10.3
27.477,33.156,-10.3
27.499,33.122,-10.3
27.521,33.088,-10.3
27.543,33.054,-10.3
27.557,33.041,-10.3
27.62,32.986,-10.3
27.624,32.983,-10.3
27.67,32.952,-10.3
27.692,32.941,-10.3
27.76,32.91,-10.3
27.794,32.901,-10.3
27.828,32.894,-10.3
27.862,32.889,-10.3
27.93,32.88,-10.3
27.964,32.879,-10.3
31.561,32.879,-10.3
31.569,32.883,-10.3
31.571,32.891,-10.3
31.554,33.004,-10.3
31.541,33,-10.301
31.54,32.987,-10.301
31.551,32.98,-10.302
31.562,32.987,-10.302
31.56,33.001,-10.303
31.547,33.004,-10.303
31.539,32.994,-10.304
31.545,32.982,-10.304
31.545,31.558,-10.305,-10.304
31.563,32.995,-10.305
31.554,33.004,-10.306
31.541,33,-10.306
31.54,32.987,-10.307
31.552,32.98,-10.307
31.563,32.988,-10.308
31.56,33.001,-10.308
31.547,33.004,-10.308
31.539,32.993,-10.309
31.545,32.981,-10.309
31.558,32.982,-10.31
31.563,32.995,-10.31
31.554,33.005,-10.311
31.541,33,-10.311
31.54,32.986,-10.312
31.552,32.98,-10.312
31.563,32.988,-10.313
31.56,33.001,-10.313
31.546,33.004,-10.314
31.538,32.993,-10.314
31.545,32.981,-10.315
31.559,32.983,-10.315
31.563,32.995,-10.316
31.553,33.005,-10.316
31.541,32.999,-10.317
31.54,32.986,-10.317
31.553,32.98,-10.318
31.563,32.989,-10.318
31.559,33.002,-10.319
31.546,33.004,-10.319
31.538,32.992,-10.32
31.538,32.977,-10.32
31.545,32.961,-10.32
31.561,32.955,-10.32
52.296,32.955,-10.32
52.33,32.957,-10.32
52.364,32.96,-10.32
52.398,32.963,-10.32
52.738,32.992,-10.32
52.771,32.999,-10.32
52.805,33.007,-10.32
52.839,33.015,-10.32
53.179,33.106,-10.32
53.213,33.119,-10.32
53.247,33.133,-10.32
53.281,33.148,-10.32
53.589,33.292,-10.32
53.62,33.309,-10.32
53.654,33.33,-10.32
53.688,33.353,-10.32
53.959,33.543,-10.32
53.986,33.563,-10.32
54.027,33.599,-10.32
54.061,33.632,-10.32
54.298,33.869,-10.32
54.333,33.909,-10.32
54.354,33.937,-10.32
54.544,34.208,-10.32
54.568,34.242,-10.32
54.588,34.276,-10.32
54.604,34.302,-10.32
54.75,34.615,-10.32
54.766,34.649,-10.32
54.78,34.683,-10.32
54.793,34.717,-10.32
54.884,35.057,-10.32
54.892,35.09,-10.32
54.9,35.124,-10.32
54.907,35.158,-10.32
54.937,35.498,-10.32
54.94,35.532,-10.32
54.945,35.6,-10.32
54.945,35.633,-10.32
54.945,64.581,-10.32
54.947,64.615,-10.32
54.949,64.649,-10.32
54.977,64.932,-10.32
54.983,64.955,-10.32
54.992,64.989,-10.32
55.064,65.226,-10.32
55.074,65.26,-10.32
55.09,65.294,-10.32
55.108,65.328,-10.32
55.216,65.532,-10.32
55.236,65.566,-10.32
55.259,65.6,-10.32
55.287,65.633,-10.32
55.426,65.803,-10.32
55.452,65.833,-10.32
55.457,65.837,-10.32
55.486,65.865,-10.32
55.69,66.032,-10.32
55.701,66.041,-10.32
55.724,66.057,-10.32
55.752,66.075,-10.32
55.962,66.187,-10.32
55.995,66.205,-10.32
56.029,66.221,-10.32
56.063,66.233,-10.32
56.301,66.305,-10.32
56.326,66.312,-10.32
56.335,66.314,-10.32
56.369,66.323,-10.32
56.64,66.349,-10.32
56.674,66.353,-10.32
56.708,66.355,-10.32
65.498,66.355,-10.32
65.532,66.352,-10.32
65.566,66.349,-10.32
65.803,66.326,-10.32
65.837,66.322,-10.32
65.874,66.312,-10.32
65.905,66.303,-10.32
66.143,66.231,-10.32
66.176,66.218,-10.32
66.193,66.21,-10.32
66.21,66.202,-10.32
66.448,66.075,-10.32
66.482,66.053,-10.32
66.499,66.041,-10.32
66.516,66.027,-10.32
66.719,65.86,-10.32
66.743,65.837,-10.32
66.753,65.827,-10.32
66.774,65.803,-10.32
66.923,65.621,-10.32
66.941,65.6,-10.32
66.964,65.566,-10.32
66.984,65.532,-10.32
67.093,65.327,-10.32
67.11,65.294,-10.32
67.126,65.26,-10.32
67.127,65.257,-10.32
67.208,64.989,-10.32
67.217,64.955,-10.32
67.224,64.921,-10.32
67.251,64.649,-10.32
67.253,64.615,-10.32
67.255,64.581,-10.32
67.255,35.633,-10.32
67.255,35.6,-10.32
67.26,35.532,-10.32
67.262,35.505,-10.32
67.293,35.158,-10.32
67.296,35.137,-10.32
67.308,35.09,-10.32
67.316,35.057,-10.32
67.407,34.717,-10.32
67.42,34.683,-10.32
67.434,34.649,-10.32
67.45,34.615,-10.32
67.592,34.31,-10.32
67.602,34.292,-10.32
67.636,34.237,-10.32
67.656,34.208,-10.32
67.846,33.937,-10.32
67.873,33.903,-10.32
67.902,33.869,-10.32
68.145,33.626,-10.32
68.174,33.597,-10.32
68.214,33.563,-10.32
68.247,33.539,-10.32
68.518,33.349,-10.32
68.552,33.326,-10.32
68.586,33.306,-10.32
68.611,33.292,-10.32
68.925,33.145,-10.32
68.959,33.13,-10.32
68.993,33.116,-10.32
69.027,33.105,-10.32
69.367,33.014,-10.32
69.4,33.005,-10.32
69.434,32.997,-10.32
69.468,32.992,-10.32
69.808,32.962,-10.32
69.842,32.959,-10.32
69.876,32.957,-10.32
69.91,32.955,-10.32
92.036,32.955,-10.32
92.07,32.955,-10.32
92.104,32.96,-10.32
92.206,32.981,-10.32
92.232,32.986,-10.32
92.24,32.99,-10.32
92.274,33.01,-10.32
92.342,33.055,-10.32
92.376,33.079,-10.32
92.386,33.088,-10.32
92.41,33.122,-10.32
92.455,33.19,-10.32
92.477,33.225,-10.32
92.487,33.258,-10.32
92.511,33.379,-10.32
92.513,33.394,-10.32
92.511,33.421,-10.32
92.49,33.529,-10.32
92.481,33.563,-10.32
92.477,33.575,-10.32
92.463,33.597,-10.32
92.395,33.699,-10.32
92.376,33.721,-10.32
92.359,33.733,-10.32
92.258,33.801,-10.32
92.24,33.81,-10.32
92.206,33.819,-10.32
92.104,33.84,-10.32
92.07,33.845,-10.32
92.036,33.845,-10.32
69.91,33.845,-10.32
69.876,33.847,-10.32
69.842,33.85,-10.32
69.57,33.877,-10.32
69.536,33.885,-10.32
69.502,33.895,-10.32
69.252,33.971,-10.32
69.231,33.979,-10.32
69.197,33.994,-10.32
69.178,34.005,-10.32
68.959,34.121,-10.32
68.928,34.14,-10.32
68.925,34.142,-10.32
68.891,34.167,-10.32
68.688,34.334,-10.32
68.676,34.344,-10.32
68.654,34.366,-10.32
68.642,34.378,-10.32
68.475,34.581,-10.32
68.45,34.614,-10.32
68.449,34.615,-10.32
68.427,34.649,-10.32
68.3,34.887,-10.32
68.283,34.921,-10.32
68.281,34.927,-10.32
68.27,34.955,-10.32
68.198,35.192,-10.32
68.188,35.226,-10.32
68.179,35.26,-10.32
68.175,35.294,-10.32
68.151,35.532,-10.32
68.148,35.566,-10.32
68.145,35.6,-10.32
68.145,36.176,-10.32
68.145,64.581,-10.32
68.145,64.605,-10.32
68.141,64.649,-10.32
68.139,64.683,-10.32
68.109,65.023,-10.32
68.105,65.057,-10.32
68.089,65.124,-10.32
67.998,65.464,-10.32
67.987,65.498,-10.32
67.973,65.532,-10.32
67.959,65.566,-10.32
67.805,65.895,-10.32
67.8,65.905,-10.32
67.771,65.952,-10.32
67.758,65.973,-10.32
67.568,66.244,-10.32
67.543,66.278,-10.32
67.5,66.329,-10.32
67.483,66.346,-10.32
67.245,66.584,-10.32
67.229,66.6,-10.32
67.195,66.629,-10.32
67.167,66.652,-10.32
66.876,66.855,-10.32
66.855,66.869,-10.32
66.821,66.89,-10.32
66.787,66.909,-10.32
66.466,67.059,-10.32
66.448,67.067,-10.32
66.414,67.081,-10.32
66.383,67.093,-10.32
66.041,67.184,-10.32
66.007,67.193,-10.32
65.973,67.201,-10.32
65.939,67.207,-10.32
65.6,67.237,-10.32
65.566,67.24,-10.32
65.532,67.243,-10.32
65.498,67.245,-10.32
56.708,67.245,-10.32
56.674,67.243,-10.32
56.64,67.24,-10.32
56.606,67.238,-10.32
56.267,67.208,-10.32
56.233,67.203,-10.32
56.199,67.194,-10.32
56.165,67.186,-10.32
55.817,67.093,-10.32
55.792,67.083,-10.32
55.758,67.069,-10.32
55.734,67.059,-10.32
55.419,66.912,-10.32
55.385,66.894,-10.32
55.351,66.873,-10.32
55.324,66.855,-10.32
55.033,66.652,-10.32
55.011,66.634,-10.32
54.977,66.605,-10.32
54.955,66.584,-10.32
54.772,66.402,-10.32
54.706,66.335,-10.32
54.686,66.312,-10.32
54.657,66.278,-10.32
54.638,66.252,-10.32
54.442,65.973,-10.32
54.434,65.961,-10.32
54.4,65.905,-10.32
54.383,65.871,-10.32
54.241,65.566,-10.32
54.231,65.542,-10.32
54.213,65.498,-10.32
54.202,65.464,-10.32
54.111,65.124,-10.32
54.095,65.057,-10.32
54.091,65.023,-10.32
54.061,64.679,-10.32
54.059,64.649,-10.32
54.056,64.615,-10.32
54.055,64.581,-10.32
54.055,35.633,-10.32
54.055,35.6,-10.32
54.052,35.566,-10.32
54.049,35.532,-10.32
54.025,35.294,-10.32
54.021,35.26,-10.32
54.012,35.226,-10.32
54.002,35.192,-10.32
53.93,34.955,-10.32
53.925,34.939,-10.32
53.917,34.921,-10.32
53.9,34.887,-10.32
53.773,34.649,-10.32
53.756,34.622,-10.32
53.751,34.615,-10.32
53.725,34.581,-10.32
53.558,34.378,-10.32
53.552,34.372,-10.32
53.524,34.344,-10.32
53.518,34.339,-10.32
53.314,34.172,-10.32
53.281,34.146,-10.32
53.272,34.14,-10.32
53.247,34.124,-10.32
53.009,33.997,-10.32
52.975,33.981,-10.32
52.948,33.971,-10.32
52.704,33.896,-10.32
52.67,33.887,-10.32
52.636,33.878,-10.32
52.364,33.851,-10.32
52.33,33.848,-10.32
52.296,33.845,-10.32
27.964,33.845,-10.32
27.93,33.845,-10.32
27.896,33.84,-10.32
27.794,33.819,-10.32
27.76,33.81,-10.32
27.742,33.801,-10.32
27.641,33.733,-10.32
27.624,33.721,-10.32
27.605,33.699,-10.32
27.537,33.597,-10.32
27.523,33.575,-10.32
27.519,33.563,-10.32
27.51,33.529,-10.32
27.489,33.421,-10.32
27.487,33.394,-10.32
27.489,33.379,-10.32
27.513,33.258,-10.32
27.523,33.225,-10.32
27.545,33.19,-10.32
27.591,33.122,-10.32
27.614,33.088,-10.32
27.624,33.079,-10.32
27.658,33.055,-10.32
27.726,33.01,-10.32
27.76,32.99,-10.32
27.768,32.986,-10.32
27.794,32.981,-10.32
27.896,32.96,-10.32
27.93,32.955,-10.32
27.964,32.955,-10.32
31.561,32.955,-10.32
31.568,32.958,-10.32
31.571,32.965,-10.32
31.562,33.195,-10.32
31.562,33.203,-10.317
31.562,33.205,-10.31
31.562,33.205,5
31.571,29.803,5
31.571,29.803,-8.991
31.571,29.803,-9.938
31.571,29.803,-10.04
31.571,29.806,-10.047
31.571,29.813,-10.05
31.571,29.904,-10.05
31.568,29.911,-10.05
31.561,29.914,-10.05
27.964,29.914,-10.05
27.93,29.914,-10.05
27.73,29.892,-10.05
27.726,29.891,-10.05
27.538,29.825,-10.05
27.534,29.823,-10.05
27.53,29.821,-10.05
27.364,29.717,-10.05
27.361,29.714,-10.05
27.217,29.57,-10.05
27.215,29.567,-10.05
27.109,29.399,-10.05
27.107,29.394,-10.05
27.041,29.207,-10.05
27.04,29.202,-10.05
27.038,29.186,-10.05
27.018,29.003,-10.05
27.017,28.999,-10.05
27.04,28.799,-10.05
27.041,28.795,-10.05
27.106,28.609,-10.05
27.107,28.604,-10.05
27.11,28.6,-10.05
27.214,28.434,-10.05
27.217,28.43,-10.05
27.361,28.285,-10.05
27.366,28.283,-10.05
27.531,28.179,-10.05
27.535,28.176,-10.05
27.54,28.175,-10.05
27.726,28.109,-10.05
27.73,28.108,-10.05
27.93,28.086,-10.05
27.964,28.086,-10.05
56.674,28.086,-10.05
56.708,28.086,-10.05
57.115,28.115,-10.05
57.149,28.119,-10.05
57.557,28.207,-10.05
57.59,28.217,-10.05
57.964,28.356,-10.05
57.998,28.369,-10.05
58.374,28.575,-10.05
58.405,28.596,-10.05
58.71,28.825,-10.05
58.739,28.846,-10.05
58.744,28.851,-10.05
59.05,29.157,-10.05
59.072,29.186,-10.05
59.301,29.491,-10.05
59.321,29.519,-10.05
59.325,29.525,-10.05
59.529,29.898,-10.05
59.543,29.932,-10.05
59.682,30.305,-10.05
59.692,30.339,-10.05
59.78,30.747,-10.05
59.784,30.781,-10.05
59.813,31.188,-10.05
59.814,31.222,-10.05
59.814,60.17,-10.05
59.815,60.204,-10.05
59.846,60.484,-10.05
59.847,60.488,-10.05
59.848,60.492,-10.05
59.941,60.755,-10.05
59.942,60.759,-10.05
59.945,60.764,-10.05
60.093,61,-10.05
60.096,61.003,-10.05
60.102,61.009,-10.05
60.293,61.2,-10.05
60.299,61.206,-10.05
60.305,61.21,-10.05
60.509,61.338,-10.05
60.54,61.357,-10.05
60.543,61.359,-10.05
60.577,61.371,-10.05
60.781,61.442,-10.05
60.814,61.454,-10.05
60.848,61.457,-10.05
61.094,61.485,-10.05
61.099,61.486,-10.05
61.103,61.486,-10.05
61.383,61.454,-10.05
61.387,61.453,-10.05
61.391,61.452,-10.05
61.652,61.361,-10.05
61.656,61.359,-10.05
61.66,61.357,-10.05
61.663,61.355,-10.05
61.876,61.222,-10.05
61.9,61.206,-10.05
61.905,61.202,-10.05
62.089,61.018,-10.05
62.104,61.003,-10.05
62.108,60.998,-10.05
62.255,60.764,-10.05
62.258,60.759,-10.05
62.259,60.755,-10.05
62.352,60.492,-10.05
62.353,60.488,-10.05
62.354,60.484,-10.05
62.385,60.204,-10.05
62.386,60.17,-10.05
62.386,31.222,-10.05
62.387,31.188,-10.05
62.416,30.781,-10.05
62.42,30.747,-10.05
62.508,30.339,-10.05
62.511,30.325,-10.05
62.518,30.305,-10.05
62.657,29.932,-10.05
62.671,29.898,-10.05
62.875,29.525,-10.05
62.885,29.51,-10.05
63.128,29.186,-10.05
63.155,29.152,-10.05
63.428,28.879,-10.05
63.461,28.846,-10.05
63.462,28.846,-10.05
63.495,28.82,-10.05
63.801,28.591,-10.05
63.826,28.575,-10.05
64.199,28.371,-10.05
64.208,28.367,-10.05
64.242,28.354,-10.05
64.615,28.214,-10.05
64.649,28.206,-10.05
65.023,28.125,-10.05
65.057,28.118,-10.05
65.09,28.115,-10.05
65.498,28.086,-10.05
65.532,28.086,-10.05
92.036,28.086,-10.05
92.07,28.086,-10.05
92.27,28.108,-10.05
92.274,28.109,-10.05
92.46,28.175,-10.05
92.465,28.176,-10.05
92.469,28.179,-10.05
92.634,28.283,-10.05
92.639,28.285,-10.05
92.783,28.43,-10.05
92.786,28.434,-10.05
92.89,28.6,-10.05
92.893,28.604,-10.05
92.894,28.609,-10.05
92.959,28.795,-10.05
92.96,28.799,-10.05
92.983,28.999,-10.05
92.982,29.003,-10.05
92.962,29.186,-10.05
92.96,29.202,-10.05
92.959,29.207,-10.05
92.893,29.394,-10.05
92.891,29.399,-10.05
92.785,29.567,-10.05
92.783,29.57,-10.05
92.639,29.714,-10.05
92.636,29.717,-10.05
92.47,29.821,-10.05
92.466,29.823,-10.05
92.462,29.825,-10.05
92.274,29.891,-10.05
92.27,29.892,-10.05
92.07,29.914,-10.05
92.036,29.914,-10.05
65.532,29.914,-10.05
65.498,29.914,-10.05
65.396,29.926,-10.05
65.218,29.946,-10.05
65.214,29.947,-10.05
65.209,29.948,-10.05
64.946,30.04,-10.05
64.942,30.042,-10.05
64.938,30.044,-10.05
64.703,30.192,-10.05
64.7,30.194,-10.05
64.696,30.197,-10.05
64.5,30.393,-10.05
64.496,30.397,-10.05
64.493,30.4,-10.05
64.468,30.441,-10.05
64.344,30.638,-10.05
64.342,30.642,-10.05
64.341,30.645,-10.05
64.249,30.908,-10.05
64.247,30.912,-10.05
64.246,30.916,-10.05
64.216,31.188,-10.05
64.214,31.222,-10.05
64.214,60.17,-10.05
64.214,60.204,-10.05
64.185,60.611,-10.05
64.182,60.645,-10.05
64.094,61.052,-10.05
64.085,61.086,-10.05
63.937,61.484,-10.05
63.933,61.493,-10.05
63.915,61.527,-10.05
63.729,61.867,-10.05
63.708,61.9,-10.05
63.462,62.229,-10.05
63.453,62.24,-10.05
63.428,62.266,-10.05
63.148,62.545,-10.05
63.122,62.567,-10.05
62.788,62.817,-10.05
62.783,62.82,-10.05
62.749,62.839,-10.05
62.41,63.024,-10.05
62.376,63.04,-10.05
62.002,63.179,-10.05
61.969,63.19,-10.05
61.561,63.279,-10.05
61.527,63.284,-10.05
61.12,63.313,-10.05
61.086,63.313,-10.05
60.679,63.284,-10.05
60.645,63.28,-10.05
60.231,63.19,-10.05
60.204,63.181,-10.05
59.83,63.042,-10.05
59.796,63.028,-10.05
59.423,62.824,-10.05
59.412,62.817,-10.05
59.084,62.571,-10.05
59.052,62.545,-10.05
58.84,62.334,-10.05
58.778,62.272,-10.05
58.747,62.24,-10.05
58.744,62.237,-10.05
58.721,62.206,-10.05
58.492,61.9,-10.05
58.473,61.871,-10.05
58.269,61.498,-10.05
58.267,61.493,-10.05
58.254,61.459,-10.05
58.115,61.086,-10.05
58.106,61.052,-10.05
58.018,60.645,-10.05
58.015,60.611,-10.05
57.986,60.204,-10.05
57.986,60.17,-10.05
57.986,31.222,-10.05
57.984,31.188,-10.05
57.954,30.916,-10.05
57.953,30.912,-10.05
57.951,30.908,-10.05
57.859,30.645,-10.05
57.857,30.641,-10.05
57.855,30.636,-10.05
57.707,30.402,-10.05
57.706,30.399,-10.05
57.703,30.396,-10.05
57.505,30.198,-10.05
57.502,30.195,-10.05
57.5,30.193,-10.05
57.268,30.048,-10.05
57.26,30.043,-10.05
57.255,30.041,-10.05
56.997,29.95,-10.05
56.988,29.947,-10.05
56.984,29.946,-10.05
56.98,29.946,-10.05
56.708,29.915,-10.05
56.674,29.914,-10.05
31.561,29.914,-10.05
31.511,29.907,-10.05
31.461,29.906,-10.05
31.461,31.411,-10.051,-10.05
31.361,29.905,-10.051
31.311,29.904,-10.052
31.262,29.903,-10.053
31.212,29.901,-10.054
31.162,29.9,-10.055
31.112,29.898,-10.056
31.062,29.896,-10.057
31.012,29.894,-10.058
30.962,29.892,-10.06
30.912,29.89,-10.061
30.862,29.887,-10.063
30.812,29.885,-10.065
30.762,29.883,-10.066
30.712,29.88,-10.068
30.613,29.875,-10.071
30.313,29.859,-10.082
30.263,29.857,-10.084
30.213,29.854,-10.085
30.163,29.852,-10.087
30.114,29.849,-10.088
30.064,29.847,-10.09
30.014,29.845,-10.091
29.964,29.843,-10.093
29.914,29.841,-10.094
29.864,29.839,-10.095
29.814,29.838,-10.096
29.764,29.836,-10.097
29.714,29.835,-10.098
29.664,29.834,-10.099
29.614,29.833,-10.099
29.614,29.564,-10.1,-10.099
29.515,29.832,-10.1
29.477,29.832,-10.1
29.465,29.832,-10.1
29.455,29.84,-10.1
27.964,29.84,-10.1
27.93,29.839,-10.1
27.851,29.83,-10.1
27.828,29.827,-10.1
27.709,29.808,-10.1
27.705,29.807,-10.1
27.62,29.777,-10.1
27.616,29.775,-10.1
27.523,29.728,-10.1
27.489,29.709,-10.1
27.425,29.669,-10.1
27.421,29.665,-10.1
27.268,29.512,-10.1
27.263,29.508,-10.1
27.217,29.434,-10.1
27.211,29.423,-10.1
27.155,29.313,-10.1
27.153,29.31,-10.1
27.123,29.224,-10.1
27.123,29.219,-10.1
27.106,29.118,-10.1
27.101,29.084,-10.1
27.092,29.003,-10.1
27.092,28.999,-10.1
27.102,28.914,-10.1
27.107,28.88,-10.1
27.115,28.826,-10.1
27.123,28.778,-10.1
27.124,28.774,-10.1
27.154,28.689,-10.1
27.155,28.686,-10.1
27.212,28.575,-10.1
27.217,28.566,-10.1
27.262,28.494,-10.1
27.266,28.49,-10.1
27.421,28.335,-10.1
27.425,28.331,-10.1
27.489,28.291,-10.1
27.523,28.272,-10.1
27.617,28.224,-10.1
27.621,28.222,-10.1
27.705,28.193,-10.1
27.709,28.192,-10.1
27.828,28.173,-10.1
27.862,28.168,-10.1
27.93,28.161,-10.1
27.964,28.16,-10.1
56.674,28.16,-10.1
56.708,28.161,-10.1
56.878,28.173,-10.1
56.912,28.176,-10.1
57.149,28.194,-10.1
57.183,28.201,-10.1
57.353,28.238,-10.1
57.387,28.246,-10.1
57.59,28.295,-10.1
57.616,28.303,-10.1
57.76,28.357,-10.1
57.794,28.37,-10.1
57.998,28.454,-10.1
58.032,28.469,-10.1
58.201,28.562,-10.1
58.223,28.575,-10.1
58.405,28.686,-10.1
58.439,28.71,-10.1
58.576,28.812,-10.1
58.609,28.84,-10.1
58.744,28.955,-10.1
58.775,28.982,-10.1
58.914,29.121,-10.1
58.941,29.152,-10.1
59.057,29.287,-10.1
59.084,29.319,-10.1
59.187,29.457,-10.1
59.211,29.491,-10.1
59.336,29.695,-10.1
59.355,29.73,-10.1
59.429,29.864,-10.1
59.444,29.898,-10.1
59.529,30.102,-10.1
59.542,30.136,-10.1
59.593,30.273,-10.1
59.604,30.305,-10.1
59.661,30.543,-10.1
59.669,30.577,-10.1
59.698,30.713,-10.1
59.705,30.747,-10.1
59.724,30.984,-10.1
59.726,31.018,-10.1
59.739,31.188,-10.1
59.74,31.222,-10.1
59.74,60.17,-10.1
59.74,60.204,-10.1
59.772,60.492,-10.1
59.773,60.501,-10.1
59.774,60.505,-10.1
59.776,60.509,-10.1
59.871,60.781,-10.1
59.874,60.789,-10.1
59.876,60.793,-10.1
60.034,61.045,-10.1
60.036,61.048,-10.1
60.04,61.052,-10.1
60.243,61.256,-10.1
60.25,61.263,-10.1
60.254,61.265,-10.1
60.475,61.404,-10.1
60.509,61.425,-10.1
60.543,61.438,-10.1
60.792,61.525,-10.1
60.797,61.526,-10.1
60.802,61.527,-10.1
61.094,61.56,-10.1
61.099,61.56,-10.1
61.103,61.56,-10.1
61.398,61.527,-10.1
61.401,61.527,-10.1
61.404,61.526,-10.1
61.411,61.524,-10.1
61.663,61.436,-10.1
61.691,61.425,-10.1
61.697,61.422,-10.1
61.945,61.266,-10.1
61.948,61.264,-10.1
61.951,61.261,-10.1
62.16,61.052,-10.1
62.164,61.048,-10.1
62.167,61.044,-10.1
62.324,60.793,-10.1
62.326,60.789,-10.1
62.329,60.781,-10.1
62.424,60.509,-10.1
62.426,60.505,-10.1
62.427,60.501,-10.1
62.428,60.492,-10.1
62.46,60.204,-10.1
62.46,60.17,-10.1
62.46,31.222,-10.1
62.461,31.188,-10.1
62.474,31.018,-10.1
62.476,30.984,-10.1
62.495,30.747,-10.1
62.502,30.713,-10.1
62.531,30.577,-10.1
62.539,30.543,-10.1
62.596,30.305,-10.1
62.608,30.271,-10.1
62.658,30.136,-10.1
62.671,30.102,-10.1
62.756,29.898,-10.1
62.771,29.864,-10.1
62.851,29.719,-10.1
62.864,29.695,-10.1
62.989,29.491,-10.1
63.013,29.457,-10.1
63.114,29.321,-10.1
63.122,29.312,-10.1
63.259,29.152,-10.1
63.289,29.118,-10.1
63.425,28.982,-10.1
63.428,28.979,-10.1
63.597,28.834,-10.1
63.624,28.812,-10.1
63.767,28.705,-10.1
63.801,28.683,-10.1
63.977,28.575,-10.1
64.005,28.558,-10.1
64.174,28.466,-10.1
64.208,28.452,-10.1
64.403,28.371,-10.1
64.412,28.367,-10.1
64.584,28.303,-10.1
64.615,28.293,-10.1
64.819,28.245,-10.1
64.853,28.237,-10.1
65.023,28.2,-10.1
65.057,28.194,-10.1
65.294,28.175,-10.1
65.498,28.161,-10.1
65.532,28.16,-10.1
92.036,28.16,-10.1
92.07,28.161,-10.1
92.138,28.168,-10.1
92.172,28.173,-10.1
92.291,28.192,-10.1
92.295,28.193,-10.1
92.379,28.222,-10.1
92.383,28.224,-10.1
92.477,28.272,-10.1
92.511,28.291,-10.1
92.575,28.331,-10.1
92.579,28.335,-10.1
92.734,28.49,-10.1
92.738,28.494,-10.1
92.783,28.566,-10.1
92.788,28.575,-10.1
92.845,28.686,-10.1
92.846,28.689,-10.1
92.876,28.774,-10.1
92.877,28.778,-10.1
92.893,28.88,-10.1
92.898,28.914,-10.1
92.908,28.999,-10.1
92.908,29.003,-10.1
92.898,29.084,-10.1
92.894,29.118,-10.1
92.877,29.219,-10.1
92.877,29.224,-10.1
92.847,29.31,-10.1
92.845,29.313,-10.1
92.789,29.423,-10.1
92.783,29.434,-10.1
92.737,29.508,-10.1
92.732,29.512,-10.1
92.579,29.665,-10.1
92.575,29.669,-10.1
92.511,29.709,-10.1
92.477,29.728,-10.1
92.384,29.775,-10.1
92.38,29.777,-10.1
92.295,29.807,-10.1
92.291,29.808,-10.1
92.172,29.827,-10.1
92.149,29.83,-10.1
92.07,29.839,-10.1
92.036,29.84,-10.1
65.532,29.84,-10.1
65.498,29.84,-10.1
65.396,29.851,-10.1
65.201,29.873,-10.1
65.197,29.874,-10.1
65.192,29.875,-10.1
64.912,29.973,-10.1
64.908,29.975,-10.1
64.904,29.978,-10.1
64.683,30.116,-10.1
64.652,30.136,-10.1
64.649,30.138,-10.1
64.438,30.35,-10.1
64.435,30.354,-10.1
64.276,30.607,-10.1
64.274,30.611,-10.1
64.262,30.645,-10.1
64.179,30.882,-10.1
64.174,30.895,-10.1
64.174,30.898,-10.1
64.173,30.9,-10.1
64.14,31.192,-10.1
64.14,31.222,-10.1
64.14,60.17,-10.1
64.139,60.204,-10.1
64.127,60.373,-10.1
64.125,60.407,-10.1
64.106,60.645,-10.1
64.1,60.679,-10.1
64.063,60.848,-10.1
64.055,60.882,-10.1
64.005,61.093,-10.1
63.995,61.12,-10.1
63.932,61.29,-10.1
63.918,61.324,-10.1
63.848,61.493,-10.1
63.835,61.525,-10.1
63.741,61.697,-10.1
63.733,61.71,-10.1
63.617,61.9,-10.1
63.597,61.929,-10.1
63.492,62.07,-10.1
63.464,62.104,-10.1
63.319,62.274,-10.1
63.184,62.41,-10.1
63.156,62.435,-10.1
62.986,62.579,-10.1
62.952,62.605,-10.1
62.851,62.681,-10.1
62.817,62.707,-10.1
62.613,62.831,-10.1
62.579,62.851,-10.1
62.443,62.925,-10.1
62.41,62.941,-10.1
62.206,63.025,-10.1
62.172,63.039,-10.1
62.002,63.102,-10.1
61.968,63.11,-10.1
61.765,63.159,-10.1
61.731,63.167,-10.1
61.561,63.204,-10.1
61.527,63.207,-10.1
61.315,63.224,-10.1
61.29,63.226,-10.1
61.12,63.238,-10.1
61.086,63.238,-10.1
60.916,63.226,-10.1
60.885,63.224,-10.1
60.645,63.205,-10.1
60.475,63.168,-10.1
60.441,63.161,-10.1
60.204,63.104,-10.1
60.17,63.091,-10.1
60.034,63.041,-10.1
60,63.028,-10.1
59.796,62.944,-10.1
59.762,62.928,-10.1
59.621,62.851,-10.1
59.593,62.835,-10.1
59.389,62.71,-10.1
59.355,62.686,-10.1
59.219,62.584,-10.1
59.213,62.579,-10.1
59.05,62.44,-10.1
59.016,62.41,-10.1
58.89,62.284,-10.1
58.881,62.274,-10.1
58.736,62.104,-10.1
58.71,62.073,-10.1
58.606,61.934,-10.1
58.583,61.9,-10.1
58.473,61.72,-10.1
58.459,61.697,-10.1
58.367,61.527,-10.1
58.352,61.493,-10.1
58.269,61.293,-10.1
58.268,61.29,-10.1
58.201,61.111,-10.1
58.194,61.086,-10.1
58.145,60.882,-10.1
58.137,60.848,-10.1
58.1,60.676,-10.1
58.094,60.645,-10.1
58.075,60.407,-10.1
58.071,60.339,-10.1
58.061,60.204,-10.1
58.06,60.17,-10.1
58.06,31.222,-10.1
58.059,31.188,-10.1
58.029,30.916,-10.1
58.027,30.899,-10.1
58.026,30.895,-10.1
58.021,30.882,-10.1
57.93,30.621,-10.1
57.926,30.611,-10.1
57.924,30.607,-10.1
57.766,30.354,-10.1
57.763,30.351,-10.1
57.76,30.348,-10.1
57.557,30.144,-10.1
57.548,30.136,-10.1
57.523,30.12,-10.1
57.294,29.976,-10.1
57.289,29.974,-10.1
57.285,29.972,-10.1
57.005,29.874,-10.1
57.001,29.873,-10.1
56.997,29.873,-10.1
56.708,29.84,-10.1
56.674,29.84,-10.1
31.561,29.84,-10.1
29.455,29.84,-10.1
29.405,29.832,-10.1
29.355,29.832,-10.1
29.305,29.831,-10.101
29.255,29.83,-10.101
29.205,29.829,-10.102
29.155,29.828,-10.103
29.105,29.826,-10.104
29.055,29.825,-10.105
29.005,29.823,-10.106
28.956,29.821,-10.107
28.906,29.819,-10.108
28.856,29.817,-10.11
28.806,29.815,-10.111
28.756,29.813,-10.113
28.706,29.81,-10.115
28.656,29.808,-10.116
28.606,29.805,-10.118
28.506,29.8,-10.121
28.207,29.784,-10.132
28.157,29.782,-10.134
28.107,29.779,-10.135
28.057,29.777,-10.137
28.007,29.774,-10.138
27.938,29.771,-10.141
27.932,29.771,-10.141
27.919,29.768,-10.141
27.907,29.766,-10.141
27.858,29.756,-10.143
27.809,29.747,-10.144
27.76,29.738,-10.145
27.699,29.727,-10.147
27.693,29.725,-10.147
27.666,29.71,-10.147
27.621,29.687,-10.148
27.577,29.664,-10.149
27.533,29.641,-10.149
27.489,29.618,-10.15
27.484,29.614,-10.15
27.471,29.601,-10.15
27.454,29.584,-10.15
27.417,29.555,-10.15
27.315,29.452,-10.15
27.311,29.448,-10.15
27.206,29.241,-10.15
27.204,29.236,-10.15
27.167,29.003,-10.15
27.166,28.999,-10.15
27.203,28.766,-10.15
27.205,28.761,-10.15
27.312,28.551,-10.15
27.315,28.547,-10.15
27.481,28.382,-10.15
27.485,28.379,-10.15
27.695,28.272,-10.15
27.934,28.234,-10.15
56.674,28.234,-10.15
56.708,28.235,-10.15
57.162,28.271,-10.15
57.166,28.271,-10.15
57.616,28.379,-10.15
57.62,28.381,-10.15
58.044,28.557,-10.15
58.049,28.559,-10.15
58.439,28.798,-10.15
58.443,28.801,-10.15
58.794,29.1,-10.15
58.798,29.105,-10.15
59.095,29.452,-10.15
59.099,29.457,-10.15
59.341,29.852,-10.15
59.343,29.856,-10.15
59.52,30.283,-10.15
59.521,30.287,-10.15
59.629,30.734,-10.15
59.629,30.736,-10.15
59.665,31.188,-10.15
59.666,31.222,-10.15
59.666,60.17,-10.15
59.666,60.204,-10.15
59.7,60.509,-10.15
59.701,60.518,-10.15
59.702,60.522,-10.15
59.704,60.526,-10.15
59.806,60.819,-10.15
59.808,60.823,-10.15
59.813,60.831,-10.15
59.973,61.086,-10.15
59.978,61.093,-10.15
59.981,61.097,-10.15
60.174,61.29,-10.15
60.204,61.319,-10.15
60.206,61.322,-10.15
60.209,61.324,-10.15
60.475,61.491,-10.15
60.48,61.493,-10.15
60.509,61.503,-10.15
60.771,61.595,-10.15
60.781,61.598,-10.15
60.814,61.602,-10.15
61.094,61.634,-10.15
61.099,61.634,-10.15
61.103,61.634,-10.15
61.324,61.609,-10.15
61.408,61.6,-10.15
61.417,61.599,-10.15
61.421,61.598,-10.15
61.425,61.596,-10.15
61.697,61.501,-10.15
61.72,61.493,-10.15
61.723,61.492,-10.15
61.725,61.491,-10.15
61.991,61.324,-10.15
61.994,61.322,-10.15
61.997,61.319,-10.15
62.218,61.098,-10.15
62.221,61.095,-10.15
62.223,61.092,-10.15
62.227,61.086,-10.15
62.387,60.831,-10.15
62.392,60.823,-10.15
62.394,60.819,-10.15
62.496,60.526,-10.15
62.498,60.522,-10.15
62.499,60.518,-10.15
62.5,60.509,-10.15
62.534,60.204,-10.15
62.534,60.17,-10.15
62.534,31.222,-10.15
62.535,31.188,-10.15
62.571,30.738,-10.15
62.571,30.734,-10.15
62.679,30.286,-10.15
62.68,30.283,-10.15
62.857,29.856,-10.15
62.859,29.852,-10.15
63.101,29.457,-10.15
63.103,29.454,-10.15
63.401,29.106,-10.15
63.405,29.101,-10.15
63.755,28.802,-10.15
63.758,28.8,-10.15
64.153,28.558,-10.15
64.157,28.556,-10.15
64.581,28.38,-10.15
64.586,28.379,-10.15
65.035,28.271,-10.15
65.04,28.271,-10.15
65.498,28.235,-10.15
65.532,28.234,-10.15
92.066,28.234,-10.15
92.305,28.272,-10.15
92.515,28.379,-10.15
92.519,28.382,-10.15
92.685,28.547,-10.15
92.688,28.551,-10.15
92.795,28.761,-10.15
92.797,28.766,-10.15
92.834,28.999,-10.15
92.833,29.003,-10.15
92.796,29.236,-10.15
92.794,29.241,-10.15
92.689,29.448,-10.15
92.685,29.452,-10.15
92.52,29.618,-10.15
92.516,29.621,-10.15
92.308,29.727,-10.15
92.304,29.728,-10.15
92.066,29.766,-10.15
65.532,29.766,-10.15
65.498,29.766,-10.15
65.464,29.77,-10.15
65.184,29.801,-10.15
65.18,29.802,-10.15
65.175,29.803,-10.15
64.887,29.904,-10.15
64.878,29.907,-10.15
64.874,29.91,-10.15
64.615,30.072,-10.15
64.607,30.078,-10.15
64.603,30.081,-10.15
64.412,30.272,-10.15
64.379,30.305,-10.15
64.378,30.307,-10.15
64.357,30.339,-10.15
64.229,30.543,-10.15
64.208,30.577,-10.15
64.206,30.581,-10.15
64.104,30.875,-10.15
64.102,30.879,-10.15
64.101,30.882,-10.15
64.097,30.916,-10.15
64.067,31.188,-10.15
64.066,31.222,-10.15
64.066,60.17,-10.15
64.065,60.204,-10.15
64.029,60.662,-10.15
64.029,60.666,-10.15
63.921,61.116,-10.15
63.919,61.12,-10.15
63.743,61.544,-10.15
63.741,61.548,-10.15
63.501,61.941,-10.15
63.498,61.944,-10.15
63.198,62.296,-10.15
63.194,62.3,-10.15
62.843,62.599,-10.15
62.448,62.842,-10.15
62.443,62.844,-10.15
62.017,63.02,-10.15
62.013,63.021,-10.15
61.565,63.129,-10.15
61.561,63.129,-10.15
61.103,63.165,-10.15
61.099,63.166,-10.15
60.636,63.129,-10.15
60.632,63.128,-10.15
60.186,63.021,-10.15
60.183,63.02,-10.15
59.754,62.843,-10.15
59.75,62.84,-10.15
59.358,62.6,-10.15
59.355,62.598,-10.15
59.007,62.3,-10.15
59.002,62.295,-10.15
58.702,61.944,-10.15
58.7,61.942,-10.15
58.459,61.548,-10.15
58.457,61.544,-10.15
58.281,61.12,-10.15
58.279,61.116,-10.15
58.171,60.666,-10.15
58.171,60.662,-10.15
58.135,60.204,-10.15
58.134,60.17,-10.15
58.134,31.222,-10.15
58.133,31.191,-10.15
58.1,30.89,-10.15
58.099,30.882,-10.15
58.098,30.878,-10.15
58.093,30.865,-10.15
57.994,30.581,-10.15
57.992,30.577,-10.15
57.971,30.543,-10.15
57.828,30.316,-10.15
57.821,30.305,-10.15
57.794,30.278,-10.15
57.597,30.081,-10.15
57.594,30.078,-10.15
57.59,30.076,-10.15
57.327,29.911,-10.15
57.323,29.908,-10.15
57.319,29.906,-10.15
57.022,29.803,-10.15
57.018,29.801,-10.15
57.014,29.801,-10.15
56.708,29.766,-10.15
56.674,29.766,-10.15
29.455,29.766,-10.15
27.934,29.766,-10.15
27.696,29.728,-10.15
27.692,29.727,-10.15
27.484,29.621,-10.15
27.48,29.618,-10.15
27.417,29.555,-10.15
27.386,29.516,-10.15
27.351,29.481,-10.15
27.322,29.452,-10.151
27.317,29.446,-10.151
27.31,29.432,-10.151
27.288,29.387,-10.151
27.266,29.342,-10.152
27.244,29.297,-10.153
27.218,29.245,-10.154
27.215,29.238,-10.154
27.212,29.231,-10.155
27.211,29.223,-10.155
27.207,29.192,-10.155
27.2,29.143,-10.157
27.194,29.093,-10.158
27.187,29.043,-10.159
27.182,29.006,-10.16
27.182,28.998,-10.161
27.185,28.983,-10.161
27.194,28.934,-10.163
27.204,28.885,-10.164
27.213,28.836,-10.166
27.225,28.772,-10.168
27.228,28.766,-10.168
27.246,28.734,-10.17
27.336,28.572,-10.176
27.34,28.566,-10.176
27.35,28.557,-10.177
27.46,28.454,-10.182
27.501,28.416,-10.184
27.507,28.412,-10.184
27.543,28.395,-10.186
27.588,28.373,-10.187
27.633,28.352,-10.189
27.708,28.317,-10.191
27.714,28.316,-10.191
27.727,28.314,-10.192
27.776,28.307,-10.193
27.826,28.301,-10.194
27.875,28.294,-10.195
27.931,28.286,-10.197
27.937,28.286,-10.197
27.949,28.286,-10.197
27.974,28.287,-10.197
28.024,28.288,-10.198
28.024,28.074,-10.199,-10.198
28.112,28.289,-10.199
28.124,28.289,-10.199
28.124,28.174,-10.2,-10.199
28.124,28.211,28.174,-10.2,-10.2
28.224,28.29,28.174
28.263,28.286,28.174
56.674,28.286,28.174,28.174
56.708,28.286,28.174,28.174
57.154,28.321,28.174
57.158,28.322,28.174
57.599,28.428,28.174
57.603,28.429,28.174
58.019,28.602,28.174
58.023,28.603,28.174
58.411,28.841,28.174
58.414,28.843,28.174
58.758,29.137,28.174
58.762,29.14,28.174
59.055,29.484,28.174
59.058,29.488,28.174
59.297,29.877,28.174
59.471,30.297,28.174
59.472,30.301,28.174
59.578,30.742,28.174
59.579,30.747,28.174
59.613,31.188,28.174
59.614,31.222,28.174
59.614,60.17,28.174,28.174
59.615,60.204,28.174
59.651,60.526,28.174
59.652,60.53,28.174
59.653,60.535,28.174
59.759,60.838,28.174
59.761,60.842,28.174
59.762,60.846,28.174
59.764,60.848,28.174
59.934,61.12,28.174
59.937,61.124,28.174
59.94,61.128,28.174
59.949,61.137,28.174
60.17,61.358,28.174
60.174,61.362,28.174
60.178,61.364,28.174
60.45,61.535,28.174
60.454,61.538,28.174
60.458,61.54,28.174
60.509,61.557,28.174
60.764,61.647,28.174
60.768,61.648,28.174
60.772,61.649,28.174
60.781,61.65,28.174
61.094,61.685,28.174
61.099,61.686,28.174
61.103,61.685,28.174
61.12,61.684,28.174
61.425,61.649,28.174
61.43,61.649,28.174,28.174
61.434,61.647,28.174
61.739,61.541,28.174
61.743,61.539,28.174
61.747,61.537,28.174
61.765,61.526,28.174
62.023,61.363,28.174
62.027,61.361,28.174
62.031,61.357,28.174
62.254,61.134,28.174
62.261,61.127,28.174
62.263,61.123,28.174
62.436,60.848,28.174
62.439,60.844,28.174
62.44,60.84,28.174
62.545,60.54,28.174
62.548,60.532,28.174
62.549,60.528,28.174
62.549,60.525,28.174,28.174
62.585,60.204,28.174
62.586,60.17,28.174
62.586,31.222,28.174,28.174
62.587,31.188,28.174
62.621,30.747,28.174
62.622,30.742,28.174
62.728,30.301,28.174
62.729,30.297,28.174
62.903,29.877,28.174
63.141,29.488,28.174
63.143,29.486,28.174
63.436,29.143,28.174
63.441,29.138,28.174
63.782,28.846,28.174
63.787,28.842,28.174
64.174,28.605,28.174
64.178,28.603,28.174
64.598,28.429,28.174
64.603,28.428,28.174
65.044,28.322,28.174
65.048,28.321,28.174
65.498,28.286,28.174
65.532,28.286,28.174,28.174
92.062,28.286,28.174,28.174
92.066,28.286,28.174,28.174
92.286,28.321,28.174
92.291,28.322,28.174
92.488,28.422,28.174
92.491,28.425,28.174
92.644,28.578,28.174
92.647,28.582,28.174
92.747,28.778,28.174
92.748,28.783,28.174
92.782,28.999,28.174
92.782,29.003,28.174,28.174
92.748,29.219,28.174
92.746,29.224,28.174
92.647,29.418,28.174
92.645,29.421,28.174
92.489,29.577,28.174
92.485,29.579,28.174
92.291,29.678,28.174
92.286,29.679,28.174
92.066,29.714,28.174
92.053,29.714,28.174,28.174
65.532,29.714,28.174,28.174
65.498,29.715,28.174
65.464,29.718,28.174
65.175,29.751,28.174
65.171,29.751,28.174,28.174
65.167,29.752,28.174
65.158,29.755,28.174
64.861,29.859,28.174
64.857,29.861,28.174
64.853,29.863,28.174
64.851,29.864,28.174
64.577,30.037,28.174
64.572,30.04,28.174
64.564,30.048,28.174
64.344,30.268,28.174
64.341,30.271,28.174
64.337,30.276,28.174
64.334,30.28,28.174
64.164,30.551,28.174
64.161,30.556,28.174
64.16,30.56,28.174
64.053,30.865,28.174
64.052,30.87,28.174
64.051,30.874,28.174
64.016,31.188,28.174
64.014,31.222,28.174
64.014,60.17,28.174,28.174
64.014,60.204,28.174,28.174
63.979,60.653,28.174
63.978,60.658,28.174
63.872,61.099,28.174
63.871,61.102,28.174
63.697,61.522,28.174
63.694,61.527,28.174
63.459,61.91,28.174
63.457,61.914,28.174
63.163,62.258,28.174
63.159,62.262,28.174
62.817,62.555,28.174
62.813,62.558,28.174
62.426,62.795,28.174
62.422,62.797,28.174
62.002,62.971,28.174
61.998,62.972,28.174
61.557,63.078,28.174
61.553,63.079,28.174
61.103,63.114,28.174
61.099,63.114,28.174,28.174
60.645,63.078,28.174
60.641,63.078,28.174,28.174
60.199,62.972,28.174
59.779,62.798,28.174
59.775,62.796,28.174
59.389,62.559,28.174
59.385,62.556,28.174
59.042,62.263,28.174
59.038,62.259,28.174
58.744,61.915,28.174
58.741,61.912,28.174
58.506,61.527,28.174
58.503,61.523,28.174
58.329,61.103,28.174
58.328,61.099,28.174
58.222,60.658,28.174
58.221,60.653,28.174
58.186,60.204,28.174
58.186,60.17,28.174,28.174
58.186,31.222,28.174,28.174
58.184,31.188,28.174
58.149,30.874,28.174
58.148,30.87,28.174
58.147,30.865,28.174
58.04,30.561,28.174
58.039,30.556,28.174
58.037,30.552,28.174
57.882,30.305,28.174
57.862,30.274,28.174
57.859,30.271,28.174
57.758,30.17,28.174
57.632,30.044,28.174
57.628,30.04,28.174
57.624,30.037,28.174
57.619,30.034,28.174
57.349,29.864,28.174
57.346,29.862,28.174
57.342,29.86,28.174
57.251,29.829,28.174
57.048,29.757,28.174
57.031,29.752,28.174
57.014,29.75,28.174
56.708,29.715,28.174
56.674,29.714,28.174
27.938,29.714,28.174,28.174
27.934,29.714,28.174,28.174
27.714,29.679,28.174
27.709,29.678,28.174
27.515,29.579,28.174
27.511,29.577,28.174
27.355,29.421,28.174
27.353,29.418,28.174
27.254,29.224,28.174
27.252,29.219,28.174
27.218,29.003,28.174
27.218,28.999,28.174,28.174
27.251,28.787,28.174
27.252,28.783,28.174
27.253,28.778,28.174
27.353,28.582,28.174
27.356,28.578,28.174
27.509,28.425,28.174
27.512,28.422,28.174
27.709,28.322,28.174
27.714,28.321,28.174
27.934,28.286,28.174
27.947,28.286,28.174,28.174
28.263,28.286,28.174,28.174
28.312,28.29,28.174
28.362,28.29,28.174,28.174
28.412,28.291,-10.201
28.462,28.292,-10.201
28.512,28.293,-10.202
28.562,28.294,-10.203
28.612,28.295,-10.204
28.662,28.297,-10.205
28.712,28.298,-10.206
28.762,28.3,-10.207
28.812,28.302,-10.208
28.861,28.304,-10.21
28.911,28.307,-10.211
28.961,28.309,-10.213
29.011,28.311,-10.215
29.061,28.314,-10.216
29.111,28.316,-10.218
29.211,28.322,-10.221
29.51,28.337,-10.232
29.56,28.34,-10.234
29.61,28.342,-10.235
29.66,28.345,-10.237
29.71,28.347,-10.238
29.76,28.349,-10.24
29.81,28.352,-10.241
29.86,28.354,-10.243
29.91,28.355,-10.244
29.96,28.357,-10.245
30.009,28.359,-10.246
30.059,28.36,-10.247
30.109,28.361,-10.248
30.159,28.362,-10.249
30.209,28.363,-10.249
30.259,28.364,-10.25
30.309,28.364,-10.25
30.346,28.364,-10.25
30.359,28.364,-10.25
30.369,28.359,-10.25
56.674,28.359,-10.25
56.708,28.36,-10.25
57.141,28.394,-10.25
57.145,28.394,-10.25
57.578,28.498,-10.25
57.582,28.5,-10.25
57.989,28.668,-10.25
57.993,28.671,-10.25
58.367,28.9,-10.25
58.371,28.902,-10.25
58.706,29.189,-10.25
58.71,29.193,-10.25
58.998,29.529,-10.25
59,29.533,-10.25
59.229,29.907,-10.25
59.232,29.911,-10.25
59.4,30.318,-10.25
59.402,30.322,-10.25
59.506,30.755,-10.25
59.506,30.759,-10.25
59.54,31.188,-10.25
59.541,31.222,-10.25
59.541,60.17,-10.25
59.541,60.204,-10.25
59.554,60.339,-10.25
59.557,60.373,-10.25
59.573,60.509,-10.25
59.573,60.513,-10.25
59.574,60.518,-10.25
59.61,60.645,-10.25
59.621,60.679,-10.25
59.661,60.791,-10.25
59.669,60.814,-10.25
59.685,60.848,-10.25
59.736,60.95,-10.25
59.757,60.984,-10.25
59.821,61.086,-10.25
59.83,61.099,-10.25
59.91,61.205,-10.25
59.917,61.214,-10.25
59.925,61.222,-10.25
60.027,61.324,-10.25
60.034,61.331,-10.25
60.138,61.425,-10.25
60.146,61.432,-10.25
60.154,61.438,-10.25
60.271,61.512,-10.25
60.296,61.527,-10.25
60.411,61.598,-10.25
60.416,61.601,-10.25
60.543,61.65,-10.25
60.577,61.662,-10.25
60.679,61.698,-10.25
60.713,61.709,-10.25
60.848,61.735,-10.25
60.882,61.74,-10.25
61.018,61.755,-10.25
61.052,61.755,-10.25
61.154,61.755,-10.25
61.188,61.754,-10.25
61.324,61.739,-10.25
61.357,61.734,-10.25
61.485,61.71,-10.25
61.489,61.709,-10.25
61.493,61.708,-10.25
61.629,61.66,-10.25
61.663,61.648,-10.25
61.779,61.602,-10.25
61.787,61.599,-10.25
61.794,61.595,-10.25
61.902,61.527,-10.25
61.934,61.507,-10.25
62.053,61.434,-10.25
62.056,61.431,-10.25
62.07,61.418,-10.25
62.138,61.356,-10.25
62.172,61.325,-10.25
62.275,61.222,-10.25
62.284,61.213,-10.25
62.29,61.205,-10.25
62.354,61.12,-10.25
62.376,61.091,-10.25
62.379,61.086,-10.25
62.443,60.984,-10.25
62.464,60.95,-10.25
62.515,60.848,-10.25
62.531,60.814,-10.25
62.567,60.713,-10.25
62.579,60.678,-10.25
62.59,60.645,-10.25
62.626,60.518,-10.25
62.627,60.513,-10.25
62.627,60.509,-10.25
62.643,60.373,-10.25
62.646,60.339,-10.25
62.659,60.204,-10.25
62.659,60.17,-10.25
62.659,31.222,-10.25
62.66,31.188,-10.25
62.694,30.759,-10.25
62.694,30.755,-10.25
62.798,30.322,-10.25
62.8,30.318,-10.25
62.968,29.911,-10.25
62.971,29.907,-10.25
63.201,29.531,-10.25
63.203,29.528,-10.25
63.487,29.195,-10.25
63.491,29.191,-10.25
63.83,28.902,-10.25
63.835,28.899,-10.25
64.208,28.67,-10.25
64.212,28.668,-10.25
64.62,28.499,-10.25
64.624,28.498,-10.25
65.052,28.395,-10.25
65.057,28.394,-10.25
65.498,28.359,-10.25
65.532,28.359,-10.25
92.036,28.359,-10.25
92.07,28.359,-10.25
92.138,28.369,-10.25
92.151,28.371,-10.25
92.257,28.388,-10.25
92.261,28.389,-10.25
92.308,28.41,-10.25
92.342,28.426,-10.25
92.43,28.471,-10.25
92.433,28.473,-10.25
92.477,28.512,-10.25
92.509,28.541,-10.25
92.569,28.601,-10.25
92.572,28.605,-10.25
92.613,28.668,-10.25
92.618,28.676,-10.25
92.665,28.77,-10.25
92.667,28.774,-10.25
92.688,28.846,-10.25
92.694,28.88,-10.25
92.706,28.956,-10.25
92.707,28.961,-10.25
92.707,29.037,-10.25
92.707,29.041,-10.25
92.694,29.118,-10.25
92.689,29.152,-10.25
92.666,29.228,-10.25
92.664,29.232,-10.25
92.619,29.321,-10.25
92.613,29.332,-10.25
92.574,29.393,-10.25
92.57,29.397,-10.25
92.511,29.457,-10.25
92.477,29.488,-10.25
92.432,29.528,-10.25
92.429,29.529,-10.25
92.342,29.574,-10.25
92.308,29.59,-10.25
92.261,29.611,-10.25
92.257,29.612,-10.25
92.165,29.627,-10.25
92.138,29.631,-10.25
92.07,29.641,-10.25
92.036,29.641,-10.25
65.532,29.641,-10.25
65.498,29.641,-10.25
65.362,29.653,-10.25
65.328,29.657,-10.25
65.226,29.668,-10.25
65.192,29.672,-10.25
65.057,29.709,-10.25
65.023,29.72,-10.25
64.902,29.762,-10.25
64.887,29.769,-10.25
64.785,29.817,-10.25
64.759,29.83,-10.25
64.649,29.899,-10.25
64.615,29.922,-10.25
64.514,29.993,-10.25
64.51,29.996,-10.25
64.303,30.204,-10.25
64.294,30.212,-10.25
64.288,30.221,-10.25
64.229,30.305,-10.25
64.208,30.335,-10.25
64.14,30.443,-10.25
64.121,30.475,-10.25
64.072,30.58,-10.25
64.059,30.611,-10.25
64.012,30.747,-10.25
64.005,30.772,-10.25
63.975,30.882,-10.25
63.972,30.894,-10.25
63.971,30.905,-10.25
63.954,31.052,-10.25
63.951,31.086,-10.25
63.942,31.188,-10.25
63.941,31.222,-10.25
63.941,60.17,-10.25
63.941,60.204,-10.25
63.906,60.641,-10.25
63.906,60.645,-10.25
63.802,61.077,-10.25
63.801,61.081,-10.25
63.633,61.486,-10.25
63.631,61.49,-10.25
63.401,61.867,-10.25
63.398,61.871,-10.25
63.112,62.206,-10.25
63.109,62.209,-10.25
62.77,62.498,-10.25
62.766,62.501,-10.25
62.393,62.73,-10.25
62.388,62.732,-10.25
61.981,62.901,-10.25
61.977,62.902,-10.25
61.548,63.005,-10.25
61.544,63.006,-10.25
61.103,63.041,-10.25
61.099,63.041,-10.25
60.658,63.006,-10.25
60.653,63.006,-10.25
60.225,62.903,-10.25
60.221,62.901,-10.25
59.813,62.733,-10.25
59.809,62.731,-10.25
59.43,62.498,-10.25
59.092,62.21,-10.25
59.088,62.206,-10.25
58.802,61.87,-10.25
58.799,61.867,-10.25
58.571,61.493,-10.25
58.568,61.489,-10.25
58.4,61.082,-10.25
58.398,61.077,-10.25
58.294,60.645,-10.25
58.294,60.641,-10.25
58.259,60.204,-10.25
58.259,60.17,-10.25
58.259,31.222,-10.25
58.258,31.188,-10.25
58.249,31.086,-10.25
58.246,31.052,-10.25
58.229,30.899,-10.25
58.228,30.895,-10.25
58.227,30.891,-10.25
58.198,30.781,-10.25
58.188,30.747,-10.25
58.141,30.611,-10.25
58.133,30.593,-10.25
58.079,30.475,-10.25
58.066,30.453,-10.25
57.994,30.339,-10.25
57.971,30.305,-10.25
57.912,30.221,-10.25
57.906,30.212,-10.25
57.897,30.204,-10.25
57.692,29.998,-10.25
57.688,29.994,-10.25
57.684,29.991,-10.25
57.59,29.926,-10.25
57.557,29.903,-10.25
57.441,29.83,-10.25
57.421,29.82,-10.25
57.319,29.772,-10.25
57.298,29.762,-10.25
57.149,29.71,-10.25
57.115,29.701,-10.25
57.014,29.674,-10.25
57.005,29.672,-10.25
56.997,29.671,-10.25
56.878,29.657,-10.25
56.844,29.654,-10.25
56.708,29.642,-10.25
56.674,29.641,-10.25
27.964,29.641,-10.25
27.93,29.641,-10.25
27.862,29.631,-10.25
27.835,29.627,-10.25
27.743,29.612,-10.25
27.739,29.611,-10.25
27.692,29.59,-10.25
27.658,29.574,-10.25
27.571,29.529,-10.25
27.568,29.528,-10.25
27.523,29.488,-10.25
27.489,29.457,-10.25
27.43,29.397,-10.25
27.426,29.393,-10.25
27.387,29.332,-10.25
27.381,29.321,-10.25
27.336,29.232,-10.25
27.334,29.228,-10.25
27.311,29.152,-10.25
27.306,29.118,-10.25
27.293,29.041,-10.25
27.293,29.037,-10.25
27.293,28.961,-10.25
27.294,28.956,-10.25
27.306,28.88,-10.25
27.312,28.846,-10.25
27.333,28.774,-10.25
27.335,28.77,-10.25
27.382,28.676,-10.25
27.387,28.668,-10.25
27.428,28.605,-10.25
27.431,28.601,-10.25
27.491,28.541,-10.25
27.523,28.512,-10.25
27.567,28.473,-10.25
27.57,28.471,-10.25
27.658,28.426,-10.25
27.692,28.41,-10.25
27.739,28.389,-10.25
27.743,28.388,-10.25
27.849,28.371,-10.25
27.862,28.369,-10.25
27.93,28.359,-10.25
27.964,28.359,-10.25
30.369,28.359,-10.25
30.376,28.362,-10.25
30.379,28.37,-10.25
30.358,28.529,-10.25
30.347,28.521,-10.251
30.35,28.508,-10.251
30.363,28.505,-10.252
30.371,28.516,-10.252
30.365,28.528,-10.253
30.351,28.527,-10.253
30.347,28.514,-10.254
30.357,28.505,-10.254
30.369,28.51,-10.255
30.37,28.523,-10.255
30.357,28.529,-10.256
30.347,28.521,-10.256
30.35,28.508,-10.257
30.364,28.505,-10.257
30.371,28.517,-10.258
30.364,28.528,-10.258
30.351,28.526,-10.259
30.347,28.513,-10.259
30.357,28.505,-10.26
30.369,28.51,-10.26
30.369,28.524,-10.261
30.357,28.529,-10.261
30.347,28.52,-10.262
30.351,28.507,-10.262
30.364,28.506,-10.263
30.371,28.517,-10.263
30.364,28.528,-10.264
30.35,28.526,-10.264
30.347,28.513,-10.265
30.358,28.504,-10.265
30.37,28.511,-10.266
30.369,28.524,-10.266
30.356,28.529,-10.267
30.347,28.52,-10.267
30.351,28.507,-10.268
30.365,28.506,-10.268
30.371,28.518,-10.269
30.363,28.529,-10.269
30.35,28.526,-10.27
30.347,28.512,-10.27
30.358,28.504,-10.271
30.37,28.511,-10.271
30.369,28.525,-10.272
30.356,28.529,-10.272
30.347,28.519,-10.273
30.352,28.507,-10.273
30.365,28.506,-10.274
30.371,28.518,-10.274
30.363,28.529,-10.275
30.35,28.525,-10.275
30.347,28.512,-10.276
30.359,28.504,-10.276
30.37,28.511,-10.277
30.368,28.525,-10.277
30.356,28.529,-10.278
30.346,28.519,-10.278
30.352,28.506,-10.279
30.366,28.506,-10.279
30.371,28.519,-10.28
30.362,28.529,-10.28
30.349,28.525,-10.281
30.348,28.512,-10.281
30.359,28.504,-10.282
30.37,28.512,-10.282
30.368,28.525,-10.283
30.355,28.529,-10.283
30.346,28.518,-10.284
30.352,28.506,-10.284
30.366,28.507,-10.285
30.371,28.519,-10.285
30.362,28.529,-10.286
30.349,28.525,-10.286
30.348,28.511,-10.287
30.359,28.504,-10.287
30.37,28.512,-10.288
30.368,28.526,-10.288
30.355,28.529,-10.289
30.346,28.518,-10.289
30.353,28.506,-10.29
30.366,28.507,-10.29
30.371,28.52,-10.291
30.361,28.529,-10.291
30.349,28.524,-10.292
30.348,28.511,-10.292
30.36,28.504,-10.293
30.371,28.513,-10.293
30.367,28.526,-10.294
30.354,28.528,-10.294
30.346,28.517,-10.295
30.353,28.506,-10.295
30.367,28.507,-10.296
30.371,28.52,-10.296
30.361,28.529,-10.297
30.348,28.524,-10.297
30.348,28.51,-10.298
30.36,28.504,-10.298
30.371,28.513,-10.299
30.367,28.526,-10.299
30.354,28.528,-10.3
30.346,28.517,-10.3
30.346,28.502,-10.3
30.353,28.486,-10.3
30.369,28.479,-10.3
56.674,28.479,-10.3
56.708,28.48,-10.3
56.946,28.499,-10.3
56.98,28.502,-10.3
57.115,28.513,-10.3
57.149,28.517,-10.3
57.388,28.575,-10.3
57.421,28.583,-10.3
57.557,28.619,-10.3
57.59,28.631,-10.3
57.794,28.715,-10.3
57.828,28.73,-10.3
57.964,28.793,-10.3
57.998,28.811,-10.3
58.201,28.936,-10.3
58.22,28.948,-10.3
58.337,29.03,-10.3
58.363,29.05,-10.3
58.541,29.201,-10.3
58.561,29.219,-10.3
58.676,29.334,-10.3
58.695,29.355,-10.3
58.846,29.532,-10.3
58.867,29.559,-10.3
58.948,29.674,-10.3
58.962,29.695,-10.3
59.086,29.898,-10.3
59.105,29.932,-10.3
59.169,30.068,-10.3
59.183,30.102,-10.3
59.267,30.305,-10.3
59.28,30.339,-10.3
59.321,30.495,-10.3
59.325,30.509,-10.3
59.382,30.747,-10.3
59.386,30.781,-10.3
59.398,30.916,-10.3
59.401,30.95,-10.3
59.42,31.188,-10.3
59.421,31.222,-10.3
59.421,60.17,-10.3
59.421,60.204,-10.3
59.437,60.373,-10.3
59.44,60.407,-10.3
59.451,60.509,-10.3
59.457,60.541,-10.3
59.496,60.679,-10.3
59.506,60.713,-10.3
59.539,60.814,-10.3
59.552,60.848,-10.3
59.627,60.998,-10.3
59.638,61.018,-10.3
59.697,61.12,-10.3
59.721,61.154,-10.3
59.798,61.256,-10.3
59.826,61.29,-10.3
59.898,61.369,-10.3
59.92,61.391,-10.3
60.034,61.495,-10.3
60.068,61.521,-10.3
60.136,61.57,-10.3
60.17,61.594,-10.3
60.305,61.678,-10.3
60.339,61.695,-10.3
60.441,61.74,-10.3
60.475,61.753,-10.3
60.611,61.806,-10.3
60.645,61.814,-10.3
60.747,61.836,-10.3
60.781,61.842,-10.3
60.916,61.868,-10.3
60.95,61.871,-10.3
61.256,61.871,-10.3
61.29,61.867,-10.3
61.425,61.841,-10.3
61.459,61.834,-10.3
61.561,61.813,-10.3
61.595,61.804,-10.3
61.731,61.751,-10.3
61.765,61.737,-10.3
61.867,61.692,-10.3
61.9,61.674,-10.3
62.036,61.59,-10.3
62.07,61.566,-10.3
62.138,61.517,-10.3
62.168,61.493,-10.3
62.28,61.391,-10.3
62.308,61.363,-10.3
62.376,61.287,-10.3
62.402,61.256,-10.3
62.479,61.154,-10.3
62.503,61.12,-10.3
62.562,61.018,-10.3
62.579,60.986,-10.3
62.648,60.848,-10.3
62.661,60.814,-10.3
62.694,60.713,-10.3
62.704,60.679,-10.3
62.742,60.543,-10.3
62.749,60.512,-10.3
62.76,60.407,-10.3
62.763,60.373,-10.3
62.779,60.204,-10.3
62.779,60.17,-10.3
62.779,31.222,-10.3
62.78,31.188,-10.3
62.799,30.95,-10.3
62.802,30.916,-10.3
62.814,30.781,-10.3
62.817,30.753,-10.3
62.875,30.509,-10.3
62.884,30.475,-10.3
62.92,30.339,-10.3
62.933,30.305,-10.3
63.02,30.093,-10.3
63.031,30.068,-10.3
63.095,29.932,-10.3
63.114,29.898,-10.3
63.238,29.695,-10.3
63.258,29.666,-10.3
63.333,29.559,-10.3
63.36,29.525,-10.3
63.505,29.355,-10.3
63.529,29.329,-10.3
63.639,29.219,-10.3
63.665,29.196,-10.3
63.837,29.05,-10.3
63.869,29.026,-10.3
63.98,28.948,-10.3
64.005,28.932,-10.3
64.208,28.807,-10.3
64.242,28.79,-10.3
64.378,28.727,-10.3
64.417,28.71,-10.3
64.615,28.628,-10.3
64.649,28.618,-10.3
64.785,28.581,-10.3
64.812,28.575,-10.3
65.057,28.516,-10.3
65.09,28.513,-10.3
65.226,28.501,-10.3
65.26,28.498,-10.3
65.498,28.48,-10.3
65.532,28.479,-10.3
92.036,28.479,-10.3
92.07,28.48,-10.3
92.138,28.489,-10.3
92.172,28.494,-10.3
92.206,28.501,-10.3
92.233,28.507,-10.3
92.308,28.541,-10.3
92.342,28.56,-10.3
92.376,28.583,-10.3
92.406,28.609,-10.3
92.445,28.643,-10.3
92.471,28.676,-10.3
92.477,28.686,-10.3
92.494,28.71,-10.3
92.537,28.778,-10.3
92.545,28.792,-10.3
92.571,28.88,-10.3
92.579,28.914,-10.3
92.585,28.948,-10.3
92.586,28.982,-10.3
92.586,29.05,-10.3
92.579,29.084,-10.3
92.572,29.118,-10.3
92.545,29.208,-10.3
92.539,29.219,-10.3
92.495,29.287,-10.3
92.477,29.314,-10.3
92.473,29.321,-10.3
92.447,29.355,-10.3
92.408,29.389,-10.3
92.376,29.417,-10.3
92.342,29.44,-10.3
92.312,29.457,-10.3
92.238,29.491,-10.3
92.206,29.499,-10.3
92.172,29.506,-10.3
92.138,29.511,-10.3
92.07,29.52,-10.3
92.036,29.521,-10.3
65.532,29.521,-10.3
65.498,29.521,-10.3
65.328,29.536,-10.3
65.226,29.546,-10.3
65.192,29.549,-10.3
65.03,29.593,-10.3
65.023,29.595,-10.3
64.918,29.627,-10.3
64.887,29.638,-10.3
64.751,29.701,-10.3
64.717,29.719,-10.3
64.635,29.762,-10.3
64.615,29.774,-10.3
64.487,29.864,-10.3
64.48,29.869,-10.3
64.378,29.953,-10.3
64.364,29.966,-10.3
64.262,30.068,-10.3
64.242,30.091,-10.3
64.174,30.174,-10.3
64.152,30.204,-10.3
64.072,30.318,-10.3
64.06,30.339,-10.3
64.006,30.441,-10.3
64.005,30.444,-10.3
63.937,30.589,-10.3
63.929,30.611,-10.3
63.898,30.713,-10.3
63.888,30.747,-10.3
63.852,30.882,-10.3
63.847,30.916,-10.3
63.837,31.018,-10.3
63.835,31.037,-10.3
63.822,31.188,-10.3
63.821,31.222,-10.3
63.821,60.17,-10.3
63.82,60.204,-10.3
63.801,60.45,-10.3
63.799,60.475,-10.3
63.787,60.611,-10.3
63.784,60.645,-10.3
63.727,60.882,-10.3
63.718,60.916,-10.3
63.682,61.052,-10.3
63.671,61.086,-10.3
63.587,61.29,-10.3
63.573,61.324,-10.3
63.509,61.459,-10.3
63.495,61.487,-10.3
63.36,61.709,-10.3
63.344,61.731,-10.3
63.258,61.854,-10.3
63.248,61.867,-10.3
63.088,62.053,-10.3
63.072,62.07,-10.3
62.97,62.172,-10.3
62.952,62.189,-10.3
62.773,62.342,-10.3
62.749,62.362,-10.3
62.613,62.457,-10.3
62.579,62.478,-10.3
62.41,62.582,-10.3
62.376,62.602,-10.3
62.24,62.665,-10.3
62.206,62.68,-10.3
62.002,62.764,-10.3
61.968,62.777,-10.3
61.822,62.817,-10.3
61.799,62.823,-10.3
61.561,62.88,-10.3
61.538,62.885,-10.3
61.391,62.897,-10.3
61.357,62.9,-10.3
61.12,62.919,-10.3
61.086,62.919,-10.3
60.848,62.901,-10.3
60.814,62.898,-10.3
60.662,62.885,-10.3
60.645,62.881,-10.3
60.407,62.824,-10.3
60.378,62.817,-10.3
60.238,62.779,-10.3
60.204,62.767,-10.3
59.997,62.681,-10.3
59.966,62.668,-10.3
59.83,62.604,-10.3
59.796,62.585,-10.3
59.593,62.461,-10.3
59.568,62.443,-10.3
59.457,62.366,-10.3
59.427,62.342,-10.3
59.253,62.194,-10.3
59.23,62.172,-10.3
59.127,62.069,-10.3
59.118,62.06,-10.3
59.097,62.036,-10.3
58.948,61.861,-10.3
58.927,61.833,-10.3
58.846,61.717,-10.3
58.833,61.697,-10.3
58.708,61.493,-10.3
58.691,61.459,-10.3
58.627,61.324,-10.3
58.613,61.29,-10.3
58.529,61.086,-10.3
58.518,61.052,-10.3
58.482,60.916,-10.3
58.473,60.882,-10.3
58.416,60.645,-10.3
58.413,60.611,-10.3
58.401,60.475,-10.3
58.398,60.441,-10.3
58.38,60.204,-10.3
58.379,60.17,-10.3
58.379,31.222,-10.3
58.378,31.188,-10.3
58.366,31.052,-10.3
58.363,31.018,-10.3
58.353,30.916,-10.3
58.348,30.882,-10.3
58.312,30.747,-10.3
58.303,30.716,-10.3
58.269,30.604,-10.3
58.258,30.577,-10.3
58.201,30.456,-10.3
58.194,30.441,-10.3
58.133,30.327,-10.3
58.119,30.305,-10.3
58.048,30.204,-10.3
58.032,30.181,-10.3
57.964,30.098,-10.3
57.938,30.068,-10.3
57.828,29.958,-10.3
57.797,29.932,-10.3
57.726,29.874,-10.3
57.713,29.864,-10.3
57.59,29.778,-10.3
57.565,29.762,-10.3
57.489,29.722,-10.3
57.455,29.704,-10.3
57.319,29.64,-10.3
57.285,29.628,-10.3
57.183,29.597,-10.3
57.17,29.593,-10.3
57.014,29.551,-10.3
56.98,29.546,-10.3
56.878,29.536,-10.3
56.844,29.533,-10.3
56.708,29.521,-10.3
56.674,29.521,-10.3
27.964,29.521,-10.3
27.93,29.52,-10.3
27.862,29.511,-10.3
27.828,29.506,-10.3
27.794,29.499,-10.3
27.762,29.491,-10.3
27.688,29.457,-10.3
27.658,29.44,-10.3
27.624,29.417,-10.3
27.59,29.388,-10.3
27.553,29.355,-10.3
27.527,29.321,-10.3
27.523,29.314,-10.3
27.505,29.287,-10.3
27.461,29.219,-10.3
27.455,29.208,-10.3
27.428,29.118,-10.3
27.421,29.084,-10.3
27.414,29.05,-10.3
27.414,28.982,-10.3
27.415,28.948,-10.3
27.421,28.917,-10.3
27.421,28.914,-10.3
27.429,28.88,-10.3
27.455,28.792,-10.3
27.463,28.778,-10.3
27.506,28.71,-10.3
27.523,28.686,-10.3
27.529,28.676,-10.3
27.555,28.643,-10.3
27.594,28.609,-10.3
27.624,28.583,-10.3
27.658,28.56,-10.3
27.692,28.541,-10.3
27.767,28.507,-10.3
27.794,28.501,-10.3
27.828,28.494,-10.3
27.862,28.489,-10.3
27.93,28.48,-10.3
27.964,28.479,-10.3
30.369,28.479,-10.3
30.376,28.483,-10.3
30.379,28.491,-10.3
30.362,28.604,-10.3
30.349,28.6,-10.301
30.348,28.587,-10.301
30.359,28.58,-10.302
30.37,28.587,-10.302
30.368,28.601,-10.303
30.355,28.604,-10.303
30.346,28.594,-10.304
30.352,28.582,-10.304
30.352,30.366,-10.305,-10.304
30.371,28.595,-10.305
30.362,28.604,-10.306
30.349,28.6,-10.306
30.348,28.587,-10.307
30.359,28.58,-10.307
30.37,28.588,-10.308
30.368,28.601,-10.308
30.355,28.604,-10.308
30.346,28.593,-10.309
30.353,28.581,-10.309
30.366,28.582,-10.31
30.371,28.595,-10.31
30.361,28.605,-10.311
30.349,28.6,-10.311
30.348,28.586,-10.312
30.36,28.58,-10.312
30.371,28.588,-10.313
30.367,28.601,-10.313
30.354,28.604,-10.314
30.346,28.593,-10.314
30.353,28.581,-10.315
30.367,28.583,-10.315
30.371,28.595,-10.316
30.361,28.605,-10.316
30.348,28.599,-10.317
30.348,28.586,-10.317
30.36,28.58,-10.318
30.371,28.589,-10.318
30.367,28.602,-10.319
30.354,28.604,-10.319
30.346,28.592,-10.32
30.346,28.577,-10.32
30.353,28.561,-10.32
30.369,28.555,-10.32
56.674,28.555,-10.32
56.708,28.555,-10.32
56.776,28.561,-10.32
57.149,28.593,-10.32
57.183,28.601,-10.32
57.217,28.609,-10.32
57.251,28.618,-10.32
57.557,28.7,-10.32
57.59,28.71,-10.32
57.658,28.738,-10.32
57.998,28.896,-10.32
58.028,28.914,-10.32
58.066,28.937,-10.32
58.372,29.152,-10.32
58.405,29.18,-10.32
58.412,29.186,-10.32
58.439,29.21,-10.32
58.686,29.457,-10.32
58.71,29.483,-10.32
58.746,29.525,-10.32
58.77,29.559,-10.32
58.96,29.83,-10.32
58.981,29.864,-10.32
59.002,29.898,-10.32
59.016,29.927,-10.32
59.16,30.238,-10.32
59.175,30.271,-10.32
59.189,30.305,-10.32
59.199,30.339,-10.32
59.287,30.67,-10.32
59.29,30.679,-10.32
59.306,30.747,-10.32
59.309,30.781,-10.32
59.339,31.12,-10.32
59.342,31.154,-10.32
59.344,31.188,-10.32
59.345,31.222,-10.32
59.345,60.17,-10.32
59.346,60.204,-10.32
59.349,60.238,-10.32
59.352,60.271,-10.32
59.381,60.543,-10.32
59.388,60.577,-10.32
59.389,60.583,-10.32
59.397,60.611,-10.32
59.491,60.899,-10.32
59.499,60.916,-10.32
59.516,60.95,-10.32
59.661,61.2,-10.32
59.674,61.222,-10.32
59.7,61.256,-10.32
59.731,61.29,-10.32
59.898,61.476,-10.32
59.916,61.493,-10.32
59.932,61.508,-10.32
59.955,61.527,-10.32
60.189,61.697,-10.32
60.204,61.707,-10.32
60.238,61.728,-10.32
60.244,61.731,-10.32
60.509,61.849,-10.32
60.543,61.862,-10.32
60.554,61.867,-10.32
60.577,61.874,-10.32
60.861,61.934,-10.32
60.882,61.939,-10.32
60.916,61.945,-10.32
60.95,61.946,-10.32
61.256,61.946,-10.32
61.29,61.944,-10.32
61.324,61.937,-10.32
61.339,61.934,-10.32
61.629,61.873,-10.32
61.646,61.867,-10.32
61.663,61.86,-10.32
61.697,61.846,-10.32
61.956,61.731,-10.32
61.968,61.724,-10.32
62.002,61.703,-10.32
62.011,61.697,-10.32
62.245,61.527,-10.32
62.274,61.503,-10.32
62.284,61.493,-10.32
62.308,61.469,-10.32
62.477,61.281,-10.32
62.5,61.256,-10.32
62.526,61.222,-10.32
62.545,61.19,-10.32
62.684,60.95,-10.32
62.701,60.916,-10.32
62.714,60.882,-10.32
62.803,60.611,-10.32
62.812,60.577,-10.32
62.817,60.562,-10.32
62.819,60.543,-10.32
62.848,60.271,-10.32
62.851,60.245,-10.32
62.854,60.204,-10.32
62.855,60.17,-10.32
62.855,31.222,-10.32
62.856,31.188,-10.32
62.858,31.154,-10.32
62.861,31.12,-10.32
62.891,30.781,-10.32
62.894,30.747,-10.32
62.91,30.679,-10.32
62.919,30.645,-10.32
63.001,30.339,-10.32
63.011,30.305,-10.32
63.025,30.271,-10.32
63.04,30.238,-10.32
63.19,29.915,-10.32
63.198,29.898,-10.32
63.224,29.856,-10.32
63.24,29.83,-10.32
63.43,29.559,-10.32
63.454,29.525,-10.32
63.495,29.476,-10.32
63.514,29.457,-10.32
63.767,29.204,-10.32
63.788,29.186,-10.32
63.801,29.175,-10.32
63.828,29.152,-10.32
64.119,28.948,-10.32
64.14,28.934,-10.32
64.174,28.913,-10.32
64.208,28.893,-10.32
64.527,28.744,-10.32
64.548,28.735,-10.32
64.607,28.71,-10.32
64.615,28.708,-10.32
64.955,28.617,-10.32
64.987,28.609,-10.32
65.023,28.6,-10.32
65.057,28.593,-10.32
65.396,28.563,-10.32
65.43,28.56,-10.32
65.498,28.555,-10.32
65.532,28.555,-10.32
92.036,28.555,-10.32
92.07,28.555,-10.32
92.104,28.56,-10.32
92.206,28.581,-10.32
92.24,28.59,-10.32
92.272,28.609,-10.32
92.342,28.655,-10.32
92.372,28.676,-10.32
92.376,28.679,-10.32
92.401,28.71,-10.32
92.447,28.778,-10.32
92.469,28.812,-10.32
92.477,28.825,-10.32
92.484,28.846,-10.32
92.492,28.88,-10.32
92.512,28.982,-10.32
92.512,29.016,-10.32
92.492,29.118,-10.32
92.485,29.152,-10.32
92.477,29.175,-10.32
92.471,29.186,-10.32
92.448,29.219,-10.32
92.403,29.287,-10.32
92.376,29.321,-10.32
92.375,29.321,-10.32
92.342,29.345,-10.32
92.274,29.39,-10.32
92.24,29.41,-10.32
92.206,29.419,-10.32
92.104,29.44,-10.32
92.07,29.445,-10.32
92.036,29.445,-10.32
65.532,29.445,-10.32
65.498,29.445,-10.32
65.464,29.448,-10.32
65.43,29.452,-10.32
65.192,29.475,-10.32
65.158,29.479,-10.32
65.124,29.488,-10.32
65.115,29.491,-10.32
64.853,29.57,-10.32
64.819,29.584,-10.32
64.8,29.593,-10.32
64.785,29.601,-10.32
64.546,29.729,-10.32
64.514,29.75,-10.32
64.497,29.762,-10.32
64.29,29.932,-10.32
64.276,29.944,-10.32
64.254,29.966,-10.32
64.242,29.978,-10.32
64.072,30.185,-10.32
64.057,30.204,-10.32
64.033,30.238,-10.32
64.015,30.271,-10.32
63.903,30.481,-10.32
63.889,30.509,-10.32
63.873,30.543,-10.32
63.791,30.814,-10.32
63.782,30.848,-10.32
63.776,30.882,-10.32
63.753,31.12,-10.32
63.749,31.154,-10.32
63.746,31.188,-10.32
63.745,31.222,-10.32
63.745,60.17,-10.32
63.745,60.204,-10.32
63.74,60.271,-10.32
63.737,60.305,-10.32
63.707,60.645,-10.32
63.7,60.679,-10.32
63.692,60.713,-10.32
63.683,60.747,-10.32
63.592,61.086,-10.32
63.578,61.12,-10.32
63.563,61.156,-10.32
63.549,61.188,-10.32
63.406,61.493,-10.32
63.394,61.515,-10.32
63.366,61.561,-10.32
63.36,61.57,-10.32
63.152,61.867,-10.32
63.124,61.9,-10.32
63.122,61.903,-10.32
63.095,61.934,-10.32
62.851,62.179,-10.32
62.822,62.206,-10.32
62.782,62.24,-10.32
62.749,62.264,-10.32
62.477,62.455,-10.32
62.443,62.476,-10.32
62.41,62.497,-10.32
62.382,62.511,-10.32
62.07,62.657,-10.32
62.036,62.672,-10.32
62.002,62.686,-10.32
61.968,62.697,-10.32
61.629,62.788,-10.32
61.595,62.796,-10.32
61.561,62.804,-10.32
61.527,62.808,-10.32
61.188,62.838,-10.32
61.154,62.841,-10.32
61.12,62.844,-10.32
61.086,62.844,-10.32
61.052,62.841,-10.32
61.018,62.839,-10.32
60.679,62.809,-10.32
60.645,62.805,-10.32
60.577,62.789,-10.32
60.553,62.783,-10.32
60.238,62.698,-10.32
60.204,62.688,-10.32
60.17,62.674,-10.32
60.136,62.66,-10.32
59.818,62.511,-10.32
59.796,62.501,-10.32
59.758,62.477,-10.32
59.729,62.459,-10.32
59.457,62.269,-10.32
59.423,62.244,-10.32
59.378,62.206,-10.32
59.355,62.184,-10.32
59.184,62.013,-10.32
59.105,61.934,-10.32
59.084,61.91,-10.32
59.076,61.9,-10.32
59.05,61.869,-10.32
58.846,61.578,-10.32
58.834,61.561,-10.32
58.812,61.525,-10.32
58.794,61.493,-10.32
58.643,61.169,-10.32
58.636,61.154,-10.32
58.622,61.12,-10.32
58.609,61.088,-10.32
58.517,60.747,-10.32
58.508,60.713,-10.32
58.5,60.679,-10.32
58.493,60.645,-10.32
58.463,60.305,-10.32
58.46,60.271,-10.32
58.455,60.204,-10.32
58.455,60.17,-10.32
58.455,31.222,-10.32
58.454,31.188,-10.32
58.451,31.154,-10.32
58.447,31.12,-10.32
58.424,30.882,-10.32
58.418,30.848,-10.32
58.409,30.814,-10.32
58.327,30.543,-10.32
58.311,30.509,-10.32
58.303,30.492,-10.32
58.185,30.271,-10.32
58.167,30.239,-10.32
58.143,30.204,-10.32
58.133,30.192,-10.32
57.964,29.985,-10.32
57.946,29.966,-10.32
57.93,29.95,-10.32
57.91,29.932,-10.32
57.703,29.762,-10.32
57.692,29.754,-10.32
57.658,29.731,-10.32
57.421,29.604,-10.32
57.4,29.593,-10.32
57.387,29.587,-10.32
57.353,29.572,-10.32
57.085,29.491,-10.32
57.081,29.49,-10.32
57.048,29.481,-10.32
57.014,29.476,-10.32
56.776,29.452,-10.32
56.742,29.449,-10.32
56.708,29.446,-10.32
56.674,29.445,-10.32
27.964,29.445,-10.32
27.93,29.445,-10.32
27.896,29.44,-10.32
27.794,29.419,-10.32
27.76,29.41,-10.32
27.726,29.39,-10.32
27.658,29.345,-10.32
27.625,29.321,-10.32
27.624,29.321,-10.32
27.597,29.287,-10.32
27.552,29.219,-10.32
27.529,29.186,-10.32
27.523,29.175,-10.32
27.515,29.152,-10.32
27.508,29.118,-10.32
27.488,29.016,-10.32
27.488,28.982,-10.32
27.508,28.88,-10.32
27.516,28.846,-10.32
27.523,28.825,-10.32
27.531,28.812,-10.32
27.553,28.778,-10.32
27.599,28.71,-10.32
27.624,28.679,-10.32
27.628,28.676,-10.32
27.658,28.655,-10.32
27.728,28.609,-10.32
27.76,28.59,-10.32
27.794,28.581,-10.32
27.896,28.56,-10.32
27.93,28.555,-10.32
27.964,28.555,-10.32
30.369,28.555,-10.32
30.376,28.558,-10.32
30.379,28.565,-10.32
30.37,28.795,-10.32
30.37,28.803,-10.317
30.369,28.805,-10.31
30.369,28.805,5
59.217,102.341,5
59.217,102.341,-8.991
59.217,102.341,-9.938
59.217,102.341,-10.04
59.216,102.338,-10.047
59.214,102.332,-10.05
59.137,102.114,-10.05
59.137,102.107,-10.05
59.143,102.102,-10.05
59.147,102.1,-10.05
59.563,101.989,-10.05
59.567,101.988,-10.05
60,101.95,-10.05
60.433,101.988,-10.05
60.437,101.989,-10.05
60.853,102.1,-10.05
60.857,102.102,-10.05
61.247,102.283,-10.05
61.25,102.285,-10.05
61.603,102.532,-10.05
61.608,102.535,-10.05
61.913,102.841,-10.05
61.917,102.845,-10.05
62.163,103.197,-10.05
62.166,103.201,-10.05
62.349,103.594,-10.05
62.35,103.597,-10.05
62.462,104.016,-10.05
62.5,104.449,-10.05
62.5,104.453,-10.05
62.462,104.881,-10.05
62.462,104.885,-10.05
62.35,105.301,-10.05
62.349,105.305,-10.05
62.166,105.699,-10.05
62.163,105.702,-10.05
61.915,106.057,-10.05
61.784,106.188,-10.05
61.61,106.362,-10.05
61.605,106.367,-10.05
61.251,106.614,-10.05
61.247,106.616,-10.05
60.856,106.799,-10.05
60.852,106.8,-10.05
60.437,106.911,-10.05
60.433,106.912,-10.05
60,106.95,-10.05
59.567,106.912,-10.05
59.563,106.911,-10.05
59.148,106.8,-10.05
59.144,106.799,-10.05
58.753,106.616,-10.05
58.749,106.614,-10.05
58.395,106.367,-10.05
58.39,106.362,-10.05
58.09,106.062,-10.05
58.085,106.057,-10.05
57.837,105.702,-10.05
57.834,105.699,-10.05
57.651,105.305,-10.05
57.65,105.301,-10.05
57.538,104.885,-10.05
57.538,104.881,-10.05
57.5,104.453,-10.05
57.5,104.449,-10.05
57.523,104.191,-10.05
57.538,104.016,-10.05
57.65,103.597,-10.05
57.651,103.594,-10.05
57.834,103.201,-10.05
57.837,103.197,-10.05
58.083,102.845,-10.05
58.087,102.841,-10.05
58.392,102.535,-10.05
58.397,102.532,-10.05
58.75,102.285,-10.05
58.753,102.283,-10.05
59.143,102.102,-10.05
59.149,102.1,-10.05
59.167,102.095,-10.05
59.191,102.089,-10.05
59.24,102.076,-10.05
59.288,102.063,-10.051
59.336,102.05,-10.051
59.384,102.037,-10.052
59.432,102.024,-10.053
59.481,102.011,-10.054
59.529,101.998,-10.055
59.565,101.988,-10.056
59.571,101.988,-10.056
59.577,101.987,-10.056
59.627,101.983,-10.057
59.677,101.978,-10.058
59.727,101.974,-10.06
59.776,101.97,-10.061
59.826,101.965,-10.063
59.876,101.961,-10.065
59.925,101.957,-10.066
60,101.95,-10.069
60.075,101.957,-10.071
60.373,101.983,-10.082
60.429,101.988,-10.084
60.435,101.988,-10.084
60.471,101.998,-10.085
60.519,102.011,-10.087
60.568,102.024,-10.088
60.616,102.037,-10.09
60.664,102.05,-10.091
60.712,102.063,-10.093
60.76,102.076,-10.094
60.809,102.089,-10.095
60.851,102.1,-10.096
60.857,102.102,-10.096
60.879,102.112,-10.097
60.902,102.123,-10.097
60.947,102.144,-10.098
60.993,102.165,-10.099
61.038,102.186,-10.099
61.083,102.207,-10.1
61.128,102.228,-10.1
61.183,102.254,-10.1
61.25,102.285,-10.1
61.256,102.289,-10.1
61.603,102.533,-10.1
61.608,102.536,-10.1
61.913,102.841,-10.1
61.916,102.845,-10.1
62.163,103.197,-10.1
62.165,103.201,-10.1
62.349,103.594,-10.1
62.35,103.598,-10.1
62.462,104.016,-10.1
62.463,104.033,-10.1
62.5,104.449,-10.1
62.5,104.453,-10.1
62.462,104.881,-10.1
62.461,104.885,-10.1
62.35,105.301,-10.1
62.349,105.305,-10.1
62.165,105.699,-10.1
62.163,105.702,-10.1
61.915,106.057,-10.1
61.61,106.362,-10.1
61.605,106.366,-10.1
61.251,106.614,-10.1
61.247,106.616,-10.1
60.856,106.799,-10.1
60.852,106.8,-10.1
60.437,106.911,-10.1
60.433,106.912,-10.1
60,106.95,-10.1
59.567,106.912,-10.1
59.563,106.911,-10.1
59.148,106.8,-10.1
59.144,106.799,-10.1
58.753,106.616,-10.1
58.749,106.614,-10.1
58.395,106.366,-10.1
58.39,106.362,-10.1
58.085,106.057,-10.1
57.837,105.702,-10.1
57.835,105.699,-10.1
57.651,105.305,-10.1
57.65,105.301,-10.1
57.539,104.885,-10.1
57.538,104.881,-10.1
57.5,104.453,-10.1
57.5,104.449,-10.1
57.523,104.194,-10.1
57.538,104.02,-10.1
57.538,104.016,-10.1
57.65,103.598,-10.1
57.651,103.594,-10.1
57.835,103.201,-10.1
57.837,103.197,-10.1
58.084,102.845,-10.1
58.087,102.841,-10.1
58.392,102.536,-10.1
58.397,102.533,-10.1
58.747,102.287,-10.1
58.75,102.285,-10.1
59.143,102.102,-10.1
59.147,102.1,-10.1
59.563,101.989,-10.1
59.567,101.988,-10.1
60,101.95,-10.1
60.433,101.988,-10.1
60.437,101.989,-10.1
60.853,102.1,-10.1
60.857,102.102,-10.1
61.183,102.254,-10.1
61.239,102.28,-10.1
61.245,102.283,-10.1
61.25,102.285,-10.1
61.271,102.3,-10.1
61.312,102.328,-10.101
61.353,102.357,-10.101
61.393,102.386,-10.102
61.434,102.414,-10.103
61.475,102.443,-10.104
61.516,102.471,-10.105
61.557,102.5,-10.106
61.603,102.532,-10.107
61.608,102.536,-10.107
61.634,102.563,-10.108
61.67,102.598,-10.11
61.705,102.633,-10.111
61.74,102.668,-10.113
61.776,102.704,-10.115
61.811,102.739,-10.116
61.846,102.774,-10.118
61.912,102.84,-10.121
61.916,102.845,-10.121
61.924,102.855,-10.122
62.117,103.131,-10.134
62.163,103.198,-10.136
62.166,103.203,-10.136
62.172,103.215,-10.137
62.193,103.26,-10.138
62.214,103.305,-10.14
62.235,103.35,-10.141
62.256,103.396,-10.143
62.277,103.441,-10.144
62.298,103.486,-10.145
62.319,103.531,-10.146
62.346,103.588,-10.147
62.348,103.593,-10.147
62.35,103.599,-10.148
62.357,103.623,-10.148
62.37,103.672,-10.149
62.383,103.72,-10.149
62.395,103.768,-10.15
62.408,103.816,-10.15
62.424,103.874,-10.15
62.462,104.016,-10.15
62.463,104.033,-10.15
62.5,104.449,-10.15
62.5,104.453,-10.15
62.462,104.881,-10.15
62.461,104.885,-10.15
62.35,105.301,-10.15
62.349,105.305,-10.15
62.165,105.699,-10.15
62.163,105.702,-10.15
61.915,106.057,-10.15
61.61,106.362,-10.15
61.605,106.366,-10.15
61.251,106.614,-10.15
61.247,106.616,-10.15
60.856,106.799,-10.15
60.852,106.8,-10.15
60.437,106.911,-10.15
60.433,106.912,-10.15
60,106.95,-10.15
59.567,106.912,-10.15
59.563,106.911,-10.15
59.148,106.8,-10.15
59.144,106.799,-10.15
58.753,106.616,-10.15
58.749,106.614,-10.15
58.395,106.366,-10.15
58.39,106.362,-10.15
58.085,106.057,-10.15
57.837,105.702,-10.15
57.835,105.699,-10.15
57.651,105.305,-10.15
57.65,105.301,-10.15
57.539,104.885,-10.15
57.538,104.881,-10.15
57.5,104.453,-10.15
57.5,104.449,-10.15
57.523,104.194,-10.15
57.538,104.02,-10.15
57.538,104.016,-10.15
57.65,103.598,-10.15
57.651,103.594,-10.15
57.835,103.201,-10.15
57.837,103.197,-10.15
58.084,102.845,-10.15
58.087,102.841,-10.15
58.392,102.536,-10.15
58.397,102.533,-10.15
58.747,102.287,-10.15
58.75,102.285,-10.15
59.143,102.102,-10.15
59.147,102.1,-10.15
59.563,101.989,-10.15
59.567,101.988,-10.15
60,101.95,-10.15
60.433,101.988,-10.15
60.437,101.989,-10.15
60.853,102.1,-10.15
60.857,102.102,-10.15
61.183,102.254,-10.15
61.25,102.285,-10.15
61.256,102.289,-10.15
61.603,102.533,-10.15
61.608,102.536,-10.15
61.913,102.841,-10.15
61.916,102.845,-10.15
62.163,103.197,-10.15
62.165,103.201,-10.15
62.349,103.594,-10.15
62.35,103.598,-10.15
62.424,103.874,-10.15
62.437,103.922,-10.15
62.45,103.971,-10.15
62.461,104.013,-10.151
62.462,104.019,-10.151
62.463,104.031,-10.151
62.466,104.069,-10.151
62.471,104.118,-10.152
62.475,104.168,-10.153
62.479,104.218,-10.154
62.484,104.268,-10.155
62.488,104.317,-10.156
62.493,104.367,-10.157
62.497,104.417,-10.158
62.5,104.448,-10.159
62.499,104.454,-10.16
62.498,104.466,-10.16
62.494,104.516,-10.161
62.49,104.566,-10.163
62.485,104.616,-10.165
62.481,104.665,-10.166
62.477,104.715,-10.168
62.462,104.883,-10.174
62.461,104.889,-10.174
62.389,105.154,-10.184
62.377,105.202,-10.185
62.364,105.251,-10.187
62.349,105.305,-10.189
62.346,105.31,-10.189
62.331,105.344,-10.19
62.31,105.39,-10.191
62.288,105.435,-10.193
62.267,105.48,-10.194
62.246,105.525,-10.195
62.225,105.571,-10.196
62.204,105.616,-10.197
62.183,105.661,-10.198
62.167,105.695,-10.198
62.164,105.701,-10.199
62.161,105.706,-10.199
62.132,105.747,-10.199
62.104,105.787,-10.2
62.075,105.828,-10.2
62.041,105.877,-10.2
61.915,106.057,-10.2
61.61,106.362,-10.2
61.605,106.366,-10.2
61.251,106.614,-10.2
61.247,106.616,-10.2
60.856,106.799,-10.2
60.852,106.8,-10.2
60.437,106.911,-10.2
60.433,106.912,-10.2
60,106.95,-10.2
59.567,106.912,-10.2
59.563,106.911,-10.2
59.148,106.8,-10.2
59.144,106.799,-10.2
58.753,106.616,-10.2
58.749,106.614,-10.2
58.395,106.366,-10.2
58.39,106.362,-10.2
58.085,106.057,-10.2
57.837,105.702,-10.2
57.835,105.699,-10.2
57.651,105.305,-10.2
57.65,105.301,-10.2
57.539,104.885,-10.2
57.538,104.881,-10.2
57.5,104.453,-10.2
57.5,104.449,-10.2
57.523,104.194,-10.2
57.538,104.02,-10.2
57.538,104.016,-10.2
57.65,103.598,-10.2
57.651,103.594,-10.2
57.835,103.201,-10.2
57.837,103.197,-10.2
58.084,102.845,-10.2
58.087,102.841,-10.2
58.392,102.536,-10.2
58.397,102.533,-10.2
58.747,102.287,-10.2
58.75,102.285,-10.2
59.143,102.102,-10.2
59.147,102.1,-10.2
59.563,101.989,-10.2
59.567,101.988,-10.2
60,101.95,-10.2
60.433,101.988,-10.2
60.437,101.989,-10.2
60.853,102.1,-10.2
60.857,102.102,-10.2
61.25,102.285,-10.2
61.256,102.289,-10.2
61.603,102.533,-10.2
61.608,102.536,-10.2
61.913,102.841,-10.2
61.916,102.845,-10.2
62.163,103.197,-10.2
62.165,103.201,-10.2
62.349,103.594,-10.2
62.35,103.598,-10.2
62.424,103.874,-10.2
62.462,104.016,-10.2
62.463,104.033,-10.2
62.5,104.449,-10.2
62.5,104.453,-10.2
62.462,104.881,-10.2
62.461,104.885,-10.2
62.35,105.301,-10.2
62.349,105.305,-10.2
62.165,105.699,-10.2
62.163,105.702,-10.2
62.041,105.877,-10.2
62.012,105.918,-10.2
61.983,105.959,-10.2
61.955,106,-10.201
61.919,106.051,-10.201
61.915,106.056,-10.202
61.911,106.061,-10.202
61.893,106.078,-10.202
61.858,106.114,-10.203
61.823,106.149,-10.204
61.788,106.184,-10.205
61.752,106.22,-10.206
61.717,106.255,-10.207
61.682,106.29,-10.208
61.646,106.325,-10.21
61.611,106.361,-10.211
61.607,106.365,-10.212
61.571,106.39,-10.213
61.53,106.419,-10.215
61.489,106.447,-10.216
61.448,106.476,-10.218
61.254,106.612,-10.226
61.249,106.615,-10.226
61.153,106.66,-10.23
61.107,106.681,-10.232
61.062,106.702,-10.234
61.017,106.724,-10.235
60.972,106.745,-10.237
60.926,106.766,-10.238
60.859,106.797,-10.241
60.853,106.8,-10.241
60.835,106.804,-10.241
60.786,106.817,-10.243
60.738,106.83,-10.244
60.69,106.843,-10.245
60.642,106.856,-10.246
60.594,106.869,-10.247
60.545,106.882,-10.248
60.497,106.895,-10.249
60.437,106.911,-10.249
60.431,106.912,-10.249
60.4,106.915,-10.25
60.35,106.919,-10.25
60.29,106.924,-10.25
60,106.95,-10.25
59.567,106.912,-10.25
59.563,106.911,-10.25
59.148,106.8,-10.25
59.144,106.799,-10.25
58.753,106.616,-10.25
58.749,106.614,-10.25
58.395,106.366,-10.25
58.39,106.362,-10.25
58.085,106.057,-10.25
57.837,105.702,-10.25
57.835,105.699,-10.25
57.651,105.305,-10.25
57.65,105.301,-10.25
57.539,104.885,-10.25
57.538,104.881,-10.25
57.5,104.453,-10.25
57.5,104.449,-10.25
57.523,104.194,-10.25
57.538,104.02,-10.25
57.538,104.016,-10.25
57.65,103.598,-10.25
57.651,103.594,-10.25
57.835,103.201,-10.25
57.837,103.197,-10.25
58.084,102.845,-10.25
58.087,102.841,-10.25
58.392,102.536,-10.25
58.397,102.533,-10.25
58.747,102.287,-10.25
58.75,102.285,-10.25
59.143,102.102,-10.25
59.147,102.1,-10.25
59.563,101.989,-10.25
59.567,101.988,-10.25
60,101.95,-10.25
60.433,101.988,-10.25
60.437,101.989,-10.25
60.853,102.1,-10.25
60.857,102.102,-10.25
61.25,102.285,-10.25
61.256,102.289,-10.25
61.603,102.533,-10.25
61.608,102.536,-10.25
61.913,102.841,-10.25
61.916,102.845,-10.25
62.163,103.197,-10.25
62.165,103.201,-10.25
62.349,103.594,-10.25
62.35,103.598,-10.25
62.462,104.016,-10.25
62.463,104.033,-10.25
62.5,104.449,-10.25
62.5,104.453,-10.25
62.462,104.881,-10.25
62.461,104.885,-10.25
62.35,105.301,-10.25
62.349,105.305,-10.25
62.165,105.699,-10.25
62.163,105.702,-10.25
61.915,106.057,-10.25
61.61,106.362,-10.25
61.605,106.366,-10.25
61.251,106.614,-10.25
61.247,106.616,-10.25
60.856,106.799,-10.25
60.852,106.8,-10.25
60.437,106.911,-10.25
60.433,106.912,-10.25
60.29,106.924,-10.25
60.241,106.929,-10.25
60.191,106.933,-10.25
60.141,106.937,-10.251
60.091,106.942,-10.251
60.042,106.946,-10.252
60.004,106.949,-10.253
59.998,106.95,-10.253
59.992,106.949,-10.253
59.942,106.945,-10.254
59.893,106.94,-10.255
59.843,106.936,-10.256
59.793,106.932,-10.257
59.743,106.927,-10.258
59.694,106.923,-10.26
59.644,106.919,-10.261
59.569,106.912,-10.264
59.563,106.911,-10.264
59.545,106.906,-10.265
59.497,106.893,-10.266
59.449,106.88,-10.268
59.208,106.816,-10.277
59.147,106.8,-10.279
59.142,106.797,-10.279
59.023,106.742,-10.284
58.978,106.721,-10.285
58.932,106.7,-10.287
58.887,106.679,-10.288
58.842,106.658,-10.29
58.774,106.626,-10.292
58.757,106.618,-10.293
58.751,106.615,-10.293
58.746,106.612,-10.293
58.71,106.587,-10.294
58.669,106.558,-10.295
58.629,106.53,-10.296
58.588,106.501,-10.297
58.547,106.473,-10.298
58.506,106.444,-10.299
58.465,106.415,-10.299
58.424,106.387,-10.3
58.394,106.365,-10.3
58.389,106.361,-10.3
58.385,106.356,-10.3
58.342,106.314,-10.3
58.085,106.057,-10.3
57.837,105.702,-10.3
57.835,105.699,-10.3
57.651,105.305,-10.3
57.65,105.301,-10.3
57.539,104.885,-10.3
57.538,104.881,-10.3
57.5,104.453,-10.3
57.5,104.449,-10.3
57.523,104.194,-10.3
57.538,104.02,-10.3
57.538,104.016,-10.3
57.65,103.598,-10.3
57.651,103.594,-10.3
57.835,103.201,-10.3
57.837,103.197,-10.3
58.084,102.845,-10.3
58.087,102.841,-10.3
58.392,102.536,-10.3
58.397,102.533,-10.3
58.747,102.287,-10.3
58.75,102.285,-10.3
59.143,102.102,-10.3
59.147,102.1,-10.3
59.563,101.989,-10.3
59.567,101.988,-10.3
60,101.95,-10.3
60.433,101.988,-10.3
60.437,101.989,-10.3
60.853,102.1,-10.3
60.857,102.102,-10.3
61.25,102.285,-10.3
61.256,102.289,-10.3
61.603,102.533,-10.3
61.608,102.536,-10.3
61.913,102.841,-10.3
61.916,102.845,-10.3
62.163,103.197,-10.3
62.165,103.201,-10.3
62.349,103.594,-10.3
62.35,103.598,-10.3
62.462,104.016,-10.3
62.463,104.033,-10.3
62.5,104.449,-10.3
62.5,104.453,-10.3
62.462,104.881,-10.3
62.461,104.885,-10.3
62.35,105.301,-10.3
62.349,105.305,-10.3
62.165,105.699,-10.3
62.163,105.702,-10.3
61.915,106.057,-10.3
61.61,106.362,-10.3
61.605,106.366,-10.3
61.251,106.614,-10.3
61.247,106.616,-10.3
60.856,106.799,-10.3
60.852,106.8,-10.3
60.437,106.911,-10.3
60.433,106.912,-10.3
60,106.95,-10.3
59.567,106.912,-10.3
59.563,106.911,-10.3
59.148,106.8,-10.3
59.144,106.799,-10.3
58.753,106.616,-10.3
58.749,106.614,-10.3
58.395,106.366,-10.3
58.39,106.362,-10.3
58.342,106.314,-10.3
58.308,106.28,-10.3
58.274,106.246,-10.301
58.24,106.212,-10.301
58.206,106.177,-10.302
58.171,106.143,-10.303
58.137,106.109,-10.304
58.09,106.062,-10.306
58.086,106.058,-10.306
58.082,106.053,-10.306
58.072,106.038,-10.306
58.044,105.999,-10.308
57.933,105.84,-10.314
57.906,105.801,-10.315
57.878,105.761,-10.316
57.843,105.712,-10.317
57.836,105.702,-10.318
57.834,105.697,-10.318
57.826,105.68,-10.318
57.805,105.636,-10.319
57.785,105.593,-10.319
57.765,105.549,-10.32
57.744,105.505,-10.32
57.651,105.305,-10.32
57.65,105.301,-10.32
57.539,104.885,-10.32
57.538,104.881,-10.32
57.5,104.453,-10.32
57.5,104.449,-10.32
57.523,104.194,-10.32
57.538,104.02,-10.32
57.538,104.016,-10.32
57.65,103.598,-10.32
57.651,103.594,-10.32
57.835,103.201,-10.32
57.837,103.197,-10.32
58.084,102.845,-10.32
58.087,102.841,-10.32
58.392,102.536,-10.32
58.397,102.533,-10.32
58.747,102.287,-10.32
58.75,102.285,-10.32
59.143,102.102,-10.32
59.147,102.1,-10.32
59.563,101.989,-10.32
59.567,101.988,-10.32
60,101.95,-10.32
60.433,101.988,-10.32
60.437,101.989,-10.32
60.853,102.1,-10.32
60.857,102.102,-10.32
61.25,102.285,-10.32
61.256,102.289,-10.32
61.603,102.533,-10.32
61.608,102.536,-10.32
61.913,102.841,-10.32
61.916,102.845,-10.32
62.163,103.197,-10.32
62.165,103.201,-10.32
62.349,103.594,-10.32
62.35,103.598,-10.32
62.462,104.016,-10.32
62.463,104.033,-10.32
62.5,104.449,-10.32
62.5,104.453,-10.32
62.462,104.881,-10.32
62.461,104.885,-10.32
62.35,105.301,-10.32
62.349,105.305,-10.32
62.165,105.699,-10.32
62.163,105.702,-10.32
61.915,106.057,-10.32
61.61,106.362,-10.32
61.605,106.366,-10.32
61.251,106.614,-10.32
61.247,106.616,-10.32
60.856,106.799,-10.32
60.852,106.8,-10.32
60.437,106.911,-10.32
60.433,106.912,-10.32
60,106.95,-10.32
59.567,106.912,-10.32
59.563,106.911,-10.32
59.148,106.8,-10.32
59.144,106.799,-10.32
58.753,106.616,-10.32
58.749,106.614,-10.32
58.395,106.366,-10.32
58.39,106.362,-10.32
58.085,106.057,-10.32
57.837,105.702,-10.32
57.835,105.699,-10.32
57.744,105.505,-10.32
57.723,105.46,-10.32
57.702,105.414,-10.32
57.681,105.369,-10.321
57.655,105.313,-10.321
57.652,105.307,-10.322
57.65,105.301,-10.322
57.643,105.277,-10.322
57.631,105.229,-10.323
57.618,105.181,-10.324
57.605,105.132,-10.325
57.592,105.084,-10.326
57.579,105.036,-10.327
57.566,104.988,-10.328
57.553,104.94,-10.33
57.538,104.885,-10.332
57.538,104.879,-10.332
57.534,104.842,-10.333
57.53,104.792,-10.335
57.526,104.742,-10.336
57.521,104.693,-10.338
57.5,104.45,-10.346
57.501,104.444,-10.347
57.514,104.295,-10.352
57.518,104.245,-10.354
57.522,104.195,-10.355
57.527,104.146,-10.357
57.531,104.096,-10.358
57.538,104.021,-10.361
57.538,104.015,-10.361
57.543,103.997,-10.361
57.556,103.949,-10.363
57.569,103.901,-10.364
57.582,103.852,-10.365
57.595,103.804,-10.366
57.608,103.756,-10.367
57.621,103.708,-10.368
57.634,103.66,-10.369
57.65,103.599,-10.369
57.652,103.593,-10.369
57.665,103.565,-10.37
57.686,103.52,-10.37
57.711,103.466,-10.37
57.835,103.201,-10.37
57.837,103.197,-10.37
58.084,102.845,-10.37
58.087,102.841,-10.37
58.392,102.536,-10.37
58.397,102.533,-10.37
58.747,102.287,-10.37
58.75,102.285,-10.37
59.143,102.102,-10.37
59.147,102.1,-10.37
59.563,101.989,-10.37
59.567,101.988,-10.37
60,101.95,-10.37
60.433,101.988,-10.37
60.437,101.989,-10.37
60.853,102.1,-10.37
60.857,102.102,-10.37
61.25,102.285,-10.37
61.256,102.289,-10.37
61.603,102.533,-10.37
61.608,102.536,-10.37
61.913,102.841,-10.37
61.916,102.845,-10.37
62.163,103.197,-10.37
62.165,103.201,-10.37
62.349,103.594,-10.37
62.35,103.598,-10.37
62.462,104.016,-10.37
62.463,104.033,-10.37
62.5,104.449,-10.37
62.5,104.453,-10.37
62.462,104.881,-10.37
62.461,104.885,-10.37
62.35,105.301,-10.37
62.349,105.305,-10.37
62.165,105.699,-10.37
62.163,105.702,-10.37
61.915,106.057,-10.37
61.61,106.362,-10.37
61.605,106.366,-10.37
61.251,106.614,-10.37
61.247,106.616,-10.37
60.856,106.799,-10.37
60.852,106.8,-10.37
60.437,106.911,-10.37
60.433,106.912,-10.37
60,106.95,-10.37
59.567,106.912,-10.37
59.563,106.911,-10.37
59.148,106.8,-10.37
59.144,106.799,-10.37
58.753,106.616,-10.37
58.749,106.614,-10.37
58.395,106.366,-10.37
58.39,106.362,-10.37
58.085,106.057,-10.37
57.837,105.702,-10.37
57.835,105.699,-10.37
57.651,105.305,-10.37
57.65,105.301,-10.37
57.539,104.885,-10.37
57.538,104.881,-10.37
57.5,104.453,-10.37
57.5,104.449,-10.37
57.523,104.194,-10.37
57.538,104.02,-10.37
57.538,104.016,-10.37
57.65,103.598,-10.37
57.651,103.594,-10.37
57.711,103.466,-10.37
57.732,103.42,-10.37
57.753,103.375,-10.37
57.775,103.33,-10.371
57.796,103.285,-10.371
57.817,103.239,-10.372
57.833,103.206,-10.373
57.835,103.2,-10.373
57.839,103.195,-10.373
57.867,103.154,-10.374
57.896,103.113,-10.375
57.925,103.072,-10.376
57.953,103.031,-10.377
57.982,102.99,-10.378
58.011,102.949,-10.38
58.039,102.909,-10.381
58.082,102.847,-10.384
58.086,102.842,-10.384
58.099,102.829,-10.385
58.134,102.794,-10.386
58.17,102.758,-10.388
58.346,102.582,-10.397
58.39,102.538,-10.399
58.395,102.534,-10.399
58.502,102.459,-10.404
58.543,102.43,-10.405
58.584,102.401,-10.407
58.625,102.373,-10.408
58.666,102.344,-10.41
58.727,102.301,-10.412
58.748,102.287,-10.413
58.753,102.284,-10.413
58.793,102.265,-10.414
58.838,102.244,-10.415
58.883,102.223,-10.416
58.928,102.202,-10.417
58.974,102.181,-10.418
59.019,102.16,-10.419
59.064,102.139,-10.419
59.109,102.118,-10.42
59.143,102.102,-10.42
59.149,102.1,-10.42
59.155,102.098,-10.42
59.213,102.083,-10.42
59.563,101.989,-10.42
59.567,101.988,-10.42
60,101.95,-10.42
60.433,101.988,-10.42
60.437,101.989,-10.42
60.853,102.1,-10.42
60.857,102.102,-10.42
61.25,102.285,-10.42
61.256,102.289,-10.42
61.603,102.533,-10.42
61.608,102.536,-10.42
61.913,102.841,-10.42
61.916,102.845,-10.42
62.163,103.197,-10.42
62.165,103.201,-10.42
62.349,103.594,-10.42
62.35,103.598,-10.42
62.462,104.016,-10.42
62.463,104.033,-10.42
62.5,104.449,-10.42
62.5,104.453,-10.42
62.462,104.881,-10.42
62.461,104.885,-10.42
62.35,105.301,-10.42
62.349,105.305,-10.42
62.165,105.699,-10.42
62.163,105.702,-10.42
61.915,106.057,-10.42
61.61,106.362,-10.42
61.605,106.366,-10.42
61.251,106.614,-10.42
61.247,106.616,-10.42
60.856,106.799,-10.42
60.852,106.8,-10.42
60.437,106.911,-10.42
60.433,106.912,-10.42
60,106.95,-10.42
59.567,106.912,-10.42
59.563,106.911,-10.42
59.148,106.8,-10.42
59.144,106.799,-10.42
58.753,106.616,-10.42
58.749,106.614,-10.42
58.395,106.366,-10.42
58.39,106.362,-10.42
58.085,106.057,-10.42
57.837,105.702,-10.42
57.835,105.699,-10.42
57.651,105.305,-10.42
57.65,105.301,-10.42
57.539,104.885,-10.42
57.538,104.881,-10.42
57.5,104.453,-10.42
57.5,104.449,-10.42
57.523,104.194,-10.42
57.538,104.02,-10.42
57.538,104.016,-10.42
57.65,103.598,-10.42
57.651,103.594,-10.42
57.835,103.201,-10.42
57.837,103.197,-10.42
58.084,102.845,-10.42
58.087,102.841,-10.42
58.392,102.536,-10.42
58.397,102.533,-10.42
58.747,102.287,-10.42
58.75,102.285,-10.42
59.143,102.102,-10.42
59.147,102.1,-10.42
59.213,102.083,-10.42
59.221,102.084,-10.42
59.225,102.09,-10.42
59.227,102.097,-10.417
59.228,102.099,-10.41
59.228,102.099,5
60.032,17.801,5
60.032,17.801,-8.99
60.032,17.801,-9.938
60.032,17.801,-10.04
60.032,17.804,-10.047
60.031,17.811,-10.05
60.011,18.041,-10.05
60.007,18.048,-10.05
60,18.05,-10.05
59.567,18.012,-10.05
59.563,18.011,-10.05
59.147,17.9,-10.05
59.143,17.898,-10.05
58.753,17.717,-10.05
58.75,17.715,-10.05
58.397,17.468,-10.05
58.392,17.465,-10.05
58.087,17.159,-10.05
58.083,17.155,-10.05
57.837,16.803,-10.05
57.834,16.799,-10.05
57.651,16.406,-10.05
57.65,16.403,-10.05
57.538,15.984,-10.05
57.5,15.551,-10.05
57.5,15.547,-10.05
57.523,15.291,-10.05
57.538,15.119,-10.05
57.538,15.115,-10.05
57.65,14.699,-10.05
57.651,14.695,-10.05
57.834,14.301,-10.05
57.837,14.298,-10.05
58.085,13.943,-10.05
58.216,13.812,-10.05
58.39,13.638,-10.05
58.395,13.633,-10.05
58.749,13.386,-10.05
58.753,13.384,-10.05
59.144,13.201,-10.05
59.148,13.2,-10.05
59.563,13.089,-10.05
59.567,13.088,-10.05
60,13.05,-10.05
60.433,13.088,-10.05
60.437,13.089,-10.05
60.852,13.2,-10.05
60.856,13.201,-10.05
61.247,13.384,-10.05
61.251,13.386,-10.05
61.605,13.633,-10.05
61.61,13.638,-10.05
61.91,13.938,-10.05
61.915,13.943,-10.05
62.163,14.298,-10.05
62.166,14.301,-10.05
62.349,14.695,-10.05
62.35,14.699,-10.05
62.462,15.115,-10.05
62.462,15.119,-10.05
62.5,15.547,-10.05
62.5,15.551,-10.05
62.462,15.984,-10.05
62.35,16.403,-10.05
62.349,16.406,-10.05
62.166,16.799,-10.05
62.163,16.803,-10.05
61.917,17.155,-10.05
61.913,17.159,-10.05
61.608,17.465,-10.05
61.603,17.468,-10.05
61.25,17.715,-10.05
61.247,17.717,-10.05
60.857,17.898,-10.05
60.853,17.9,-10.05
60.437,18.011,-10.05
60.433,18.012,-10.05
60,18.05,-10.05
59.95,18.045,-10.05
59.901,18.041,-10.05
59.851,18.037,-10.051
59.801,18.032,-10.051
59.751,18.028,-10.052
59.702,18.024,-10.053
59.652,18.019,-10.054
59.602,18.015,-10.055
59.571,18.012,-10.055
59.571,59.565,-10.056,-10.055
59.553,18.008,-10.056
59.505,17.995,-10.057
59.456,17.983,-10.058
59.408,17.97,-10.06
59.36,17.957,-10.061
59.312,17.944,-10.063
59.264,17.931,-10.065
59.215,17.918,-10.066
59.149,17.9,-10.069
59.143,17.898,-10.069
58.753,17.716,-10.084
58.748,17.713,-10.084
58.717,17.692,-10.085
58.676,17.663,-10.087
58.635,17.634,-10.088
58.594,17.606,-10.09
58.553,17.577,-10.091
58.513,17.549,-10.093
58.472,17.52,-10.094
58.431,17.491,-10.095
58.395,17.466,-10.096
58.39,17.462,-10.096
58.355,17.427,-10.097
58.32,17.392,-10.098
58.284,17.356,-10.099
58.249,17.321,-10.099
58.214,17.286,-10.1
58.179,17.25,-10.1
58.136,17.208,-10.1
58.087,17.159,-10.1
58.084,17.155,-10.1
57.837,16.803,-10.1
57.835,16.799,-10.1
57.651,16.406,-10.1
57.65,16.402,-10.1
57.538,15.984,-10.1
57.537,15.967,-10.1
57.5,15.551,-10.1
57.5,15.547,-10.1
57.523,15.294,-10.1
57.538,15.119,-10.1
57.539,15.115,-10.1
57.65,14.699,-10.1
57.651,14.695,-10.1
57.835,14.301,-10.1
57.837,14.298,-10.1
58.085,13.943,-10.1
58.39,13.638,-10.1
58.395,13.634,-10.1
58.749,13.386,-10.1
58.753,13.384,-10.1
59.144,13.201,-10.1
59.148,13.2,-10.1
59.563,13.089,-10.1
59.567,13.088,-10.1
60,13.05,-10.1
60.433,13.088,-10.1
60.437,13.089,-10.1
60.852,13.2,-10.1
60.856,13.201,-10.1
61.247,13.384,-10.1
61.251,13.386,-10.1
61.605,13.634,-10.1
61.61,13.638,-10.1
61.915,13.943,-10.1
62.163,14.298,-10.1
62.165,14.301,-10.1
62.349,14.695,-10.1
62.35,14.699,-10.1
62.461,15.115,-10.1
62.462,15.119,-10.1
62.5,15.547,-10.1
62.5,15.551,-10.1
62.462,15.98,-10.1
62.462,15.984,-10.1
62.35,16.402,-10.1
62.349,16.406,-10.1
62.165,16.799,-10.1
62.163,16.803,-10.1
61.916,17.155,-10.1
61.913,17.159,-10.1
61.608,17.464,-10.1
61.603,17.467,-10.1
61.253,17.713,-10.1
61.25,17.715,-10.1
60.857,17.898,-10.1
60.853,17.9,-10.1
60.437,18.011,-10.1
60.433,18.012,-10.1
60,18.05,-10.1
59.567,18.012,-10.1
59.563,18.011,-10.1
59.147,17.9,-10.1
59.143,17.898,-10.1
58.75,17.715,-10.1
58.744,17.711,-10.1
58.397,17.467,-10.1
58.392,17.464,-10.1
58.136,17.208,-10.1
58.092,17.164,-10.1
58.088,17.159,-10.1
58.084,17.155,-10.1
58.069,17.134,-10.1
58.041,17.093,-10.101
58.012,17.053,-10.101
57.983,17.012,-10.102
57.955,16.971,-10.103
57.926,16.93,-10.104
57.898,16.889,-10.105
57.869,16.848,-10.106
57.837,16.802,-10.107
57.834,16.797,-10.107
57.818,16.763,-10.108
57.797,16.718,-10.11
57.776,16.672,-10.111
57.755,16.627,-10.113
57.733,16.582,-10.115
57.712,16.537,-10.116
57.691,16.491,-10.118
57.652,16.407,-10.121
57.65,16.401,-10.121
57.572,16.111,-10.132
57.559,16.063,-10.134
57.538,15.985,-10.136
57.538,15.979,-10.136
57.537,15.966,-10.137
57.532,15.916,-10.138
57.528,15.867,-10.14
57.524,15.817,-10.141
57.519,15.767,-10.143
57.515,15.718,-10.144
57.51,15.668,-10.145
57.506,15.618,-10.146
57.501,15.556,-10.147
57.5,15.55,-10.147
57.503,15.519,-10.148
57.507,15.469,-10.149
57.512,15.419,-10.149
57.516,15.369,-10.15
57.52,15.32,-10.15
57.526,15.26,-10.15
57.538,15.119,-10.15
57.539,15.115,-10.15
57.65,14.699,-10.15
57.651,14.695,-10.15
57.835,14.301,-10.15
57.837,14.298,-10.15
58.085,13.943,-10.15
58.39,13.638,-10.15
58.395,13.634,-10.15
58.749,13.386,-10.15
58.753,13.384,-10.15
59.144,13.201,-10.15
59.148,13.2,-10.15
59.563,13.089,-10.15
59.567,13.088,-10.15
60,13.05,-10.15
60.433,13.088,-10.15
60.437,13.089,-10.15
60.852,13.2,-10.15
60.856,13.201,-10.15
61.247,13.384,-10.15
61.251,13.386,-10.15
61.605,13.634,-10.15
61.61,13.638,-10.15
61.915,13.943,-10.15
62.163,14.298,-10.15
62.165,14.301,-10.15
62.349,14.695,-10.15
62.35,14.699,-10.15
62.461,15.115,-10.15
62.462,15.119,-10.15
62.5,15.547,-10.15
62.5,15.551,-10.15
62.462,15.98,-10.15
62.462,15.984,-10.15
62.35,16.402,-10.15
62.349,16.406,-10.15
62.165,16.799,-10.15
62.163,16.803,-10.15
61.916,17.155,-10.15
61.913,17.159,-10.15
61.608,17.464,-10.15
61.603,17.467,-10.15
61.253,17.713,-10.15
61.25,17.715,-10.15
60.857,17.898,-10.15
60.853,17.9,-10.15
60.437,18.011,-10.15
60.433,18.012,-10.15
60,18.05,-10.15
59.567,18.012,-10.15
59.563,18.011,-10.15
59.147,17.9,-10.15
59.143,17.898,-10.15
58.75,17.715,-10.15
58.744,17.711,-10.15
58.397,17.467,-10.15
58.392,17.464,-10.15
58.136,17.208,-10.15
58.087,17.159,-10.15
58.084,17.155,-10.15
57.837,16.803,-10.15
57.835,16.799,-10.15
57.651,16.406,-10.15
57.65,16.402,-10.15
57.538,15.984,-10.15
57.537,15.967,-10.15
57.5,15.551,-10.15
57.5,15.547,-10.15
57.523,15.294,-10.15
57.526,15.26,-10.15
57.53,15.21,-10.15
57.534,15.161,-10.15
57.538,15.117,-10.151
57.539,15.111,-10.151
57.552,15.063,-10.151
57.565,15.015,-10.152
57.578,14.966,-10.153
57.591,14.918,-10.154
57.604,14.87,-10.155
57.617,14.822,-10.156
57.63,14.774,-10.157
57.643,14.725,-10.158
57.651,14.695,-10.159
57.653,14.69,-10.16
57.659,14.678,-10.16
57.68,14.633,-10.161
57.701,14.588,-10.163
57.722,14.543,-10.165
57.743,14.497,-10.166
57.764,14.452,-10.168
57.833,14.305,-10.174
57.836,14.299,-10.174
57.911,14.192,-10.178
57.968,14.11,-10.182
57.997,14.069,-10.184
58.025,14.029,-10.185
58.054,13.988,-10.187
58.082,13.947,-10.188
58.086,13.942,-10.189
58.117,13.911,-10.19
58.152,13.876,-10.191
58.188,13.84,-10.193
58.223,13.805,-10.194
58.258,13.77,-10.195
58.294,13.735,-10.196
58.329,13.699,-10.197
58.364,13.664,-10.198
58.391,13.638,-10.198
58.395,13.633,-10.199
58.401,13.63,-10.199
58.441,13.601,-10.199
58.482,13.573,-10.2
58.523,13.544,-10.2
58.572,13.51,-10.2
58.749,13.386,-10.2
58.753,13.384,-10.2
59.144,13.201,-10.2
59.148,13.2,-10.2
59.563,13.089,-10.2
59.567,13.088,-10.2
60,13.05,-10.2
60.433,13.088,-10.2
60.437,13.089,-10.2
60.852,13.2,-10.2
60.856,13.201,-10.2
61.247,13.384,-10.2
61.251,13.386,-10.2
61.605,13.634,-10.2
61.61,13.638,-10.2
61.915,13.943,-10.2
62.163,14.298,-10.2
62.165,14.301,-10.2
62.349,14.695,-10.2
62.35,14.699,-10.2
62.461,15.115,-10.2
62.462,15.119,-10.2
62.5,15.547,-10.2
62.5,15.551,-10.2
62.462,15.98,-10.2
62.462,15.984,-10.2
62.35,16.402,-10.2
62.349,16.406,-10.2
62.165,16.799,-10.2
62.163,16.803,-10.2
61.916,17.155,-10.2
61.913,17.159,-10.2
61.608,17.464,-10.2
61.603,17.467,-10.2
61.253,17.713,-10.2
61.25,17.715,-10.2
60.857,17.898,-10.2
60.853,17.9,-10.2
60.437,18.011,-10.2
60.433,18.012,-10.2
60,18.05,-10.2
59.567,18.012,-10.2
59.563,18.011,-10.2
59.147,17.9,-10.2
59.143,17.898,-10.2
58.75,17.715,-10.2
58.744,17.711,-10.2
58.397,17.467,-10.2
58.392,17.464,-10.2
58.087,17.159,-10.2
58.084,17.155,-10.2
57.837,16.803,-10.2
57.835,16.799,-10.2
57.651,16.406,-10.2
57.65,16.402,-10.2
57.538,15.984,-10.2
57.537,15.967,-10.2
57.5,15.551,-10.2
57.5,15.547,-10.2
57.523,15.294,-10.2
57.538,15.119,-10.2
57.539,15.115,-10.2
57.65,14.699,-10.2
57.651,14.695,-10.2
57.835,14.301,-10.2
57.837,14.298,-10.2
58.085,13.943,-10.2
58.39,13.638,-10.2
58.395,13.634,-10.2
58.572,13.51,-10.2
58.613,13.481,-10.2
58.654,13.452,-10.2
58.695,13.424,-10.201
58.746,13.388,-10.201
58.751,13.385,-10.202
58.78,13.371,-10.202
58.825,13.35,-10.203
58.87,13.329,-10.204
58.915,13.308,-10.205
58.961,13.287,-10.206
59.006,13.266,-10.207
59.051,13.245,-10.208
59.096,13.224,-10.21
59.141,13.203,-10.211
59.147,13.2,-10.212
59.189,13.189,-10.213
59.238,13.176,-10.215
59.286,13.163,-10.216
59.334,13.15,-10.218
59.563,13.089,-10.226
59.569,13.088,-10.226
59.675,13.079,-10.23
59.725,13.074,-10.232
59.774,13.07,-10.234
59.824,13.066,-10.235
59.874,13.061,-10.237
59.923,13.057,-10.238
59.998,13.05,-10.241
60.004,13.051,-10.241
60.023,13.052,-10.241
60.073,13.057,-10.243
60.122,13.061,-10.244
60.172,13.065,-10.245
60.222,13.07,-10.246
60.272,13.074,-10.247
60.321,13.078,-10.248
60.371,13.083,-10.249
60.433,13.088,-10.249
60.439,13.09,-10.249
60.469,13.098,-10.25
60.518,13.111,-10.25
60.575,13.126,-10.25
60.852,13.2,-10.25
60.856,13.201,-10.25
61.247,13.384,-10.25
61.251,13.386,-10.25
61.605,13.634,-10.25
61.61,13.638,-10.25
61.915,13.943,-10.25
62.163,14.298,-10.25
62.165,14.301,-10.25
62.349,14.695,-10.25
62.35,14.699,-10.25
62.461,15.115,-10.25
62.462,15.119,-10.25
62.5,15.547,-10.25
62.5,15.551,-10.25
62.462,15.98,-10.25
62.462,15.984,-10.25
62.35,16.402,-10.25
62.349,16.406,-10.25
62.165,16.799,-10.25
62.163,16.803,-10.25
61.916,17.155,-10.25
61.913,17.159,-10.25
61.608,17.464,-10.25
61.603,17.467,-10.25
61.253,17.713,-10.25
61.25,17.715,-10.25
60.857,17.898,-10.25
60.853,17.9,-10.25
60.437,18.011,-10.25
60.433,18.012,-10.25
60,18.05,-10.25
59.567,18.012,-10.25
59.563,18.011,-10.25
59.147,17.9,-10.25
59.143,17.898,-10.25
58.75,17.715,-10.25
58.744,17.711,-10.25
58.397,17.467,-10.25
58.392,17.464,-10.25
58.087,17.159,-10.25
58.084,17.155,-10.25
57.837,16.803,-10.25
57.835,16.799,-10.25
57.651,16.406,-10.25
57.65,16.402,-10.25
57.538,15.984,-10.25
57.537,15.967,-10.25
57.5,15.551,-10.25
57.5,15.547,-10.25
57.523,15.294,-10.25
57.538,15.119,-10.25
57.539,15.115,-10.25
57.65,14.699,-10.25
57.651,14.695,-10.25
57.835,14.301,-10.25
57.837,14.298,-10.25
58.085,13.943,-10.25
58.39,13.638,-10.25
58.395,13.634,-10.25
58.572,13.51,-10.25
58.749,13.386,-10.25
58.753,13.384,-10.25
59.144,13.201,-10.25
59.148,13.2,-10.25
59.563,13.089,-10.25
59.567,13.088,-10.25
60,13.05,-10.25
60.433,13.088,-10.25
60.437,13.089,-10.25
60.575,13.126,-10.25
60.624,13.139,-10.25
60.672,13.152,-10.25
60.72,13.165,-10.251
60.768,13.178,-10.251
60.816,13.191,-10.252
60.853,13.2,-10.253
60.858,13.203,-10.253
60.864,13.205,-10.253
60.909,13.226,-10.254
60.955,13.247,-10.255
61,13.268,-10.256
61.045,13.29,-10.257
61.09,13.311,-10.258
61.136,13.332,-10.26
61.181,13.353,-10.261
61.249,13.385,-10.264
61.254,13.388,-10.264
61.269,13.399,-10.265
61.31,13.427,-10.266
61.351,13.456,-10.268
61.555,13.599,-10.277
61.607,13.635,-10.279
61.611,13.639,-10.279
61.704,13.732,-10.284
61.739,13.767,-10.285
61.774,13.802,-10.287
61.81,13.838,-10.288
61.845,13.873,-10.29
61.898,13.926,-10.292
61.911,13.939,-10.293
61.915,13.944,-10.293
61.93,13.964,-10.293
61.944,13.985,-10.294
61.973,14.025,-10.295
62.001,14.066,-10.296
62.03,14.107,-10.297
62.058,14.148,-10.298
62.087,14.189,-10.299
62.116,14.23,-10.299
62.144,14.271,-10.3
62.162,14.296,-10.3
62.166,14.302,-10.3
62.171,14.313,-10.3
62.196,14.367,-10.3
62.349,14.695,-10.3
62.35,14.699,-10.3
62.461,15.115,-10.3
62.462,15.119,-10.3
62.5,15.547,-10.3
62.5,15.551,-10.3
62.462,15.98,-10.3
62.462,15.984,-10.3
62.35,16.402,-10.3
62.349,16.406,-10.3
62.165,16.799,-10.3
62.163,16.803,-10.3
61.916,17.155,-10.3
61.913,17.159,-10.3
61.608,17.464,-10.3
61.603,17.467,-10.3
61.253,17.713,-10.3
61.25,17.715,-10.3
60.857,17.898,-10.3
60.853,17.9,-10.3
60.437,18.011,-10.3
60.433,18.012,-10.3
60,18.05,-10.3
59.567,18.012,-10.3
59.563,18.011,-10.3
59.147,17.9,-10.3
59.143,17.898,-10.3
58.75,17.715,-10.3
58.744,17.711,-10.3
58.397,17.467,-10.3
58.392,17.464,-10.3
58.087,17.159,-10.3
58.084,17.155,-10.3
57.837,16.803,-10.3
57.835,16.799,-10.3
57.651,16.406,-10.3
57.65,16.402,-10.3
57.538,15.984,-10.3
57.537,15.967,-10.3
57.5,15.551,-10.3
57.5,15.547,-10.3
57.523,15.294,-10.3
57.538,15.119,-10.3
57.539,15.115,-10.3
57.65,14.699,-10.3
57.651,14.695,-10.3
57.835,14.301,-10.3
57.837,14.298,-10.3
58.085,13.943,-10.3
58.39,13.638,-10.3
58.395,13.634,-10.3
58.749,13.386,-10.3
58.753,13.384,-10.3
59.144,13.201,-10.3
59.148,13.2,-10.3
59.563,13.089,-10.3
59.567,13.088,-10.3
60,13.05,-10.3
60.433,13.088,-10.3
60.437,13.089,-10.3
60.852,13.2,-10.3
60.856,13.201,-10.3
61.247,13.384,-10.3
61.251,13.386,-10.3
61.605,13.634,-10.3
61.61,13.638,-10.3
61.915,13.943,-10.3
62.163,14.298,-10.3
62.165,14.301,-10.3
62.196,14.367,-10.3
62.217,14.411,-10.3
62.237,14.455,-10.301
62.257,14.499,-10.301
62.278,14.542,-10.302
62.298,14.586,-10.303
62.319,14.63,-10.304
62.347,14.69,-10.306
62.349,14.696,-10.306
62.355,14.719,-10.306
62.368,14.766,-10.308
62.418,14.952,-10.314
62.43,14.999,-10.315
62.443,15.046,-10.316
62.459,15.104,-10.317
62.462,15.116,-10.318
62.462,15.122,-10.318
62.464,15.14,-10.318
62.468,15.188,-10.319
62.472,15.236,-10.319
62.477,15.284,-10.32
62.482,15.342,-10.32
62.5,15.547,-10.32
62.5,15.551,-10.32
62.462,15.98,-10.32
62.462,15.984,-10.32
62.35,16.402,-10.32
62.349,16.406,-10.32
62.165,16.799,-10.32
62.163,16.803,-10.32
61.916,17.155,-10.32
61.913,17.159,-10.32
61.608,17.464,-10.32
61.603,17.467,-10.32
61.253,17.713,-10.32
61.25,17.715,-10.32
60.857,17.898,-10.32
60.853,17.9,-10.32
60.437,18.011,-10.32
60.433,18.012,-10.32
60,18.05,-10.32
59.567,18.012,-10.32
59.563,18.011,-10.32
59.147,17.9,-10.32
59.143,17.898,-10.32
58.75,17.715,-10.32
58.744,17.711,-10.32
58.397,17.467,-10.32
58.392,17.464,-10.32
58.087,17.159,-10.32
58.084,17.155,-10.32
57.837,16.803,-10.32
57.835,16.799,-10.32
57.651,16.406,-10.32
57.65,16.402,-10.32
57.538,15.984,-10.32
57.537,15.967,-10.32
57.5,15.551,-10.32
57.5,15.547,-10.32
57.523,15.294,-10.32
57.538,15.119,-10.32
57.539,15.115,-10.32
57.65,14.699,-10.32
57.651,14.695,-10.32
57.835,14.301,-10.32
57.837,14.298,-10.32
58.085,13.943,-10.32
58.39,13.638,-10.32
58.395,13.634,-10.32
58.749,13.386,-10.32
58.753,13.384,-10.32
59.144,13.201,-10.32
59.148,13.2,-10.32
59.563,13.089,-10.32
59.567,13.088,-10.32
60,13.05,-10.32
60.433,13.088,-10.32
60.437,13.089,-10.32
60.852,13.2,-10.32
60.856,13.201,-10.32
61.247,13.384,-10.32
61.251,13.386,-10.32
61.605,13.634,-10.32
61.61,13.638,-10.32
61.915,13.943,-10.32
62.163,14.298,-10.32
62.165,14.301,-10.32
62.349,14.695,-10.32
62.35,14.699,-10.32
62.461,15.115,-10.32
62.462,15.119,-10.32
62.482,15.342,-10.32
62.486,15.392,-10.32
62.49,15.442,-10.32
62.495,15.491,-10.321
62.5,15.547,-10.321
62.5,15.554,-10.321
62.496,15.591,-10.322
62.492,15.641,-10.323
62.488,15.69,-10.324
62.483,15.74,-10.325
62.479,15.79,-10.326
62.474,15.839,-10.327
62.47,15.889,-10.328
62.464,15.964,-10.331
62.462,15.982,-10.331
62.461,15.988,-10.331
62.448,16.037,-10.333
62.435,16.085,-10.335
62.422,16.133,-10.336
62.409,16.181,-10.338
62.349,16.404,-10.346
62.347,16.41,-10.346
62.257,16.602,-10.354
62.236,16.647,-10.355
62.215,16.693,-10.357
62.194,16.738,-10.358
62.167,16.794,-10.36
62.165,16.8,-10.36
62.147,16.826,-10.361
62.118,16.867,-10.363
62.09,16.907,-10.364
62.061,16.948,-10.365
62.032,16.989,-10.366
62.004,17.03,-10.367
61.975,17.071,-10.368
61.946,17.112,-10.369
61.918,17.153,-10.369
61.914,17.158,-10.369
61.901,17.171,-10.369
61.883,17.189,-10.37
61.848,17.224,-10.37
61.806,17.266,-10.37
61.608,17.464,-10.37
61.603,17.467,-10.37
61.253,17.713,-10.37
61.25,17.715,-10.37
60.857,17.898,-10.37
60.853,17.9,-10.37
60.437,18.011,-10.37
60.433,18.012,-10.37
60,18.05,-10.37
59.567,18.012,-10.37
59.563,18.011,-10.37
59.147,17.9,-10.37
59.143,17.898,-10.37
58.75,17.715,-10.37
58.744,17.711,-10.37
58.397,17.467,-10.37
58.392,17.464,-10.37
58.087,17.159,-10.37
58.084,17.155,-10.37
57.837,16.803,-10.37
57.835,16.799,-10.37
57.651,16.406,-10.37
57.65,16.402,-10.37
57.538,15.984,-10.37
57.537,15.967,-10.37
57.5,15.551,-10.37
57.5,15.547,-10.37
57.523,15.294,-10.37
57.538,15.119,-10.37
57.539,15.115,-10.37
57.65,14.699,-10.37
57.651,14.695,-10.37
57.835,14.301,-10.37
57.837,14.298,-10.37
58.085,13.943,-10.37
58.39,13.638,-10.37
58.395,13.634,-10.37
58.749,13.386,-10.37
58.753,13.384,-10.37
59.144,13.201,-10.37
59.148,13.2,-10.37
59.563,13.089,-10.37
59.567,13.088,-10.37
60,13.05,-10.37
60.433,13.088,-10.37
60.437,13.089,-10.37
60.852,13.2,-10.37
60.856,13.201,-10.37
61.247,13.384,-10.37
61.251,13.386,-10.37
61.605,13.634,-10.37
61.61,13.638,-10.37
61.915,13.943,-10.37
62.163,14.298,-10.37
62.165,14.301,-10.37
62.349,14.695,-10.37
62.35,14.699,-10.37
62.461,15.115,-10.37
62.462,15.119,-10.37
62.482,15.342,-10.37
62.5,15.547,-10.37
62.5,15.551,-10.37
62.462,15.98,-10.37
62.462,15.984,-10.37
62.35,16.402,-10.37
62.349,16.406,-10.37
62.165,16.799,-10.37
62.163,16.803,-10.37
61.916,17.155,-10.37
61.913,17.159,-10.37
61.806,17.266,-10.37
61.77,17.302,-10.37
61.735,17.337,-10.37
61.7,17.372,-10.371
61.664,17.407,-10.371
61.629,17.443,-10.372
61.607,17.465,-10.372
61.602,17.468,-10.373
61.592,17.476,-10.373
61.551,17.504,-10.374
61.51,17.533,-10.375
61.469,17.561,-10.376
61.428,17.59,-10.377
61.387,17.619,-10.378
61.346,17.647,-10.38
61.305,17.676,-10.381
61.254,17.712,-10.383
61.249,17.715,-10.384
61.221,17.728,-10.385
61.176,17.75,-10.386
61.13,17.771,-10.388
60.904,17.876,-10.397
60.859,17.897,-10.398
60.853,17.9,-10.399
60.763,17.924,-10.402
60.715,17.937,-10.404
60.666,17.95,-10.405
60.618,17.962,-10.407
60.57,17.975,-10.408
60.522,17.988,-10.41
60.45,18.008,-10.412
60.437,18.011,-10.412
60.431,18.012,-10.413
60.425,18.013,-10.413
60.375,18.017,-10.414
60.326,18.021,-10.415
60.276,18.026,-10.416
60.226,18.03,-10.417
60.176,18.034,-10.418
60.127,18.039,-10.419
60.077,18.043,-10.419
60.015,18.049,-10.42
60.002,18.05,-10.42
59.996,18.049,-10.42
59.978,18.048,-10.42
59.918,18.043,-10.42
59.567,18.012,-10.42
59.563,18.011,-10.42
59.147,17.9,-10.42
59.143,17.898,-10.42
58.75,17.715,-10.42
58.744,17.711,-10.42
58.397,17.467,-10.42
58.392,17.464,-10.42
58.087,17.159,-10.42
58.084,17.155,-10.42
57.837,16.803,-10.42
57.835,16.799,-10.42
57.651,16.406,-10.42
57.65,16.402,-10.42
57.538,15.984,-10.42
57.537,15.967,-10.42
57.5,15.551,-10.42
57.5,15.547,-10.42
57.523,15.294,-10.42
57.538,15.119,-10.42
57.539,15.115,-10.42
57.65,14.699,-10.42
57.651,14.695,-10.42
57.835,14.301,-10.42
57.837,14.298,-10.42
58.085,13.943,-10.42
58.39,13.638,-10.42
58.395,13.634,-10.42
58.749,13.386,-10.42
58.753,13.384,-10.42
59.144,13.201,-10.42
59.148,13.2,-10.42
59.563,13.089,-10.42
59.567,13.088,-10.42
60,13.05,-10.42
60.433,13.088,-10.42
60.437,13.089,-10.42
60.852,13.2,-10.42
60.856,13.201,-10.42
61.247,13.384,-10.42
61.251,13.386,-10.42
61.605,13.634,-10.42
61.61,13.638,-10.42
61.915,13.943,-10.42
62.163,14.298,-10.42
62.165,14.301,-10.42
62.349,14.695,-10.42
62.35,14.699,-10.42
62.461,15.115,-10.42
62.462,15.119,-10.42
62.5,15.547,-10.42
62.5,15.551,-10.42
62.462,15.98,-10.42
62.462,15.984,-10.42
62.35,16.402,-10.42
62.349,16.406,-10.42
62.165,16.799,-10.42
62.163,16.803,-10.42
61.916,17.155,-10.42
61.913,17.159,-10.42
61.608,17.464,-10.42
61.603,17.467,-10.42
61.253,17.713,-10.42
61.25,17.715,-10.42
60.857,17.898,-10.42
60.853,17.9,-10.42
60.437,18.011,-10.42
60.433,18.012,-10.42
60,18.05,-10.42
59.918,18.043,-10.42
59.911,18.039,-10.42
59.909,18.032,-10.42
59.909,18.025,-10.417
59.91,18.022,-10.41
59.91,18.022,5
101.057,25.203,5
101.057,25.203,-8.99
101.057,25.203,-9.938
101.057,25.203,-10.04
101.054,25.202,-10.047
101.047,25.201,-10.05
100.821,25.159,-10.05
100.814,25.155,-10.05
100.813,25.147,-10.05
100.887,24.748,-10.05
100.888,24.744,-10.05
101.036,24.362,-10.05
101.039,24.358,-10.05
101.251,24.016,-10.05
101.253,24.012,-10.05
101.528,23.711,-10.05
101.531,23.708,-10.05
101.857,23.462,-10.05
101.861,23.46,-10.05
102.225,23.279,-10.05
102.616,23.167,-10.05
102.62,23.166,-10.05
103.027,23.129,-10.05
103.032,23.129,-10.05
103.435,23.166,-10.05
103.439,23.167,-10.05
103.831,23.278,-10.05
103.834,23.279,-10.05
104.198,23.46,-10.05
104.202,23.463,-10.05
104.525,23.706,-10.05
104.529,23.71,-10.05
104.805,24.012,-10.05
104.807,24.015,-10.05
105.019,24.358,-10.05
105.022,24.362,-10.05
105.17,24.744,-10.05
105.171,24.748,-10.05
105.245,25.147,-10.05
105.246,25.151,-10.05
105.246,25.559,-10.05
105.245,25.563,-10.05
105.17,25.962,-10.05
105.17,25.965,-10.05
105.023,26.343,-10.05
105.021,26.348,-10.05
104.807,26.694,-10.05
104.804,26.698,-10.05
104.531,26.997,-10.05
104.528,27,-10.05
104.203,27.246,-10.05
104.199,27.248,-10.05
103.833,27.43,-10.05
103.829,27.431,-10.05
103.439,27.542,-10.05
103.435,27.543,-10.05
103.032,27.58,-10.05
103.027,27.58,-10.05
102.62,27.543,-10.05
102.616,27.541,-10.05
102.226,27.43,-10.05
102.221,27.428,-10.05
101.857,27.247,-10.05
101.855,27.245,-10.05
101.532,27.001,-10.05
101.528,26.998,-10.05
101.256,26.7,-10.05
101.252,26.695,-10.05
101.037,26.348,-10.05
101.035,26.343,-10.05
100.889,25.966,-10.05
100.888,25.962,-10.05
100.813,25.563,-10.05
100.812,25.559,-10.05
100.812,25.151,-10.05
100.813,25.147,-10.05
100.822,25.098,-10.05
100.831,25.049,-10.05
100.841,25,-10.051
100.85,24.951,-10.051
100.859,24.902,-10.052
100.868,24.853,-10.053
100.877,24.804,-10.054
100.888,24.748,-10.055
100.889,24.742,-10.055
100.903,24.708,-10.056
100.921,24.661,-10.057
100.939,24.614,-10.058
100.957,24.568,-10.06
100.975,24.521,-10.061
100.993,24.475,-10.063
101.011,24.428,-10.065
101.036,24.364,-10.067
101.039,24.359,-10.067
101.078,24.295,-10.07
101.252,24.014,-10.081
101.256,24.009,-10.081
101.298,23.963,-10.084
101.332,23.926,-10.085
101.366,23.889,-10.087
101.399,23.853,-10.088
101.433,23.816,-10.09
101.466,23.779,-10.091
101.5,23.742,-10.093
101.529,23.71,-10.094
101.534,23.706,-10.094
101.574,23.676,-10.095
101.614,23.646,-10.096
101.654,23.616,-10.097
101.694,23.585,-10.098
101.734,23.555,-10.099
101.773,23.525,-10.099
101.813,23.495,-10.1
101.853,23.465,-10.1
101.858,23.462,-10.1
101.875,23.453,-10.1
101.906,23.438,-10.1
102.222,23.281,-10.1
102.225,23.279,-10.1
102.616,23.168,-10.1
102.62,23.166,-10.1
103.027,23.129,-10.1
103.032,23.129,-10.1
103.435,23.166,-10.1
103.439,23.167,-10.1
103.83,23.278,-10.1
103.833,23.279,-10.1
104.198,23.461,-10.1
104.202,23.463,-10.1
104.525,23.707,-10.1
104.529,23.71,-10.1
104.805,24.012,-10.1
104.807,24.015,-10.1
105.021,24.362,-10.1
105.17,24.745,-10.1
105.17,24.749,-10.1
105.245,25.147,-10.1
105.245,25.151,-10.1
105.245,25.559,-10.1
105.245,25.563,-10.1
105.17,25.962,-10.1
105.17,25.964,-10.1
105.023,26.343,-10.1
105.021,26.348,-10.1
104.806,26.694,-10.1
104.803,26.698,-10.1
104.531,26.997,-10.1
104.528,27,-10.1
104.202,27.246,-10.1
104.199,27.248,-10.1
103.833,27.43,-10.1
103.829,27.431,-10.1
103.439,27.542,-10.1
103.435,27.543,-10.1
103.032,27.58,-10.1
103.027,27.58,-10.1
102.62,27.542,-10.1
102.616,27.541,-10.1
102.226,27.43,-10.1
102.221,27.428,-10.1
101.858,27.247,-10.1
101.855,27.245,-10.1
101.532,27.001,-10.1
101.528,26.998,-10.1
101.256,26.7,-10.1
101.253,26.695,-10.1
101.037,26.348,-10.1
101.035,26.343,-10.1
100.889,25.966,-10.1
100.888,25.962,-10.1
100.813,25.563,-10.1
100.813,25.559,-10.1
100.813,25.151,-10.1
100.813,25.147,-10.1
100.888,24.748,-10.1
100.889,24.744,-10.1
101.037,24.362,-10.1
101.251,24.016,-10.1
101.253,24.012,-10.1
101.528,23.711,-10.1
101.531,23.708,-10.1
101.857,23.462,-10.1
101.861,23.46,-10.1
101.906,23.438,-10.1
101.951,23.415,-10.1
101.996,23.393,-10.1
102.04,23.371,-10.101
102.085,23.349,-10.101
102.13,23.326,-10.102
102.174,23.304,-10.103
102.225,23.279,-10.104
102.231,23.277,-10.104
102.267,23.267,-10.105
102.315,23.253,-10.106
102.363,23.24,-10.107
102.411,23.226,-10.108
102.459,23.212,-10.11
102.507,23.199,-10.111
102.555,23.185,-10.113
102.615,23.168,-10.115
102.621,23.166,-10.115
102.652,23.164,-10.116
102.701,23.159,-10.118
102.95,23.136,-10.127
103.024,23.129,-10.129
103.031,23.129,-10.129
103.149,23.14,-10.134
103.198,23.144,-10.135
103.248,23.149,-10.137
103.298,23.154,-10.138
103.347,23.158,-10.14
103.422,23.165,-10.142
103.434,23.166,-10.142
103.441,23.167,-10.143
103.447,23.169,-10.143
103.495,23.183,-10.144
103.543,23.196,-10.145
103.591,23.21,-10.146
103.639,23.224,-10.147
103.687,23.237,-10.148
103.735,23.251,-10.149
103.783,23.265,-10.149
103.825,23.277,-10.15
103.831,23.278,-10.15
103.836,23.281,-10.15
103.853,23.289,-10.15
103.875,23.3,-10.15
103.929,23.327,-10.15
104.198,23.461,-10.15
104.202,23.463,-10.15
104.525,23.707,-10.15
104.529,23.71,-10.15
104.805,24.012,-10.15
104.807,24.015,-10.15
105.021,24.362,-10.15
105.17,24.745,-10.15
105.17,24.749,-10.15
105.245,25.147,-10.15
105.245,25.151,-10.15
105.245,25.559,-10.15
105.245,25.563,-10.15
105.17,25.962,-10.15
105.17,25.964,-10.15
105.023,26.343,-10.15
105.021,26.348,-10.15
104.806,26.694,-10.15
104.803,26.698,-10.15
104.531,26.997,-10.15
104.528,27,-10.15
104.202,27.246,-10.15
104.199,27.248,-10.15
103.833,27.43,-10.15
103.829,27.431,-10.15
103.439,27.542,-10.15
103.435,27.543,-10.15
103.032,27.58,-10.15
103.027,27.58,-10.15
102.62,27.542,-10.15
102.616,27.541,-10.15
102.226,27.43,-10.15
102.221,27.428,-10.15
101.858,27.247,-10.15
101.855,27.245,-10.15
101.532,27.001,-10.15
101.528,26.998,-10.15
101.256,26.7,-10.15
101.253,26.695,-10.15
101.037,26.348,-10.15
101.035,26.343,-10.15
100.889,25.966,-10.15
100.888,25.962,-10.15
100.813,25.563,-10.15
100.813,25.559,-10.15
100.813,25.151,-10.15
100.813,25.147,-10.15
100.888,24.748,-10.15
100.889,24.744,-10.15
101.037,24.362,-10.15
101.251,24.016,-10.15
101.253,24.012,-10.15
101.528,23.711,-10.15
101.531,23.708,-10.15
101.857,23.462,-10.15
101.861,23.46,-10.15
102.222,23.281,-10.15
102.225,23.279,-10.15
102.616,23.168,-10.15
102.62,23.166,-10.15
103.027,23.129,-10.15
103.032,23.129,-10.15
103.435,23.166,-10.15
103.439,23.167,-10.15
103.83,23.278,-10.15
103.833,23.279,-10.15
103.929,23.327,-10.15
103.974,23.349,-10.15
104.018,23.371,-10.15
104.063,23.393,-10.151
104.108,23.416,-10.151
104.153,23.438,-10.152
104.197,23.46,-10.153
104.203,23.463,-10.153
104.218,23.475,-10.153
104.237,23.49,-10.154
104.277,23.52,-10.155
104.317,23.55,-10.156
104.357,23.58,-10.157
104.397,23.61,-10.158
104.437,23.64,-10.16
104.476,23.67,-10.161
104.526,23.708,-10.163
104.531,23.712,-10.164
104.552,23.735,-10.165
104.585,23.772,-10.166
104.619,23.809,-10.168
104.804,24.012,-10.178
104.808,24.017,-10.178
104.896,24.16,-10.184
104.922,24.202,-10.185
104.949,24.245,-10.187
104.975,24.287,-10.188
105.014,24.351,-10.191
105.021,24.362,-10.191
105.023,24.367,-10.191
105.026,24.373,-10.191
105.044,24.42,-10.193
105.062,24.466,-10.194
105.08,24.513,-10.195
105.098,24.559,-10.196
105.116,24.606,-10.197
105.134,24.652,-10.198
105.152,24.699,-10.199
105.168,24.74,-10.199
105.17,24.746,-10.199
105.171,24.752,-10.199
105.174,24.77,-10.199
105.179,24.795,-10.2
105.188,24.844,-10.2
105.199,24.903,-10.2
105.245,25.147,-10.2
105.245,25.151,-10.2
105.245,25.559,-10.2
105.245,25.563,-10.2
105.17,25.962,-10.2
105.17,25.964,-10.2
105.023,26.343,-10.2
105.021,26.348,-10.2
104.806,26.694,-10.2
104.803,26.698,-10.2
104.531,26.997,-10.2
104.528,27,-10.2
104.202,27.246,-10.2
104.199,27.248,-10.2
103.833,27.43,-10.2
103.829,27.431,-10.2
103.439,27.542,-10.2
103.435,27.543,-10.2
103.032,27.58,-10.2
103.027,27.58,-10.2
102.62,27.542,-10.2
102.616,27.541,-10.2
102.226,27.43,-10.2
102.221,27.428,-10.2
101.858,27.247,-10.2
101.855,27.245,-10.2
101.532,27.001,-10.2
101.528,26.998,-10.2
101.256,26.7,-10.2
101.253,26.695,-10.2
101.037,26.348,-10.2
101.035,26.343,-10.2
100.889,25.966,-10.2
100.888,25.962,-10.2
100.813,25.563,-10.2
100.813,25.559,-10.2
100.813,25.151,-10.2
100.813,25.147,-10.2
100.888,24.748,-10.2
100.889,24.744,-10.2
101.037,24.362,-10.2
101.251,24.016,-10.2
101.253,24.012,-10.2
101.528,23.711,-10.2
101.531,23.708,-10.2
101.857,23.462,-10.2
101.861,23.46,-10.2
102.222,23.281,-10.2
102.225,23.279,-10.2
102.616,23.168,-10.2
102.62,23.166,-10.2
103.027,23.129,-10.2
103.032,23.129,-10.2
103.435,23.166,-10.2
103.439,23.167,-10.2
103.83,23.278,-10.2
103.833,23.279,-10.2
104.198,23.461,-10.2
104.202,23.463,-10.2
104.525,23.707,-10.2
104.529,23.71,-10.2
104.805,24.012,-10.2
104.807,24.015,-10.2
105.021,24.362,-10.2
105.17,24.745,-10.2
105.17,24.749,-10.2
105.199,24.903,-10.2
105.208,24.952,-10.2
105.218,25.001,-10.2
105.227,25.05,-10.201
105.236,25.099,-10.201
105.244,25.142,-10.202
105.245,25.148,-10.202
105.245,25.154,-10.202
105.245,25.173,-10.202
105.245,25.198,-10.203
105.245,25.248,-10.204
105.245,25.298,-10.205
105.245,25.348,-10.206
105.245,25.397,-10.207
105.245,25.447,-10.208
105.245,25.497,-10.21
105.245,25.56,-10.212
105.243,25.572,-10.212
105.238,25.596,-10.213
105.229,25.646,-10.215
105.22,25.695,-10.216
105.211,25.744,-10.218
105.171,25.958,-10.226
105.169,25.964,-10.226
105.088,26.174,-10.234
105.07,26.22,-10.235
105.052,26.267,-10.237
105.025,26.337,-10.239
105.023,26.343,-10.239
105.02,26.348,-10.24
105.014,26.359,-10.24
104.988,26.401,-10.241
104.961,26.444,-10.243
104.935,26.486,-10.244
104.909,26.529,-10.245
104.882,26.571,-10.246
104.856,26.613,-10.247
104.83,26.656,-10.248
104.807,26.693,-10.249
104.803,26.698,-10.249
104.786,26.716,-10.249
104.77,26.735,-10.249
104.736,26.772,-10.25
104.702,26.809,-10.25
104.662,26.853,-10.25
104.531,26.997,-10.25
104.528,27,-10.25
104.202,27.246,-10.25
104.199,27.248,-10.25
103.833,27.43,-10.25
103.829,27.431,-10.25
103.439,27.542,-10.25
103.435,27.543,-10.25
103.032,27.58,-10.25
103.027,27.58,-10.25
102.62,27.542,-10.25
102.616,27.541,-10.25
102.226,27.43,-10.25
102.221,27.428,-10.25
101.858,27.247,-10.25
101.855,27.245,-10.25
101.532,27.001,-10.25
101.528,26.998,-10.25
101.256,26.7,-10.25
101.253,26.695,-10.25
101.037,26.348,-10.25
101.035,26.343,-10.25
100.889,25.966,-10.25
100.888,25.962,-10.25
100.813,25.563,-10.25
100.813,25.559,-10.25
100.813,25.151,-10.25
100.813,25.147,-10.25
100.888,24.748,-10.25
100.889,24.744,-10.25
101.037,24.362,-10.25
101.251,24.016,-10.25
101.253,24.012,-10.25
101.528,23.711,-10.25
101.531,23.708,-10.25
101.857,23.462,-10.25
101.861,23.46,-10.25
102.222,23.281,-10.25
102.225,23.279,-10.25
102.616,23.168,-10.25
102.62,23.166,-10.25
103.027,23.129,-10.25
103.032,23.129,-10.25
103.435,23.166,-10.25
103.439,23.167,-10.25
103.83,23.278,-10.25
103.833,23.279,-10.25
104.198,23.461,-10.25
104.202,23.463,-10.25
104.525,23.707,-10.25
104.529,23.71,-10.25
104.805,24.012,-10.25
104.807,24.015,-10.25
105.021,24.362,-10.25
105.17,24.745,-10.25
105.17,24.749,-10.25
105.245,25.147,-10.25
105.245,25.151,-10.25
105.245,25.559,-10.25
105.245,25.563,-10.25
105.17,25.962,-10.25
105.17,25.964,-10.25
105.023,26.343,-10.25
105.021,26.348,-10.25
104.806,26.694,-10.25
104.803,26.698,-10.25
104.662,26.853,-10.25
104.628,26.89,-10.25
104.595,26.927,-10.25
104.561,26.964,-10.251
104.532,26.996,-10.251
104.527,27,-10.251
104.507,27.015,-10.252
104.487,27.03,-10.252
104.448,27.06,-10.253
104.408,27.09,-10.254
104.368,27.121,-10.255
104.328,27.151,-10.256
104.288,27.181,-10.257
104.248,27.211,-10.258
104.204,27.245,-10.26
104.198,27.248,-10.26
104.165,27.265,-10.261
104.12,27.287,-10.263
104.075,27.309,-10.265
104.031,27.331,-10.266
103.986,27.354,-10.268
103.835,27.429,-10.274
103.829,27.431,-10.274
103.565,27.506,-10.284
103.517,27.52,-10.285
103.439,27.542,-10.288
103.433,27.543,-10.288
103.421,27.544,-10.288
103.371,27.548,-10.29
103.321,27.553,-10.291
103.272,27.558,-10.293
103.222,27.562,-10.294
103.172,27.567,-10.295
103.123,27.572,-10.296
103.073,27.576,-10.297
103.029,27.58,-10.298
103.023,27.58,-10.298
102.974,27.575,-10.299
102.924,27.57,-10.299
102.874,27.566,-10.3
102.824,27.561,-10.3
102.765,27.556,-10.3
102.62,27.542,-10.3
102.616,27.541,-10.3
102.226,27.43,-10.3
102.221,27.428,-10.3
101.858,27.247,-10.3
101.855,27.245,-10.3
101.532,27.001,-10.3
101.528,26.998,-10.3
101.256,26.7,-10.3
101.253,26.695,-10.3
101.037,26.348,-10.3
101.035,26.343,-10.3
100.889,25.966,-10.3
100.888,25.962,-10.3
100.813,25.563,-10.3
100.813,25.559,-10.3
100.813,25.151,-10.3
100.813,25.147,-10.3
100.888,24.748,-10.3
100.889,24.744,-10.3
101.037,24.362,-10.3
101.251,24.016,-10.3
101.253,24.012,-10.3
101.528,23.711,-10.3
101.531,23.708,-10.3
101.857,23.462,-10.3
101.861,23.46,-10.3
102.222,23.281,-10.3
102.225,23.279,-10.3
102.616,23.168,-10.3
102.62,23.166,-10.3
103.027,23.129,-10.3
103.032,23.129,-10.3
103.435,23.166,-10.3
103.439,23.167,-10.3
103.83,23.278,-10.3
103.833,23.279,-10.3
104.198,23.461,-10.3
104.202,23.463,-10.3
104.525,23.707,-10.3
104.529,23.71,-10.3
104.805,24.012,-10.3
104.807,24.015,-10.3
105.021,24.362,-10.3
105.17,24.745,-10.3
105.17,24.749,-10.3
105.245,25.147,-10.3
105.245,25.151,-10.3
105.245,25.559,-10.3
105.245,25.563,-10.3
105.17,25.962,-10.3
105.17,25.964,-10.3
105.023,26.343,-10.3
105.021,26.348,-10.3
104.806,26.694,-10.3
104.803,26.698,-10.3
104.662,26.853,-10.3
104.531,26.997,-10.3
104.528,27,-10.3
104.202,27.246,-10.3
104.199,27.248,-10.3
103.833,27.43,-10.3
103.829,27.431,-10.3
103.439,27.542,-10.3
103.435,27.543,-10.3
103.032,27.58,-10.3
103.027,27.58,-10.3
102.765,27.556,-10.3
102.717,27.551,-10.3
102.669,27.547,-10.301
102.632,27.543,-10.301
102.62,27.542,-10.301
102.615,27.541,-10.301
102.597,27.536,-10.301
102.574,27.529,-10.302
102.527,27.516,-10.303
102.481,27.503,-10.304
102.435,27.49,-10.305
102.388,27.476,-10.306
102.342,27.463,-10.308
102.225,27.43,-10.311
102.22,27.427,-10.312
102.204,27.419,-10.312
102.16,27.398,-10.314
102.117,27.376,-10.315
102.074,27.355,-10.316
102.031,27.333,-10.317
101.987,27.312,-10.318
101.944,27.29,-10.319
101.901,27.269,-10.319
101.869,27.252,-10.32
101.858,27.247,-10.32
101.853,27.243,-10.32
101.838,27.233,-10.32
101.811,27.212,-10.32
101.532,27.001,-10.32
101.528,26.998,-10.32
101.256,26.7,-10.32
101.253,26.695,-10.32
101.037,26.348,-10.32
101.035,26.343,-10.32
100.889,25.966,-10.32
100.888,25.962,-10.32
100.813,25.563,-10.32
100.813,25.559,-10.32
100.813,25.151,-10.32
100.813,25.147,-10.32
100.888,24.748,-10.32
100.889,24.744,-10.32
101.037,24.362,-10.32
101.251,24.016,-10.32
101.253,24.012,-10.32
101.528,23.711,-10.32
101.531,23.708,-10.32
101.857,23.462,-10.32
101.861,23.46,-10.32
102.222,23.281,-10.32
102.225,23.279,-10.32
102.616,23.168,-10.32
102.62,23.166,-10.32
103.027,23.129,-10.32
103.032,23.129,-10.32
103.435,23.166,-10.32
103.439,23.167,-10.32
103.83,23.278,-10.32
103.833,23.279,-10.32
104.198,23.461,-10.32
104.202,23.463,-10.32
104.525,23.707,-10.32
104.529,23.71,-10.32
104.805,24.012,-10.32
104.807,24.015,-10.32
105.021,24.362,-10.32
105.17,24.745,-10.32
105.17,24.749,-10.32
105.245,25.147,-10.32
105.245,25.151,-10.32
105.245,25.559,-10.32
105.245,25.563,-10.32
105.17,25.962,-10.32
105.17,25.964,-10.32
105.023,26.343,-10.32
105.021,26.348,-10.32
104.806,26.694,-10.32
104.803,26.698,-10.32
104.531,26.997,-10.32
104.528,27,-10.32
104.202,27.246,-10.32
104.199,27.248,-10.32
103.833,27.43,-10.32
103.829,27.431,-10.32
103.439,27.542,-10.32
103.435,27.543,-10.32
103.032,27.58,-10.32
103.027,27.58,-10.32
102.765,27.556,-10.32
102.62,27.542,-10.32
102.616,27.541,-10.32
102.226,27.43,-10.32
102.221,27.428,-10.32
101.858,27.247,-10.32
101.855,27.245,-10.32
101.811,27.212,-10.32
101.771,27.182,-10.32
101.731,27.152,-10.32
101.692,27.122,-10.321
101.652,27.092,-10.321
101.612,27.062,-10.322
101.572,27.031,-10.323
101.532,27.001,-10.324
101.528,26.997,-10.324
101.515,26.983,-10.324
101.498,26.965,-10.325
101.465,26.928,-10.326
101.431,26.891,-10.327
101.397,26.854,-10.328
101.364,26.817,-10.33
101.33,26.781,-10.331
101.297,26.744,-10.333
101.254,26.698,-10.335
101.251,26.693,-10.335
101.234,26.666,-10.336
101.208,26.624,-10.338
101.077,26.411,-10.347
101.037,26.348,-10.349
101.035,26.342,-10.349
100.992,26.232,-10.354
100.974,26.185,-10.355
100.956,26.138,-10.357
100.938,26.092,-10.358
100.92,26.045,-10.36
100.893,25.976,-10.362
100.888,25.964,-10.362
100.887,25.958,-10.363
100.886,25.952,-10.363
100.877,25.903,-10.364
100.868,25.854,-10.365
100.858,25.804,-10.366
100.849,25.755,-10.367
100.84,25.706,-10.368
100.831,25.657,-10.369
100.822,25.608,-10.369
100.814,25.565,-10.37
100.813,25.559,-10.37
100.813,25.553,-10.37
100.813,25.534,-10.37
100.813,25.509,-10.37
100.813,25.449,-10.37
100.813,25.151,-10.37
100.813,25.147,-10.37
100.888,24.748,-10.37
100.889,24.744,-10.37
101.037,24.362,-10.37
101.251,24.016,-10.37
101.253,24.012,-10.37
101.528,23.711,-10.37
101.531,23.708,-10.37
101.857,23.462,-10.37
101.861,23.46,-10.37
102.222,23.281,-10.37
102.225,23.279,-10.37
102.616,23.168,-10.37
102.62,23.166,-10.37
103.027,23.129,-10.37
103.032,23.129,-10.37
103.435,23.166,-10.37
103.439,23.167,-10.37
103.83,23.278,-10.37
103.833,23.279,-10.37
104.198,23.461,-10.37
104.202,23.463,-10.37
104.525,23.707,-10.37
104.529,23.71,-10.37
104.805,24.012,-10.37
104.807,24.015,-10.37
105.021,24.362,-10.37
105.17,24.745,-10.37
105.17,24.749,-10.37
105.245,25.147,-10.37
105.245,25.151,-10.37
105.245,25.559,-10.37
105.245,25.563,-10.37
105.17,25.962,-10.37
105.17,25.964,-10.37
105.023,26.343,-10.37
105.021,26.348,-10.37
104.806,26.694,-10.37
104.803,26.698,-10.37
104.531,26.997,-10.37
104.528,27,-10.37
104.202,27.246,-10.37
104.199,27.248,-10.37
103.833,27.43,-10.37
103.829,27.431,-10.37
103.439,27.542,-10.37
103.435,27.543,-10.37
103.032,27.58,-10.37
103.027,27.58,-10.37
102.62,27.542,-10.37
102.616,27.541,-10.37
102.226,27.43,-10.37
102.221,27.428,-10.37
101.858,27.247,-10.37
101.855,27.245,-10.37
101.532,27.001,-10.37
101.528,26.998,-10.37
101.256,26.7,-10.37
101.253,26.695,-10.37
101.037,26.348,-10.37
101.035,26.343,-10.37
100.889,25.966,-10.37
100.888,25.962,-10.37
100.813,25.563,-10.37
100.813,25.559,-10.37
100.813,25.449,-10.37
100.813,25.399,-10.37
100.813,25.349,-10.37
100.813,25.3,-10.371
100.813,25.25,-10.371
100.813,25.2,-10.372
100.813,25.156,-10.373
100.813,25.15,-10.373
100.814,25.144,-10.373
100.817,25.125,-10.373
100.822,25.101,-10.374
100.831,25.052,-10.375
100.84,25.003,-10.376
100.849,24.954,-10.377
100.858,24.904,-10.378
100.868,24.855,-10.38
100.877,24.806,-10.381
100.887,24.751,-10.383
100.888,24.745,-10.383
100.902,24.71,-10.385
100.92,24.664,-10.386
100.938,24.617,-10.388
101.035,24.367,-10.397
101.037,24.361,-10.398
101.129,24.213,-10.404
101.156,24.17,-10.405
101.182,24.128,-10.407
101.208,24.085,-10.408
101.247,24.022,-10.411
101.251,24.016,-10.411
101.254,24.011,-10.411
101.263,24.002,-10.411
101.296,23.965,-10.413
101.33,23.928,-10.414
101.364,23.891,-10.415
101.397,23.855,-10.416
101.431,23.818,-10.417
101.465,23.781,-10.418
101.498,23.744,-10.419
101.528,23.712,-10.419
101.532,23.707,-10.419
101.572,23.677,-10.42
101.612,23.647,-10.42
101.66,23.611,-10.42
101.857,23.462,-10.42
101.861,23.46,-10.42
102.222,23.281,-10.42
102.225,23.279,-10.42
102.616,23.168,-10.42
102.62,23.166,-10.42
103.027,23.129,-10.42
103.032,23.129,-10.42
103.435,23.166,-10.42
103.439,23.167,-10.42
103.83,23.278,-10.42
103.833,23.279,-10.42
104.198,23.461,-10.42
104.202,23.463,-10.42
104.525,23.707,-10.42
104.529,23.71,-10.42
104.805,24.012,-10.42
104.807,24.015,-10.42
105.021,24.362,-10.42
105.17,24.745,-10.42
105.17,24.749,-10.42
105.245,25.147,-10.42
105.245,25.151,-10.42
105.245,25.559,-10.42
105.245,25.563,-10.42
105.17,25.962,-10.42
105.17,25.964,-10.42
105.023,26.343,-10.42
105.021,26.348,-10.42
104.806,26.694,-10.42
104.803,26.698,-10.42
104.531,26.997,-10.42
104.528,27,-10.42
104.202,27.246,-10.42
104.199,27.248,-10.42
103.833,27.43,-10.42
103.829,27.431,-10.42
103.439,27.542,-10.42
103.435,27.543,-10.42
103.032,27.58,-10.42
103.027,27.58,-10.42
102.62,27.542,-10.42
102.616,27.541,-10.42
102.226,27.43,-10.42
102.221,27.428,-10.42
101.858,27.247,-10.42
101.855,27.245,-10.42
101.532,27.001,-10.42
101.528,26.998,-10.42
101.256,26.7,-10.42
101.253,26.695,-10.42
101.037,26.348,-10.42
101.035,26.343,-10.42
100.889,25.966,-10.42
100.888,25.962,-10.42
100.813,25.563,-10.42
100.813,25.559,-10.42
100.813,25.151,-10.42
100.813,25.147,-10.42
100.888,24.748,-10.42
100.889,24.744,-10.42
101.037,24.362,-10.42
101.251,24.016,-10.42
101.253,24.012,-10.42
101.528,23.711,-10.42
101.531,23.708,-10.42
101.66,23.611,-10.42
101.667,23.609,-10.42
101.674,23.613,-10.42
101.678,23.619,-10.417
101.68,23.621,-10.41
101.68,23.621,15
9.68,59.96,15
9.68,59.96,5
9.68,59.96,0.08
9.68,59.96,-9.96
9.68,9.685,-9.98,-9.96
9.68,9.7,-9.995,-9.98
9.68,9.72,-10,-9.995
9.68,9.76,9.72,-10,-10
9.78,59.965,9.72
9.795,59.98,9.72
9.8,60,9.72
9.8,100,9.72,9.72
9.808,100.4,9.72
9.831,100.8,9.72
9.871,101.199,9.72
9.926,101.596,9.72
9.996,101.99,9.72
10.082,102.381,9.72
10.183,102.769,9.72
10.299,103.152,9.72
10.43,103.53,9.72
10.576,103.903,9.72
10.737,104.27,9.72
10.912,104.631,9.72
11.101,104.984,9.72
11.303,105.329,9.72
11.519,105.667,9.72
11.748,105.995,9.72
11.99,106.315,9.72
12.244,106.624,9.72
12.51,106.924,9.72
12.788,107.212,9.72
13.076,107.49,9.72
13.376,107.756,9.72
13.685,108.01,9.72
14.005,108.252,9.72
14.333,108.481,9.72
14.671,108.697,9.72
15.016,108.899,9.72
15.369,109.088,9.72
15.73,109.263,9.72
16.097,109.424,9.72
16.47,109.57,9.72
16.848,109.701,9.72
17.231,109.817,9.72
17.619,109.918,9.72
18.01,110.004,9.72
18.404,110.074,9.72
18.801,110.129,9.72
19.2,110.169,9.72
19.6,110.192,9.72
20,110.2,9.72
100,110.2,9.72,9.72
100.4,110.192,9.72
100.8,110.169,9.72
101.199,110.129,9.72
101.596,110.074,9.72
101.99,110.004,9.72
102.381,109.918,9.72
102.769,109.817,9.72
103.152,109.701,9.72
103.53,109.57,9.72
103.903,109.424,9.72
104.27,109.263,9.72
104.631,109.088,9.72
104.984,108.899,9.72
105.329,108.697,9.72
105.667,108.481,9.72
105.995,108.252,9.72
106.315,108.01,9.72
106.624,107.756,9.72
106.924,107.49,9.72
107.212,107.212,9.72
107.49,106.924,9.72
107.756,106.624,9.72
108.01,106.315,9.72
108.252,105.995,9.72
108.481,105.667,9.72
108.697,105.329,9.72
108.899,104.984,9.72
109.088,104.631,9.72
109.263,104.27,9.72
109.424,103.903,9.72
109.57,103.53,9.72
109.701,103.152,9.72
109.817,102.769,9.72
109.918,102.381,9.72
110.004,101.99,9.72
110.074,101.596,9.72
110.129,101.199,9.72
110.169,100.8,9.72
110.192,100.4,9.72
110.2,100,9.72
110.2,20,9.72,9.72
110.193,19.948,9.72
110.173,19.9,9.72
110.141,19.859,9.72
100.141,9.859,9.72
100.1,9.827,9.72
100.052,9.807,9.72
100,9.8,9.72
20,9.8,9.72,9.72
19.6,9.808,9.72
19.2,9.831,9.72
18.801,9.871,9.72
18.404,9.926,9.72
18.01,9.996,9.72
17.619,10.082,9.72
17.231,10.183,9.72
16.848,10.299,9.72
16.47,10.43,9.72
16.097,10.576,9.72
15.73,10.737,9.72
15.369,10.912,9.72
15.016,11.101,9.72
14.671,11.303,9.72
14.333,11.519,9.72
14.005,11.748,9.72
13.685,11.99,9.72
13.376,12.244,9.72
13.076,12.51,9.72
12.788,12.788,9.72
12.51,13.076,9.72
12.244,13.376,9.72
11.99,13.685,9.72
11.748,14.005,9.72
11.519,14.333,9.72
11.303,14.671,9.72
11.101,15.016,9.72
10.912,15.369,9.72
10.737,15.73,9.72
10.576,16.097,9.72
10.43,16.47,9.72
10.299,16.848,9.72
10.183,17.231,9.72
10.082,17.619,9.72
9.996,18.01,9.72
9.926,18.404,9.72
9.871,18.801,9.72
9.831,19.2,9.72
9.808,19.6,9.72
9.8,20,9.72
9.8,60,9.72,9.72
9.795,60.02,9.72
9.78,60.035,9.72
9.76,60.04,9.72
9.72,60.04,9.72,9.72
9.72,9.7,-9.995,9.72
9.72,9.685,-9.98,-9.995
9.72,9.68,-9.96,-9.98
9.72,9.72,9.68,15,-9.96
