4.996811409177502128e+01,5.001111872071168563e+01
4.997029899388284235e+01,5.001036260557440727e+01
4.997245885500998952e+01,5.000960593868820325e+01
4.997463614329880244e+01,5.000884939630492454e+01
4.997680139864288407e+01,5.000809305220261081e+01
4.997896994469191867e+01,5.000733637424173850e+01
4.998113301971147138e+01,5.000657709709097531e+01
4.998332331130587391e+01,5.000582370704032797e+01
4.998551913015941039e+01,5.000505477719608649e+01
4.998764039416057159e+01,5.000435974801114725e+01
4.998964110546582873e+01,5.000379810773127076e+01
4.999151157638617349e+01,5.000333960485708218e+01
4.999324083798999396e+01,5.000299667201927889e+01
4.999486707454305900e+01,5.000276509637566846e+01
4.999635978516663215e+01,5.000264373528536765e+01
4.999773640929110741e+01,5.000263342787518894e+01
4.999899809803453365e+01,5.000272131324811653e+01
5.000016888739838805e+01,5.000289546983827194e+01
5.000121171430112099e+01,5.000315310405805036e+01
5.000220185678034568e+01,5.000348258900535114e+01
5.000312631480296943e+01,5.000387350522892405e+01
5.000397421651356922e+01,5.000431325850251341e+01
5.000478260992883861e+01,5.000480284008744292e+01
5.000554400252099896e+01,5.000532622491366652e+01
5.000623870794701986e+01,5.000588665189411586e+01
5.000694856578267178e+01,5.000646963452729921e+01
5.000761798840748185e+01,5.000707456387655014e+01
5.000825793088492333e+01,5.000769137208826720e+01
5.000890868394075284e+01,5.000832094572040631e+01
5.000953650307532428e+01,5.000896271484534594e+01
5.001015774296741512e+01,5.000960959561434294e+01
5.001081142947025171e+01,5.001029622490509041e+01
5.001151694978864271e+01,5.001105225167594881e+01
5.001228730355209962e+01,5.001188886079592777e+01
5.001315966194264462e+01,5.001279532409147066e+01
5.001409257134751130e+01,5.001377145317505324e+01
5.001509582016020516e+01,5.001482287908991964e+01
5.001616508204444500e+01,5.001593651444184019e+01
5.001732438432193106e+01,5.001712050793221209e+01
5.001850399570952277e+01,5.001835629773863445e+01
5.001979107126146573e+01,5.001965525183152295e+01
5.002114627810730241e+01,5.002103394557481408e+01
5.002257396040667459e+01,5.002248729758863988e+01
5.002407199263471682e+01,5.002401322825429020e+01
5.002564695206292100e+01,5.002560678999432753e+01
5.002730104223373075e+01,5.002726305070356716e+01
5.002900052159359490e+01,5.002897134155919900e+01
5.003075953588992064e+01,5.003073977312546106e+01
5.003257471666310607e+01,5.003257815190680446e+01
5.003447553826370608e+01,5.003448395968322870e+01
5.003644459414228862e+01,5.003645215319472328e+01
5.003846882352669923e+01,5.003847785949070470e+01
5.004055584116204614e+01,5.004056159010249161e+01
5.004268394462016545e+01,5.004269476698603114e+01
5.004489551021745797e+01,5.004489538741711385e+01
5.004715126074535902e+01,5.004715868422033509e+01
5.004948074686960524e+01,5.004947926676968706e+01
5.005184685969553726e+01,5.005185764598686404e+01
5.005426281972130198e+01,5.005427785375962912e+01
5.005675786248099257e+01,5.005676596760284269e+01
5.005932654271395421e+01,5.005931675806245096e+01
5.006191440756033018e+01,5.006192486525137042e+01
5.006457604887759061e+01,5.006458267632467596e+01
5.006728197446162909e+01,5.006729570282724495e+01
5.007007791553329668e+01,5.007006896245772509e+01
5.007290825119753919e+01,5.007290709006463203e+01
5.007577743923406643e+01,5.007579226169473685e+01
5.007872799745728543e+01,5.007873548985719481e+01
5.008173263647132245e+01,5.008173075066861202e+01
5.008478803164019411e+01,5.008479103698667245e+01
5.008789309974861936e+01,5.008790914099787273e+01
5.009108610956742780e+01,5.009107982393676650e+01
5.009429501766081216e+01,5.009430255110311236e+01
5.009758413324088622e+01,5.009759031503271842e+01
5.010094254108972933e+01,5.010093360012513131e+01
5.010433764364240261e+01,5.010432888374704419e+01
5.010753229459827907e+01,5.010754198874984411e+01
5.011092512401844346e+01,5.011094215695125342e+01
5.011457022225383895e+01,5.011457052692465908e+01
5.011815232727624903e+01,5.011816072267503586e+01
5.012185134831775457e+01,5.012185635837657571e+01
5.012557514710049134e+01,5.012558676658820644e+01
5.012939532713787827e+01,5.012940007838957968e+01
5.013327281533459967e+01,5.013327282768558035e+01
5.013720320542150688e+01,5.013721090800515157e+01
5.014120728748543598e+01,5.014119652883231737e+01
5.014524686469373904e+01,5.014524219986930831e+01
5.014935682280441398e+01,5.014934550962136939e+01
5.015350667589557077e+01,5.015350344104204083e+01
5.015770951980827164e+01,5.015771127181865552e+01
5.016199142287249657e+01,5.016198228336213560e+01
5.016631759493514409e+01,5.016630297844189812e+01
5.017067163259569185e+01,5.017067866806570464e+01
5.017509605492227820e+01,5.017510949554838362e+01
5.017960722798271433e+01,5.017959584317836175e+01
5.018414408632079926e+01,5.018413680339729410e+01
5.018873720754245227e+01,5.018872986395259517e+01
5.019338536342635138e+01,5.019338139018665856e+01
5.019809089050119155e+01,5.019808727193975528e+01
5.020286565887725061e+01,5.020284863680588927e+01
5.020765740051124482e+01,5.020766207198892772e+01
5.021254240335385077e+01,5.021253335436174581e+01
5.021746610679817024e+01,5.021746487572881534e+01
5.022245479095936815e+01,5.022244628673026767e+01
5.022749636545242424e+01,5.022748778264045910e+01
5.023257990655340421e+01,5.023258442308885918e+01
5.023773708739420130e+01,5.023773874380695759e+01
5.024295590166083514e+01,5.024294801595357285e+01
5.024820802140931875e+01,5.024821219447999709e+01
5.025355007783117856e+01,5.025353439704008451e+01
5.025889815742162625e+01,5.025891344377971848e+01
5.026434383702238051e+01,5.026434820483796528e+01
5.026984564198147609e+01,5.026984066444646970e+01
5.027540147637701295e+01,5.027538786855602382e+01
5.028097962768963924e+01,5.028099252658491025e+01
5.028665867121045352e+01,5.028665246751459961e+01
5.029235672253039269e+01,5.029237028091958450e+01
5.029813166901646326e+01,5.029814793276835871e+01
5.030397039300400053e+01,5.030398105849258172e+01
5.030985436493865137e+01,5.030986619902412116e+01
5.031579989954909848e+01,5.031581199046421915e+01
5.032178742046076536e+01,5.032181249200507978e+01
5.032786485662520448e+01,5.032786869215888714e+01
5.033397665071323956e+01,5.033398433705227148e+01
5.034014342280665488e+01,5.034015566479254034e+01
5.034639249540455097e+01,5.034638471448145225e+01
5.035266062803699327e+01,5.035266836236277754e+01
5.035897944494291067e+01,5.035900701528365175e+01
5.036541322617883765e+01,5.036540409089649017e+01
5.037185297446187349e+01,5.037185817794401288e+01
5.037836185875386974e+01,5.037837048885776170e+01
5.038494761087401486e+01,5.038494028981104833e+01
5.039156324673923137e+01,5.039156281811509075e+01
5.039782651018116866e+01,5.039780741273616371e+01
5.040433909494612408e+01,5.040434270605832268e+01
5.041125516579717214e+01,5.041124327936183391e+01
5.041805102932300997e+01,5.041803334756821897e+01
5.042495122538772279e+01,5.042497415344760014e+01
5.043192320954783270e+01,5.043192002140789754e+01
5.043897806833678743e+01,5.043897642877630716e+01
5.044609327158366341e+01,5.044609736312458637e+01
5.045328965673085975e+01,5.045327628789467411e+01
5.046051585371078119e+01,5.046051349593439994e+01
5.046782106749181196e+01,5.046780551764434364e+01
5.047515181945041007e+01,5.047515228314642854e+01
5.048256367131777012e+01,5.048255741056691193e+01
5.049000876291122353e+01,5.049000960614002054e+01
5.049752403803962864e+01,5.049752268187251047e+01
5.050508345508421826e+01,5.050508048550174323e+01
5.051269887149587134e+01,5.051269653608999022e+01
5.052037038741259067e+01,5.052036510273052983e+01
5.052808050114267502e+01,5.052808645654629771e+01
5.053587722253421077e+01,5.053585818877625258e+01
5.054367984296576566e+01,5.054368448972021355e+01
5.055157991834330033e+01,5.055156685765614100e+01
5.055949131457533241e+01,5.055950140600756981e+01
5.056749257038953971e+01,5.056749141554790583e+01
5.057554109779417928e+01,5.057553681307876303e+01
5.058362278557692804e+01,5.058363455253581975e+01
5.059178551911748656e+01,5.059179064611007703e+01
5.059999663908619993e+01,5.060000169008817039e+01
5.060825720962455421e+01,5.060826556738217619e+01
5.061660211673579113e+01,5.061658748758051019e+01
5.062496375599882725e+01,5.062496693914338408e+01
5.063340643813914710e+01,5.063340198263509961e+01
5.064189425185355731e+01,5.064189178069439379e+01
5.065045106370892825e+01,5.065044010520240647e+01
5.065904203743075129e+01,5.065904338212469327e+01
5.066769225445584368e+01,5.066770169471066509e+01
5.067641700747442002e+01,5.067641810002573521e+01
5.068519003335559603e+01,5.068518982203328704e+01
5.069401353771210239e+01,5.069402199198461290e+01
5.070290396327627036e+01,5.070290404411189655e+01
5.071185026837451915e+01,5.071184689700926640e+01
5.072085794824872806e+01,5.072084781859032887e+01
5.072991612612563017e+01,5.072990379487250578e+01
5.073901931618906502e+01,5.073901493058197332e+01
5.074819806177742976e+01,5.074818415259555593e+01
5.075742398784618814e+01,5.075740876129131607e+01
5.076671126538705892e+01,5.076669137617588490e+01
5.077604026642512736e+01,5.077603438623636833e+01
5.078543720196745426e+01,5.078542736127013768e+01
5.079489545544365825e+01,5.079488108027184268e+01
5.080438672440740788e+01,5.080439234932039483e+01
5.081396437243887476e+01,5.081395723057279668e+01
5.082357615202047185e+01,5.082357916102564133e+01
5.083326121208760640e+01,5.083325685940317129e+01
5.084299233783580263e+01,5.084299270641638913e+01
5.085279132498652643e+01,5.085278389979782077e+01
5.086264074344924779e+01,5.086263009231074506e+01
5.087255143999292528e+01,5.087253724243065989e+01
5.088250056132665122e+01,5.088249707115194553e+01
5.089250661291505651e+01,5.089251468813448298e+01
5.090259030063636203e+01,5.090259328095817182e+01
5.091272984218778674e+01,5.091272204957984115e+01
5.092290885421572000e+01,5.092291112373684570e+01
5.093316006352115011e+01,5.093315331206774488e+01
5.094344744896992694e+01,5.094345334866576991e+01
5.095381026565804916e+01,5.095381427507099659e+01
5.096424092568325648e+01,5.096422526326603730e+01
5.097470119343505246e+01,5.097469693636414689e+01
5.098524230411906899e+01,5.098522718440749202e+01
5.099581201719080781e+01,5.099580936425726918e+01
5.100646256222383101e+01,5.100645020027678100e+01
5.101715144550172454e+01,5.101714646346032822e+01
5.102789398051648107e+01,5.102789773983782595e+01
5.103871733118944576e+01,5.103870754041482627e+01
5.104958549475581009e+01,5.104957807543265602e+01
5.106050618981153377e+01,5.106050149160939355e+01
5.107147721093279102e+01,5.107148018677388990e+01
5.108252904515552473e+01,5.108251479731079314e+01
5.109359517704849907e+01,5.109360949085619552e+01
5.110475302190532432e+01,5.110475771378740717e+01
5.111598082849647540e+01,5.111596389168800414e+01
5.112723923359725120e+01,5.112722818184969498e+01
5.113855884216231118e+01,5.113854542837765393e+01
5.114990579098914480e+01,5.114992319021094858e+01
5.116136190182364629e+01,5.116135696569055114e+01
5.117285193277843547e+01,5.117284335233868831e+01
5.118438890857920143e+01,5.118438786031201460e+01
5.119599788719766309e+01,5.119599384216208193e+01
5.120765173779783197e+01,5.120765210162316805e+01
5.121936997699788918e+01,5.121936338155861534e+01
5.123114057963680068e+01,5.123113834423966040e+01
5.124297017329571702e+01,5.124296355750345811e+01
5.125484667591442900e+01,5.125484694686749521e+01
5.126679626770416576e+01,5.126679134062297294e+01
5.127880046474079734e+01,5.127878885582526891e+01
5.129084718923608932e+01,5.129084430404764561e+01
5.130294632576485014e+01,5.130295266619880579e+01
5.131513812637807348e+01,5.131512239214924165e+01
5.132735391639481293e+01,5.132734758902903138e+01
5.133961989688685890e+01,5.133962835238165923e+01
5.135198402938659257e+01,5.135196763925983987e+01
5.136435575608663839e+01,5.136436233323352241e+01
5.137683115105606646e+01,5.137681012937519398e+01
5.138933370512388166e+01,5.138931656099740763e+01
5.140190061349781558e+01,5.140187830682288705e+01
5.141450892260171202e+01,5.141450088648921479e+01
5.142718702089833016e+01,5.142717396436053434e+01
5.143992059800983441e+01,5.143991099616069818e+01
5.145270651302261200e+01,5.145270104685435086e+01
5.146556543582669008e+01,5.146554941226709445e+01
5.147845700272169012e+01,5.147845080785113936e+01
5.149140743028434031e+01,5.149141279184443931e+01
5.150442750262043745e+01,5.150442850557850250e+01
5.151751623650096690e+01,5.151750013412602414e+01
5.153063648133698393e+01,5.153062966266390532e+01
5.154383405977110044e+01,5.154381796673141736e+01
5.155707087334386785e+01,5.155705607096189880e+01
5.157036850017664875e+01,5.157035869854045984e+01
5.158371520310626579e+01,5.158371147526021616e+01
5.159713806551611981e+01,5.159712286392849023e+01
5.161061095911974661e+01,5.161059251322163988e+01
5.162413277907227638e+01,5.162411837549242222e+01
5.163770796603809288e+01,5.163769682474573841e+01
5.165135814090323407e+01,5.165133699800906442e+01
5.166505831909654489e+01,5.166503544788707813e+01
5.167879987824618837e+01,5.167878146251849358e+01
5.169260229479091606e+01,5.169258900494157416e+01
5.170645145912335749e+01,5.170644750856043714e+01
5.172035838768005078e+01,5.172035192618204036e+01
5.173430024404733985e+01,5.173429433345966544e+01
5.174828354417093834e+01,5.174827514655382288e+01
5.176231169004353205e+01,5.176228703440020951e+01
5.177548074251389210e+01,5.177545733792070592e+01
5.178911533609785067e+01,5.178911104276254918e+01
5.180343034431459159e+01,5.180341410562331816e+01
5.181740743260643001e+01,5.181739808566252492e+01
5.183157570416495474e+01,5.183157109195837364e+01
5.184568871818468949e+01,5.184566497426831688e+01
5.185986845076946850e+01,5.185986948040324052e+01
5.187411590066121647e+01,5.187410525321492116e+01
5.188834087109324145e+01,5.188834124213475008e+01
5.190257069768123444e+01,5.190258076993970349e+01
5.191681178541160335e+01,5.191682603991256428e+01
5.193107415758097289e+01,5.193106965398509089e+01
5.194531404850120282e+01,5.194531373684387177e+01
5.195956661561526602e+01,5.195954613029265090e+01
5.197377063814664666e+01,5.197377379267775410e+01
5.198799383376551475e+01,5.198799204827337661e+01
5.200220453377296081e+01,5.200219845554765641e+01
5.201641467565056587e+01,5.201640068408421058e+01
5.203061783283533259e+01,5.203059872991978096e+01
5.204478341299832778e+01,5.204478446844175465e+01
5.205897354613422578e+01,5.205896373150824985e+01
5.207316531061793086e+01,5.207313893991826603e+01
5.208731738086734708e+01,5.208730385548597042e+01
5.210149062833693279e+01,5.210147041251555322e+01
5.211563835365371489e+01,5.211562916003224899e+01
5.212978764453011138e+01,5.212978153305513729e+01
5.214394515336373814e+01,5.214393177438149252e+01
5.215810205931391152e+01,5.215808298915460028e+01
5.217224640533738977e+01,5.217222987034402593e+01
5.218639347849978094e+01,5.218637459468884998e+01
5.220054534703695026e+01,5.220052062864407816e+01
5.221468035000431485e+01,5.221466402780671245e+01
5.222881368462184071e+01,5.222880331436728341e+01
5.224296379632347254e+01,5.224294630452384069e+01
5.225708834112826651e+01,5.225708646630096865e+01
5.227122857194591887e+01,5.227122804931855882e+01
5.228538023198967721e+01,5.228536752545006294e+01
5.229952475090315289e+01,5.229951058228843408e+01
5.231367190231748054e+01,5.231365173348823561e+01
5.232779888510605559e+01,5.232779049182922648e+01
5.234193943472657651e+01,5.234193268863667470e+01
5.235607391400343147e+01,5.235607308089270617e+01
5.237021000647787616e+01,5.237021153134526230e+01
5.238434658590026771e+01,5.238435299955204272e+01
5.239849884979896188e+01,5.239849583592926052e+01
5.241263644004324362e+01,5.241263612669654037e+01
5.242676243996591978e+01,5.242677735299220387e+01
5.244093581776817103e+01,5.244091968251075286e+01
5.245507162673569468e+01,5.245505945103489154e+01
5.246919581910260177e+01,5.246920276069452171e+01
5.248335001426810464e+01,5.248334434473012777e+01
5.249750462284559660e+01,5.249748661058240629e+01
5.251164125448674724e+01,5.251162668946778211e+01
5.252578275199017099e+01,5.252577006521437397e+01
5.253991817851491675e+01,5.253991158190222421e+01
5.255406170271384525e+01,5.255405381561877931e+01
5.256822100831546152e+01,5.256819716749079419e+01
5.258233826849316017e+01,5.258233784934089527e+01
5.259648001085859903e+01,5.259647956522765355e+01
5.261063534520872054e+01,5.261062199280581808e+01
5.262477588132561124e+01,5.262476523653048588e+01
5.263891584195273055e+01,5.263890640555484879e+01
5.265305522697190099e+01,5.265304555169354472e+01
5.266719392803155131e+01,5.266719356633729632e+01
5.268133429898212228e+01,5.268133431207438377e+01
5.269547838269810569e+01,5.269547557069842725e+01
5.270961754787126807e+01,5.270961779151267734e+01
5.272376045263219169e+01,5.272375783376894987e+01
5.273791580901497866e+01,5.273790173069613019e+01
5.275204878239270556e+01,5.275204570573972518e+01
5.276619209780153597e+01,5.276618525814659932e+01
5.278033478252917376e+01,5.278032825688977425e+01
5.279447689197922244e+01,5.279446926088402847e+01
5.280862709599289673e+01,5.280861112704336335e+01
5.282277666912974468e+01,5.282275643126966003e+01
5.283691699721863699e+01,5.283689684876289050e+01
5.285105450149556816e+01,5.285104057824788981e+01
5.286521321090850734e+01,5.286518286139276768e+01
5.287933537007835838e+01,5.287932255102131762e+01
5.289348748064274019e+01,5.289346584793768358e+01
5.290762802064997317e+01,5.290760741792954747e+01
5.292175926054228796e+01,5.292174953199915421e+01
5.293592698313052836e+01,5.293589256163753021e+01
5.295004612673701416e+01,5.295003577212747814e+01
5.296418980799868592e+01,5.296417465897863508e+01
5.297833285788463797e+01,5.297831695492173054e+01
5.299246758463039697e+01,5.299246255692713703e+01
5.300662362257260440e+01,5.300660631244051046e+01
5.302074522682393365e+01,5.302074532974052090e+01
5.303488369835198313e+01,5.303488758878676634e+01
5.304904118064928298e+01,5.304902834763817765e+01
5.306317844552994245e+01,5.306317199064217505e+01
5.307731732970363225e+01,5.307731384784537454e+01
5.309145880757180436e+01,5.309145663075451438e+01
5.310561171079379505e+01,5.310559724322133235e+01
5.311974331463155607e+01,5.311973866002404066e+01
5.313386339626207189e+01,5.313388312194368268e+01
5.314803960177832920e+01,5.314802362466330976e+01
5.316217812001518439e+01,5.316216447344016416e+01
5.317630514447934331e+01,5.317630580646537908e+01
5.319045662053667911e+01,5.319045092077516301e+01
5.320459116178459880e+01,5.320459112269600155e+01
5.321876437845109820e+01,5.321873245082706916e+01
5.323289987835383386e+01,5.323287692394486470e+01
5.324703260932328419e+01,5.324701911490949158e+01
5.326031915757393875e+01,5.326029373444465875e+01
5.327402815367143774e+01,5.327402329450804785e+01
5.328838448055343235e+01,5.328837961972299553e+01
5.330243716432197232e+01,5.330240896882692425e+01
5.331662273679999231e+01,5.331660972268026200e+01
5.333073062022323541e+01,5.333072104095995769e+01
5.334493543998382137e+01,5.334493364546830918e+01
5.335916868372381572e+01,5.335916696541560356e+01
5.337341761602202439e+01,5.337340955882931581e+01
5.338764433692604428e+01,5.338763644493407412e+01
5.340187024373024371e+01,5.340187207422449234e+01
5.341610879814605539e+01,5.341610349413695502e+01
5.343034231741102502e+01,5.343033793299897383e+01
5.344456560528396238e+01,5.344455811299138048e+01
5.345880800966103408e+01,5.345877670716885888e+01
5.347299326017250110e+01,5.347298531844666059e+01
5.348719441514677442e+01,5.348718455500482349e+01
5.350138966499809356e+01,5.350137670976400273e+01
5.351559418035659377e+01,5.351556286405653395e+01
5.352976228994753427e+01,5.352974368144816708e+01
5.354390372360708739e+01,5.354391492075824033e+01
5.355809808578117526e+01,5.355808247788016985e+01
5.357225262441797753e+01,5.357224528796266583e+01
5.358641651632732561e+01,5.358640412850749613e+01
5.360055255217890391e+01,5.360056067802027258e+01
5.361470443748736159e+01,5.361471295692900441e+01
5.362885574866877647e+01,5.362886349059371582e+01
5.364303160097099976e+01,5.364300998440441504e+01
5.365715887892799429e+01,5.365715665860884798e+01
5.367129108656709491e+01,5.367130144955068971e+01
5.368544010347724083e+01,5.368544460153503906e+01
5.369957985631207009e+01,5.369958562690698045e+01
5.371371900557977597e+01,5.371372741575284948e+01
5.372785758065147377e+01,5.372786735456756446e+01
5.374200424337856674e+01,5.374200801603079469e+01
5.375614161050184237e+01,5.375614938407291987e+01
5.377029256769223764e+01,5.377029149609748515e+01
5.378442325368895638e+01,5.378443165857804331e+01
5.379855883967764640e+01,5.379857238537253750e+01
5.381270254288981647e+01,5.381271137150076100e+01
5.382685980507692136e+01,5.382685367144659239e+01
5.384099899475769035e+01,5.384099425029354791e+01
5.385514415783715947e+01,5.385513774366926043e+01
5.386928217035641353e+01,5.386927703855315031e+01
5.388343154181357875e+01,5.388341949900831906e+01
5.389757165013806173e+01,5.389755998525248515e+01
5.391170345025800259e+01,5.391170082094349425e+01
5.392585323874945402e+01,5.392584303259031486e+01
5.393998933385324079e+01,5.393998531875555358e+01
5.395413571401017805e+01,5.395412861318980902e+01
5.396827604744442652e+01,5.396826740171136549e+01
5.398243544430356167e+01,5.398240954691597437e+01
5.399655495900824320e+01,5.399655180636175800e+01
5.401070118555393407e+01,5.401069273913034863e+01
5.402484240553050654e+01,5.402483406023254986e+01
5.403899387766982443e+01,5.403897903626556598e+01
5.405313061534388197e+01,5.405311932696893251e+01
5.406728091100139721e+01,5.406726300025496101e+01
5.408141423842707241e+01,5.408140442388985747e+01
5.409555690208429723e+01,5.409554426101180269e+01
5.410968898649895209e+01,5.410968980380796722e+01
5.412383692797946821e+01,5.412383087706865581e+01
5.413798209556307484e+01,5.413796987161826024e+01
5.415211459952097073e+01,5.415211506466087599e+01
5.416625855783043875e+01,5.416625534241868678e+01
5.418039860549357911e+01,5.418039667862865372e+01
5.419455220902630543e+01,5.419454149973599755e+01
5.420868566461231097e+01,5.420868384095678039e+01
5.422284681165225351e+01,5.422282486421406844e+01
5.423698227014626383e+01,5.423696609758599863e+01
5.425113568933327457e+01,5.425111118348949901e+01
5.426526993674097810e+01,5.426525397174250998e+01
5.427941997661697116e+01,5.427939761933463103e+01
5.429355308167473027e+01,5.429353628279891097e+01
5.430770732567300740e+01,5.430767905615878277e+01
5.432183050087861176e+01,5.432182165670963769e+01
5.433599555986864971e+01,5.433596302944578582e+01
5.435011752351762482e+01,5.435010714963627976e+01
5.436428140554010469e+01,5.436424726427645737e+01
5.437838583002297810e+01,5.437838701353108206e+01
5.439252020715556313e+01,5.439253055333533382e+01
5.440670184865685854e+01,5.440667324336552468e+01
5.442082954002129469e+01,5.442081561995784256e+01
5.443497620157771166e+01,5.443495909800795118e+01
5.444909182724679653e+01,5.444909986597412654e+01
5.446326022614070439e+01,5.446323958189989867e+01
5.447737130173658215e+01,5.447738469880772527e+01
5.449153848931123889e+01,5.449152591761020403e+01
5.450565707379108460e+01,5.450566982958344653e+01
5.451982525368649135e+01,5.451981269923640383e+01
5.453396888158787448e+01,5.453395254930802594e+01
5.454807699975182089e+01,5.454809573010696511e+01
5.456224122843497071e+01,5.456223509427616847e+01
5.457637969868842731e+01,5.457638009165050619e+01
5.459052628278070074e+01,5.459052319288782229e+01
5.460466585116814997e+01,5.460466173064780548e+01
5.461882211252630981e+01,5.461880662700149003e+01
5.463294734038794331e+01,5.463294875010249996e+01
5.464708509295553540e+01,5.464708929032647688e+01
5.466125159645883258e+01,5.466123077682601661e+01
5.467536949668679824e+01,5.467537505310170332e+01
5.468951962585818904e+01,5.468951790920258560e+01
5.470364727509940650e+01,5.470365843615809354e+01
5.471779940120188002e+01,5.471780018930692080e+01
5.473195426221212756e+01,5.473193970540915387e+01
5.474608005801795230e+01,5.474608510147647422e+01
5.476023370766561982e+01,5.476022600857549349e+01
5.477438123994704711e+01,5.477436764964762972e+01
5.478853033698697317e+01,5.478851290722521838e+01
5.480266249852189020e+01,5.480265318425357179e+01
5.481682240658449956e+01,5.481679712066107868e+01
5.483093933336956383e+01,5.483093546167880561e+01
5.484508053012110906e+01,5.484508093972412723e+01
5.485922449810876600e+01,5.485922144500234765e+01
5.487337323724350568e+01,5.487336298701617210e+01
5.488750510450370257e+01,5.488750452570000959e+01
5.490165593583240167e+01,5.490164733821379883e+01
5.491579747951780632e+01,5.491579064710304436e+01
5.492993845337176850e+01,5.492993199964455187e+01
5.494409839203928669e+01,5.494407452321072327e+01
5.495822726515604018e+01,5.495821684981028454e+01
5.497237513829202271e+01,5.497235783253243824e+01
5.498650817475918728e+01,5.498650199829675245e+01
5.500064398466286519e+01,5.500064111373032461e+01
5.501480089135804974e+01,5.501478724418332433e+01
5.502893218261216646e+01,5.502892810647399813e+01
5.504308574257288456e+01,5.504306997080169594e+01
5.505721361291858784e+01,5.505721205988872669e+01
5.507136816793233436e+01,5.507135558060297598e+01
5.508551122829412350e+01,5.508549940947033008e+01
5.509963735432495469e+01,5.509963811222050367e+01
5.511378791919244691e+01,5.511378082198775274e+01
5.512792919675852232e+01,5.512792412927570496e+01
5.514205884063024854e+01,5.514206809957008204e+01
5.515622181830667614e+01,5.515621024059538513e+01
5.517035362829022915e+01,5.517035006571797595e+01
5.518449255571578504e+01,5.518449073580897846e+01
5.519864819849985338e+01,5.519863510093242809e+01
5.521276624279857259e+01,5.521277432631248416e+01
5.522692935139356507e+01,5.522692025248044700e+01
5.524106371928323966e+01,5.524105812118482817e+01
5.525520281666264566e+01,5.525519976109597309e+01
5.526934457559506342e+01,5.526934455282274428e+01
5.528350758069710480e+01,5.528348535052426627e+01
5.529762845427173090e+01,5.529762879947895016e+01
5.531175978917326574e+01,5.531177023902489509e+01
5.532591876457115632e+01,5.532591295915129592e+01
5.534007165477505907e+01,5.534005375220584710e+01
5.535422073769685625e+01,5.535419773492087359e+01
5.536832997500906117e+01,5.536833913450416134e+01
5.538248438916863137e+01,5.538247902297064940e+01
5.539661749559980564e+01,5.539662234291955656e+01
5.541078154529292732e+01,5.541076682908184381e+01
5.542492219259589348e+01,5.542490629492962029e+01
5.543905994638436141e+01,5.543905157595830246e+01
5.545318852974555313e+01,5.545318946213934197e+01
5.546732949123006762e+01,5.546733664487640425e+01
5.548147973309588821e+01,5.548147612871980527e+01
5.549563470141862354e+01,5.549561942217565758e+01
5.550976957421903535e+01,5.550975746760083496e+01
5.552391461193295896e+01,5.552390469965591535e+01
5.553806242637337931e+01,5.553804695859567175e+01
5.555219547723598339e+01,5.555218721489289635e+01
5.556634744905559131e+01,5.556633123739693758e+01
5.558048153772724476e+01,5.558047030730580929e+01
5.559462140645902650e+01,5.559461542713538051e+01
5.560877493902280833e+01,5.560875604415173257e+01
5.562291367138676179e+01,5.562289715613246699e+01
5.563705070297241662e+01,5.563703945707407428e+01
5.565118822137421972e+01,5.565118198407769512e+01
5.566533715290109541e+01,5.566532244764036363e+01
5.567946147424228087e+01,5.567946650471514403e+01
5.569362548952976510e+01,5.569360645431125789e+01
5.570775520886726184e+01,5.570775134133536710e+01
5.572190065788177549e+01,5.572189239060158172e+01
5.573603776730298875e+01,5.573603399767727495e+01
5.575018200272647562e+01,5.575017632301968007e+01
5.576433761109962006e+01,5.576431935374434090e+01
5.577845337456789565e+01,5.577845985331723710e+01
5.579261535035017516e+01,5.579260497852660450e+01
5.580673545991795947e+01,5.580674395734358484e+01
5.582088315874726447e+01,5.582088721690246302e+01
5.583504117823470381e+01,5.583502874675458827e+01
5.584917902840481929e+01,5.584917041501508095e+01
5.586333579284752204e+01,5.586331615703107190e+01
5.587747029378979136e+01,5.587745367607953284e+01
5.589160853448419175e+01,5.589159777282196018e+01
5.590576134293506527e+01,5.590573992278717697e+01
5.591989071649079790e+01,5.591987974389122940e+01
5.593402274696516230e+01,5.593402279487145279e+01
5.594819555013276613e+01,5.594816504365565635e+01
5.596231769055406602e+01,5.596230936793362076e+01
5.597644459305743680e+01,5.597645472082717788e+01
5.599060476449882628e+01,5.599059343226685570e+01
5.600474251216203925e+01,5.600473470925449249e+01
5.601890142763112834e+01,5.601887745966305232e+01
5.603302380698394813e+01,5.603301728118622549e+01
5.604715642426410227e+01,5.604716095920885266e+01
5.606132771114882019e+01,5.606130594914375109e+01
5.607544830715076500e+01,5.607544515092077120e+01
5.608957910171387340e+01,5.608959093673237817e+01
5.610374312549328835e+01,5.610373263465113780e+01
5.611787609167816271e+01,5.611787423654183016e+01
5.613202253219916571e+01,5.613201420389222562e+01
5.614617610002753878e+01,5.614615523833100497e+01
5.616030172237718432e+01,5.616029880925442797e+01
5.617444314453157261e+01,5.617444360895719768e+01
5.618859271587785997e+01,5.618858370884689890e+01
5.620272748443074562e+01,5.620272444658467492e+01
5.621688451199539571e+01,5.621686609345023555e+01
5.623102673579579402e+01,5.623100837271627483e+01
5.624516298568698147e+01,5.624515107168537043e+01
5.625929536476677839e+01,5.625929180685874087e+01
5.627346951763467331e+01,5.627343692912868534e+01
5.628759850536101794e+01,5.628757616683206066e+01
5.630174325302240135e+01,5.630171930132065938e+01
5.631586763467365842e+01,5.631586559609807807e+01
5.633001774605156697e+01,5.633000191487241892e+01
5.634416934097564678e+01,5.634414726294803444e+01
5.635830617503570750e+01,5.635829047546003778e+01
5.637242288532826962e+01,5.637243108840660000e+01
5.638656725873116926e+01,5.638657042378635964e+01
5.640073384614110807e+01,5.640071343995789732e+01
5.641487163831082796e+01,5.641485379556171864e+01
5.642900538827683476e+01,5.642900325646219528e+01
5.644315604166186517e+01,5.644314281176587400e+01
5.645728657137691187e+01,5.645727981701281095e+01
5.647143813870744111e+01,5.647142650350812687e+01
5.648558160188861166e+01,5.648556784807971098e+01
5.649971888988888225e+01,5.649971259753169761e+01
5.651386013495513794e+01,5.651385037216203955e+01
5.652799624931672895e+01,5.652799373326010368e+01
5.654215461724235325e+01,5.654213817248252383e+01
5.655628084475585382e+01,5.655628285856292337e+01
5.657041191216988096e+01,5.657042324800932676e+01
5.658454567773011945e+01,5.658456405178809945e+01
5.659868972242059471e+01,5.659870596451043667e+01
5.661284735229228460e+01,5.661284879477224763e+01
5.662698796162633386e+01,5.662699175599157542e+01
5.664112804748825170e+01,5.664113017045310983e+01
5.665525555087321408e+01,5.665526933002723808e+01
5.666941941438921759e+01,5.666941508979697062e+01
5.668356634328337407e+01,5.668355577764720721e+01
5.669770621416647316e+01,5.669769723226471569e+01
5.671185410111930025e+01,5.671184223498104160e+01
5.672596545344620012e+01,5.672598424955741336e+01
5.674012636086693817e+01,5.674012812286512286e+01
5.675426702617525621e+01,5.675426710304175515e+01
5.676841365151952346e+01,5.676840896216968702e+01
5.678256084645880009e+01,5.678254958132546903e+01
5.679670290259891630e+01,5.679669594854676973e+01
5.681083895753170765e+01,5.681083469954376852e+01
5.682500496514180099e+01,5.682497755837643894e+01
5.683912237846345050e+01,5.683912293823839690e+01
5.685327632676236220e+01,5.685326396260411741e+01
5.686740132033289541e+01,5.686740279377655582e+01
5.688155065595736204e+01,5.688155099288461969e+01
5.689568309923715361e+01,5.689569138151961880e+01
5.690983461079936490e+01,5.690983521588081828e+01
5.692396588019619230e+01,5.692397438042349478e+01
5.693813577327798470e+01,5.693811740077045158e+01
5.695225493650234228e+01,5.695225754130176909e+01
5.696642025969073586e+01,5.696640496022269673e+01
5.698053820497418798e+01,5.698054653782380541e+01
5.699468071309667749e+01,5.699468372640617275e+01
5.700883123255290030e+01,5.700882463577001147e+01
5.702298332110622425e+01,5.702296909794208801e+01
5.703711847286639625e+01,5.703710851627463541e+01
5.705124978817558201e+01,5.705125388336578851e+01
5.706539791652033955e+01,5.706539483855654993e+01
5.707953124072862749e+01,5.707953641003967959e+01
5.709367262106088958e+01,5.709367870481169405e+01
5.710782980816670573e+01,5.710782215383277816e+01
5.712197554287697443e+01,5.712196331202795818e+01
5.713611840035749623e+01,5.713610750697123564e+01
5.715024876847357405e+01,5.715024711739577157e+01
5.716441227352068921e+01,5.716438812549961312e+01
5.717854133189904786e+01,5.717853454631817556e+01
5.719266764799157698e+01,5.719267607669078757e+01
5.720682936967489951e+01,5.720681651858490824e+01
5.722096535452838140e+01,5.722095977467282779e+01
5.723511274731833964e+01,5.723510096942438707e+01
5.724924751246880561e+01,5.724924559947088909e+01
5.726339595536791904e+01,5.726338568024739573e+01
5.727755462817373910e+01,5.727752970441090952e+01
5.729167686292773709e+01,5.729166516386598573e+01
5.730583745050413569e+01,5.730581071408919058e+01
5.731995837237626290e+01,5.731995303124518415e+01
5.733409292629539777e+01,5.733409357313020394e+01
5.734823440416008822e+01,5.734823808210617102e+01
5.736239595145980985e+01,5.736238076330766944e+01
5.737654822507814600e+01,5.737652391888311598e+01
5.739066927725755818e+01,5.739066730504476510e+01
5.740482037825846362e+01,5.740480918054699089e+01
5.741896538547090501e+01,5.741894896462223130e+01
5.743310102511158988e+01,5.743309488043239242e+01
5.744723392571492582e+01,5.744723569113326533e+01
5.746136848756459869e+01,5.746137478163706902e+01
5.747553395706203361e+01,5.747551505298512353e+01
5.748965631684285427e+01,5.748966065041275897e+01
5.750379775840167440e+01,5.750379924024041856e+01
5.751796135003239385e+01,5.751794443394002343e+01
5.753210157215438869e+01,5.753208445971178264e+01
5.754623029701086523e+01,5.754622467378734285e+01
5.756039205750473542e+01,5.756037201510422108e+01
5.757452496475342940e+01,5.757451137718619094e+01
5.758866274615263592e+01,5.758865420574413463e+01
5.760279769108007741e+01,5.760279757712748250e+01
5.761694300788155942e+01,5.761693652589673320e+01
5.763108761918815048e+01,5.763108168252592378e+01
5.764522948965237958e+01,5.764522177878809117e+01
5.765937292856742147e+01,5.765936565316372509e+01
5.767350822344129568e+01,5.767350680041341349e+01
5.768765589176614128e+01,5.768764699061693335e+01
5.770180085473533182e+01,5.770178993405272649e+01
5.771594189985544432e+01,5.771593383532589172e+01
5.773007684966705000e+01,5.773007575566757765e+01
5.774423739615975393e+01,5.774421577236933700e+01
5.775837443137309890e+01,5.775835887455522055e+01
5.777252179299920698e+01,5.777250022609512570e+01
5.778665430040548756e+01,5.778664494755032877e+01
5.780080053578515020e+01,5.780078239775883731e+01
5.781491870893119511e+01,5.781492779462931964e+01
5.782908648000240959e+01,5.782907241325700198e+01
5.784323093400294624e+01,5.784320924136439146e+01
5.785735816165207979e+01,5.785735719844002034e+01
5.787149050766444702e+01,5.787149497954322896e+01
5.788563946322813791e+01,5.788563922754949687e+01
5.789977053938761742e+01,5.789978121317860627e+01
5.791392595183379655e+01,5.791392206664340137e+01
5.792806228526327317e+01,5.792806265976098956e+01
5.794220246612051994e+01,5.794220432030319046e+01
5.795634846661901207e+01,5.795634665582242206e+01
5.797050474213403959e+01,5.797049012101751231e+01
5.798464952062601441e+01,5.798463388577563649e+01
5.799877949448692505e+01,5.799877813383952230e+01
5.801292314930673655e+01,5.801291783120429812e+01
5.802707698156761040e+01,5.802706416001516487e+01
5.804121951408342994e+01,5.804119973712582947e+01
5.805534704384412947e+01,5.805534689868539289e+01
5.806949691393109703e+01,5.806948953641200717e+01
5.808365710640314461e+01,5.808363069222099284e+01
5.809777424658684453e+01,5.809777426141636170e+01
5.811193103938175142e+01,5.811191379282700353e+01
5.812606437059115194e+01,5.812605372993279929e+01
5.814021113502977300e+01,5.814020260066059365e+01
5.815435966673933166e+01,5.815434442808729898e+01
5.816849126613374210e+01,5.816848084590127144e+01
5.818263406513940339e+01,5.818262623880016093e+01
5.819678398438288980e+01,5.819676480969042842e+01
5.821093644999938732e+01,5.821091195482380698e+01
5.822506560389074792e+01,5.822505127937559877e+01
5.823921694596272403e+01,5.823919440765490663e+01
5.825335353237627345e+01,5.825333540363256191e+01
5.826748945999766249e+01,5.826747967476187284e+01
5.828163906939536076e+01,5.828161945144277212e+01
5.829578471029069675e+01,5.829576302428796453e+01
5.830992221133077891e+01,5.830990374877646332e+01
5.832405579327121359e+01,5.832404542820043503e+01
5.833818876480524551e+01,5.833818782561260718e+01
5.835235491068148406e+01,5.835232896059500263e+01
5.836647587411781757e+01,5.836646697320367139e+01
5.838063851541203775e+01,5.838061191161163066e+01
5.839476691168530920e+01,5.839475143329664064e+01
5.840890771247369884e+01,5.840889776807370026e+01
5.842306308117004221e+01,5.842303953361017221e+01
5.843721472274585693e+01,5.843718174927082032e+01
5.845135156120157660e+01,5.845132438941522679e+01
5.846548555366457123e+01,5.846546767075854234e+01
5.847962339944879062e+01,5.847961202004611891e+01
5.849376492663888172e+01,5.849375143244456865e+01
5.850789942002858623e+01,5.850789153498848094e+01
5.852203107002386417e+01,5.852203200418704654e+01
5.853618154553787889e+01,5.853617925617171380e+01
5.855032844884730281e+01,5.855031901919321768e+01
5.856445495659365008e+01,5.856446198820968618e+01
5.857859504692985553e+01,5.857860568774491128e+01
5.859274658675775527e+01,5.859274471362086700e+01
5.860690281196669815e+01,5.860688751652285333e+01
5.862103251717765318e+01,5.862102777235837436e+01
5.863517886457429285e+01,5.863517179938830282e+01
5.864932241797025370e+01,5.864931363916610252e+01
5.866345894057281640e+01,5.866345617254261668e+01
5.867760345377703146e+01,5.867760223270833109e+01
5.869175616225344783e+01,5.869174109122317873e+01
5.870589955440102159e+01,5.870588324398089242e+01
5.872004004909887698e+01,5.872002848426372879e+01
5.873419097348942586e+01,5.873416675941007270e+01
5.874832164411236590e+01,5.874831044612569997e+01
5.876246264136540987e+01,5.876245267432415886e+01
5.877661162686032270e+01,5.877659842625845954e+01
5.879074921760556549e+01,5.879073900482177351e+01
5.880489708353753997e+01,5.880488079517734690e+01
5.881903126856168740e+01,5.881901978564348354e+01
5.883318014522070882e+01,5.883316312299056960e+01
5.884733482568758944e+01,5.884730719384155151e+01
5.886145526862803479e+01,5.886144570073189897e+01
5.887558364476357298e+01,5.887559056508227684e+01
5.888971705875967189e+01,5.888973046676093759e+01
5.890388669771018471e+01,5.890387234916931902e+01
5.891802977237581018e+01,5.891801416748457143e+01
5.893215580572719148e+01,5.893215638111000487e+01
5.894631185027252229e+01,5.894629988055495318e+01
5.896045737368307726e+01,5.896043806213894811e+01
5.897459245596056832e+01,5.897458285154097979e+01
5.898875211483561998e+01,5.898872326886105810e+01
5.900287844651177949e+01,5.900286601512302553e+01
5.901702034418045173e+01,5.901701286915998423e+01
5.903115084878890428e+01,5.903115465755240621e+01
5.904530369061202322e+01,5.904529211062350669e+01
5.905943515321567361e+01,5.905943828442104149e+01
5.907358677191108853e+01,5.907357699800600415e+01
5.908772036917524417e+01,5.908772167943102716e+01
5.910188159600723878e+01,5.910186498848553782e+01
5.911602272464289598e+01,5.911600573505700851e+01
5.913015775432621268e+01,5.913014437900879017e+01
5.914429765991368981e+01,5.914428644276044622e+01
5.915844224031690146e+01,5.915843250725365721e+01
5.917258103175342399e+01,5.917257044534980537e+01
5.918671350047047497e+01,5.918671743083840653e+01
5.920086836224160720e+01,5.920085725545523303e+01
5.921501060047392428e+01,5.921500060830043566e+01
5.922913045597952220e+01,5.922914361768130931e+01
5.924329772661390336e+01,5.924328311197113095e+01
5.925743818170600719e+01,5.925742576458701905e+01
5.927157573125494849e+01,5.927157161287802012e+01
5.928570413015086160e+01,5.928571257940200212e+01
5.929986340338170692e+01,5.929985481051792817e+01
5.931399933422770232e+01,5.931399178886947965e+01
5.932813454292188027e+01,5.932813498486761716e+01
5.934228007816755479e+01,5.934227655287998004e+01
5.935643690099701786e+01,5.935642158254588452e+01
5.937057037907590740e+01,5.937056145795014572e+01
5.938469235945208169e+01,5.938470154214371632e+01
5.939885822854220976e+01,5.939884909764894871e+01
5.941298992480398056e+01,5.941298827480562750e+01
5.942711865860675147e+01,5.942713337136605389e+01
5.944127730632841633e+01,5.944127489041567003e+01
5.945542994762533340e+01,5.945541928214914407e+01
5.946956789410652533e+01,5.946955873355149436e+01
5.948370511683538808e+01,5.948370434606609081e+01
5.949784183592284137e+01,5.949784521413875638e+01
5.951198429434696635e+01,5.951198938056900545e+01
5.952611989895915912e+01,5.952612616618699803e+01
5.954027425411257468e+01,5.954027261161937901e+01
5.955442058636501201e+01,5.955441073179078870e+01
5.956856299909708241e+01,5.956854981159899864e+01
5.958270687074164584e+01,5.958269801627329798e+01
5.959683717001550463e+01,5.959683811727170166e+01
5.961097779864581270e+01,5.961097654537247337e+01
5.962512640188226953e+01,5.962511861655481482e+01
5.963926569076198803e+01,5.963926397046271433e+01
5.965340442434884949e+01,5.965340720305037081e+01
5.966755988855171466e+01,5.966754889737290313e+01
5.968168656556156293e+01,5.968169025476020551e+01
5.969583215915506713e+01,5.969583310503155360e+01
5.970996300009580438e+01,5.970997377649030113e+01
5.972411067610904212e+01,5.972411769772263312e+01
5.973824354315426177e+01,5.973826216568560454e+01
5.975240632445429867e+01,5.975240307481021063e+01
5.976653258649857037e+01,5.976654067883892907e+01
5.978068869101845451e+01,5.978068800489442225e+01
5.979483885870345006e+01,5.979482507873810704e+01
5.980897741609781093e+01,5.980896775254289821e+01
5.982312624519980204e+01,5.982311153652736380e+01
5.983727457402515881e+01,5.983725075071588151e+01
5.985140573995753499e+01,5.985139555493102392e+01
5.986554419822272877e+01,5.986553585907348918e+01
5.987969068581186605e+01,5.987967703052024149e+01
5.989384508827398435e+01,5.989382469677325815e+01
5.990795444233147293e+01,5.990796337375245884e+01
5.992210773087943920e+01,5.992210694855200614e+01
5.993626040761424889e+01,5.993625107013677678e+01
5.995039305593590484e+01,5.995038982430614283e+01
5.996454237606230464e+01,5.996452972509055002e+01
5.997868131843371486e+01,5.997867327686628869e+01
5.999283474478325928e+01,5.999281500008527246e+01
6.000695405340350419e+01,6.000695607778428808e+01
6.002111174490593015e+01,6.002110194957965916e+01
6.003524616264061109e+01,6.003523980714375341e+01
6.004939174025803794e+01,6.004938657930119916e+01
6.006353676234382988e+01,6.006353133843357739e+01
6.007766939350189261e+01,6.007766864495947345e+01
6.009181318832063567e+01,6.009181477027510709e+01
6.010597607002983267e+01,6.010595399311837639e+01
6.012010455680594845e+01,6.012009596790130672e+01
6.013424337735043679e+01,6.013423611787182921e+01
6.014838477171058173e+01,6.014838246453243187e+01
6.016253437021618566e+01,6.016252133886278841e+01
6.017666904275709072e+01,6.017666620545080036e+01
6.019080552165273446e+01,6.019080378937005804e+01
6.020494766391914254e+01,6.020494768101588079e+01
6.021910030052257667e+01,6.021909201337382456e+01
6.023323269044024642e+01,6.023323158942229583e+01
6.024740031585974975e+01,6.024737815517343620e+01
6.026152923391106242e+01,6.026151879720222126e+01
6.027568485980914659e+01,6.027566108056669947e+01
6.028981479557621981e+01,6.028980321807850373e+01
6.030395287268118665e+01,6.030394093877725936e+01
6.031809021654904512e+01,6.031808487866179291e+01
6.033223250289113793e+01,6.033222937207710856e+01
6.034636873763125919e+01,6.034636905068548174e+01
6.036052376399928221e+01,6.036051564406190550e+01
6.037465877059673858e+01,6.037465680275280988e+01
6.038879658734997946e+01,6.038879296475028013e+01
6.040297496773636254e+01,6.040293676075788909e+01
6.041708518186620580e+01,6.041708494342307034e+01
6.043121560064388831e+01,6.043122328426572665e+01
6.044537261309888976e+01,6.044536857348110459e+01
6.045951280870224309e+01,6.045950306411034347e+01
6.047366079126658178e+01,6.047364952394543280e+01
6.048779963844376084e+01,6.048779094810807067e+01
6.050195206361179601e+01,6.050193330995037400e+01
6.051607548834640227e+01,6.051607597957276852e+01
6.053023544321966654e+01,6.053021441790112078e+01
6.054438058800375444e+01,6.054435349920829879e+01
6.055850535869198126e+01,6.055850340411917188e+01
6.057264063742688620e+01,6.057264362418035120e+01
6.058680570728115811e+01,6.058678571961200277e+01
6.060095703170079418e+01,6.060092769647665278e+01
6.061507946196131513e+01,6.061507497472214112e+01
6.062922103932729101e+01,6.062921268291663068e+01
6.064336188396546135e+01,6.064335645310648459e+01
6.065751630379547521e+01,6.065750132821289498e+01
6.067164196287815514e+01,6.067163546343990532e+01
6.068577007990839434e+01,6.068578077671548243e+01
6.069992585750448200e+01,6.069992231478974531e+01
6.071407781547998184e+01,6.071406996177974236e+01
6.072821829056294263e+01,6.072820733779747115e+01
6.074234939332084338e+01,6.074235053991824884e+01
6.075650293950551628e+01,6.075649433905968522e+01
6.077063293313131709e+01,6.077063349580286911e+01
6.078478171052519485e+01,6.078477958420526051e+01
6.079892466757096514e+01,6.079892033893109726e+01
6.081308758806843429e+01,6.081306207410979425e+01
6.082720423829952949e+01,6.082720347738121092e+01
6.084134547022508599e+01,6.084134083175752750e+01
6.085550323879979828e+01,6.085548488478036688e+01
6.086965175422885466e+01,6.086962940826168023e+01
6.088378558250992967e+01,6.088376893567944137e+01
6.089793061939116825e+01,6.089791451869197658e+01
6.091205789388224190e+01,6.091205494557804911e+01
6.092618975578530183e+01,6.092620200889326298e+01
6.094034395304222329e+01,6.094034479065233256e+01
6.095449765751396143e+01,6.095448264489845513e+01
6.096862554495015019e+01,6.096862611785766717e+01
6.098278120569078453e+01,6.098277056028594956e+01
6.099692442953463001e+01,6.099691036480033546e+01
6.101105592034439695e+01,6.101105085810556972e+01
6.102521198489792198e+01,6.102519773274653403e+01
6.103935974604203807e+01,6.103933958719149899e+01
6.105347212259456313e+01,6.105348168132201891e+01
6.106762966443282892e+01,6.106761981016219920e+01
6.108177557951635350e+01,6.108176379134115308e+01
6.109590906161515989e+01,6.109590290982464467e+01
6.111006462953497476e+01,6.111004878967094811e+01
6.112420882122721366e+01,6.112418919849578458e+01
6.113832401199418598e+01,6.113833000102399495e+01
6.115247785912789880e+01,6.115247237511528056e+01
6.116662883585549793e+01,6.116661519618295983e+01
6.118076725727982534e+01,6.118075873692346534e+01
6.119490849448106928e+01,6.119489738978613502e+01
6.120905431760946414e+01,6.120904246753995892e+01
6.122317788079331535e+01,6.122318193064913316e+01
6.123735098193019155e+01,6.123732344838774821e+01
6.125146137579224614e+01,6.125146410937578878e+01
6.126559384872258107e+01,6.126561169693405873e+01
6.127977373326866939e+01,6.127975563002533477e+01
6.129388240489939221e+01,6.129389294409731548e+01
6.130805549723054071e+01,6.130803822779338219e+01
6.132216624519724490e+01,6.132217682826477301e+01
6.133631527977887998e+01,6.133632309696353246e+01
6.135049008586002373e+01,6.135045916667526456e+01
6.136461519314637769e+01,6.136460079331889972e+01
6.137875162204685608e+01,6.137874311700576868e+01
6.139290150449908623e+01,6.139289164499869145e+01
6.140703682734447710e+01,6.140703003082282407e+01
6.142118004168624879e+01,6.142117449347883706e+01
6.143531413205374037e+01,6.143531417646865833e+01
6.144945849445215913e+01,6.144945495431444016e+01
6.146360542037781727e+01,6.146360154526627184e+01
6.147775492730004032e+01,6.147774366716290473e+01
6.149190844959824176e+01,6.149188163830014986e+01
6.150603720942903863e+01,6.150602432836324596e+01
6.152017623562360171e+01,6.152016821197651097e+01
6.153432896406796715e+01,6.153430781271248406e+01
6.154846358080904878e+01,6.154844783750632331e+01
6.156260075612664906e+01,6.156259395089310971e+01
6.157676026845489048e+01,6.157673557722028335e+01
6.159090497038593526e+01,6.159087776814905624e+01
6.160504905561833056e+01,6.160502060770339483e+01
6.161918402369651204e+01,6.161915850333718936e+01
6.163331255475412718e+01,6.163330819995658771e+01
6.164745822945302223e+01,6.164744728482143898e+01
6.166161073460470732e+01,6.166159345267040237e+01
6.167574336689018821e+01,6.167572876497317225e+01
6.168990101116640545e+01,6.168987610044328562e+01
6.170402671853934606e+01,6.170401822480262410e+01
6.171818019256216559e+01,6.171816144683059946e+01
6.173230479590840503e+01,6.173229939769547769e+01
6.174646566574335793e+01,6.174644422001299660e+01
6.176059766352759084e+01,6.176058382329679830e+01
6.177472359823161696e+01,6.177472895525364294e+01
6.178887718221024983e+01,6.178887046871214750e+01
6.180302152444271258e+01,6.180301228191067509e+01
6.181717387704989619e+01,6.181715498566813949e+01
6.183130292328034727e+01,6.183129248204640049e+01
6.184545404045594807e+01,6.184543676615918173e+01
6.185959591488059317e+01,6.185958140238405889e+01
6.187372085347699624e+01,6.187372070057038798e+01
6.188787581683476446e+01,6.188786153704248250e+01
6.190201890255363537e+01,6.190200829067183719e+01
6.191616719972221006e+01,6.191614506046785493e+01
6.193028104518407417e+01,6.193028688148137917e+01
6.194445079319222458e+01,6.194443091371697108e+01
6.195859141080453725e+01,6.195858055193279057e+01
6.197271229645350132e+01,6.197271374068342453e+01
6.198685737431648590e+01,6.198685944193140074e+01
6.200101059644008927e+01,6.200100040476993968e+01
6.201514900769674909e+01,6.201514192166553840e+01
6.202929223511337398e+01,6.202928962848914551e+01
6.204342183920578435e+01,6.204343182215298214e+01
6.205756715452340444e+01,6.205757022374888265e+01
6.207170879982827927e+01,6.207170894681199513e+01
6.208585274967570200e+01,6.208585417739435997e+01
6.209999952693495118e+01,6.209999429938205395e+01
6.211413375064950060e+01,6.211413516824817549e+01
6.212827929450987341e+01,6.212827664688975204e+01
6.214241215080035374e+01,6.214242451318983740e+01
6.215655658834556618e+01,6.215656208913093650e+01
6.217070559423992648e+01,6.217070604959599933e+01
6.218483686549754452e+01,6.218484497367502684e+01
6.219899657154087436e+01,6.219899047685922255e+01
6.221312660940284900e+01,6.221313052610211969e+01
6.222729077575156253e+01,6.222727219921409869e+01
6.224141387700449712e+01,6.224141922707028129e+01
6.225557363873991790e+01,6.225555674756733282e+01
6.226970757341774743e+01,6.226969972901832762e+01
6.228386582921216075e+01,6.228384959845558910e+01
6.229799866228059102e+01,6.229798839998397852e+01
6.231214175846553616e+01,6.231212857816758799e+01
6.232629617153830281e+01,6.232626930710380009e+01
6.234041522288874404e+01,6.234041004620308968e+01
6.235456840039955750e+01,6.235455218434756830e+01
6.236871751671507980e+01,6.236870079846722348e+01
6.238285540091010972e+01,6.238283848580542212e+01
6.239699810481244668e+01,6.239698243871874439e+01
6.241114337447552884e+01,6.241112195377918681e+01
6.242527927292628220e+01,6.242526717938196867e+01
6.243941694978365575e+01,6.243940795143856803e+01
6.245356036975319114e+01,6.245354936148100933e+01
6.246683828132670868e+01,6.246682162450804299e+01
6.248056066397820985e+01,6.248055310492021164e+01
6.249491086116125871e+01,6.249490947238385985e+01
6.250897080375042236e+01,6.250894027941521358e+01
6.252314918826351686e+01,6.252313586610681995e+01
6.253725754855950214e+01,6.253725023151185525e+01
6.255145909959009032e+01,6.255146410839311955e+01
6.256569500382938998e+01,6.256569918308215250e+01
6.257994648040811114e+01,6.257993592640419678e+01
6.259417796564596870e+01,6.259416755192131632e+01
6.260840642279727319e+01,6.260840469296659450e+01
6.262264527489733723e+01,6.262263793450168947e+01
6.263687501547434522e+01,6.263686603828086419e+01
6.265107841151464640e+01,6.265108949717252784e+01
6.266531515089346982e+01,6.266530421642202242e+01
6.267949820817921136e+01,6.267951305753585700e+01
6.269372244478957157e+01,6.269371355793699507e+01
6.270790057734329537e+01,6.270790853100263007e+01
6.272209255423360474e+01,6.272209416985613473e+01
6.273627542669348855e+01,6.273627541835471533e+01
6.275045160112676257e+01,6.275044678384634267e+01
6.276461335771359984e+01,6.276461319265244043e+01
6.277876680469228887e+01,6.277877462699547806e+01
6.279293834616983361e+01,6.279293813376385458e+01
6.280709535513440755e+01,6.280709117619239379e+01
6.282125745704495756e+01,6.282123993478226964e+01
6.283540791652736601e+01,6.283539446869067291e+01
6.284956030095298729e+01,6.284953907834514553e+01
6.286368925586558731e+01,6.286368414192699561e+01
6.287784902121001096e+01,6.287783064693932289e+01
6.289199093329474266e+01,6.289197740750444865e+01
6.290611273664686109e+01,6.290611377125856762e+01
6.292027636070108798e+01,6.292025711486452622e+01
6.293441111867069537e+01,6.293439516682050794e+01
6.294855931336119426e+01,6.294853975016025061e+01
6.296269841085236862e+01,6.296267912611616424e+01
6.297682891107064052e+01,6.297682468464865480e+01
6.299098096614416420e+01,6.299096564348197802e+01
6.300510720098554884e+01,6.300510183243103768e+01
6.301925244163805218e+01,6.301924427874210011e+01
6.303339720671472435e+01,6.303338189897180399e+01
6.304754983016467662e+01,6.304752601948150925e+01
6.306167916156700670e+01,6.306166492037555571e+01
6.307581635534142350e+01,6.307581004575370542e+01
6.308997918823774853e+01,6.308995076018665316e+01
6.310410666777681854e+01,6.310409155054765762e+01
6.311824214680395784e+01,6.311823330783681030e+01
6.313238576293917959e+01,6.313237054337244558e+01
6.314651243014277782e+01,6.314651282781591846e+01
6.316065467008975531e+01,6.316065684228666299e+01
6.317481047793656046e+01,6.317480183513818304e+01
6.318893769755209888e+01,6.318894101363312643e+01
6.320309545199665280e+01,6.320308217414820717e+01
6.321724093249896015e+01,6.321722354532047206e+01
6.323136375790602415e+01,6.323136491825437133e+01
6.324550800031570930e+01,6.324550757883252317e+01
6.325966885629575387e+01,6.325965135598785594e+01
6.327380401536132837e+01,6.327379518316367069e+01
6.328794096926934287e+01,6.328793439249844255e+01
6.330206070098834914e+01,6.330207922588491698e+01
6.331621921865597358e+01,6.331622043882699558e+01
6.333036638312230338e+01,6.333035618728564486e+01
6.334450932928339739e+01,6.334450382757167120e+01
6.335866372704298755e+01,6.335864684257198576e+01
6.337278276916497788e+01,6.337279001740554207e+01
6.338692187934571365e+01,6.338692854595079496e+01
6.340108529948529537e+01,6.340107407855645505e+01
6.341522317059502001e+01,6.341521401145061532e+01
6.342937130475834095e+01,6.342935511915858626e+01
6.344348829353784680e+01,6.344350125015115083e+01
6.345763533539390266e+01,6.345763828664004791e+01
6.347178477303131672e+01,6.347178691198749334e+01
6.348593918641258682e+01,6.348592549477526603e+01
6.350007348718354194e+01,6.350006404787544767e+01
6.351424070868779381e+01,6.351420981455524384e+01
6.352834765632898240e+01,6.352834944567202058e+01
6.354251136894536955e+01,6.354249646608354141e+01
6.355664319127745898e+01,6.355663771031660048e+01
6.357079388945426501e+01,6.357078051395144058e+01
6.358494500575678643e+01,6.358492351226639983e+01
6.359906077744317798e+01,6.359906662121223064e+01
6.361319902367404211e+01,6.361320008412446469e+01
6.362735571309975313e+01,6.362735122513958430e+01
6.364147852844465092e+01,6.364148567712958027e+01
6.365563742727007224e+01,6.365563277673702203e+01
6.366978393477430131e+01,6.366977484338478632e+01
6.368392755217430334e+01,6.368391740209950314e+01
6.369807054795374057e+01,6.369806054285788122e+01
6.371220445927864517e+01,6.371219863477771383e+01
6.372634063692234463e+01,6.372634320876119318e+01
6.374048177252551284e+01,6.374048851125963466e+01
6.375461397366152028e+01,6.375462305541805108e+01
6.376877123826829319e+01,6.376876481351834514e+01
6.378291051832039926e+01,6.378291223246154829e+01
6.379705476836236500e+01,6.379704975857958260e+01
6.381120714611780187e+01,6.381119328051337902e+01
6.382535332165806352e+01,6.382533746791081342e+01
6.383948483395464280e+01,6.383947657131828635e+01
6.385361557753483197e+01,6.385362162722018553e+01
6.386689878555725386e+01,6.386689364233964739e+01
6.388061373444825364e+01,6.388062121816206229e+01
6.389497843608157268e+01,6.389498372435969742e+01
6.390901332696261505e+01,6.390900577674613459e+01
6.392320675256047480e+01,6.392321205366442172e+01
6.393730842643435608e+01,6.393731919380162054e+01
6.395155135975454641e+01,6.395153322180453159e+01
6.396578279201443706e+01,6.396577261329596098e+01
6.398001904552364039e+01,6.398000785415228364e+01
6.399424090873857551e+01,6.399423793884383826e+01
6.400849009794785616e+01,6.400847485093648004e+01
6.402273019908368212e+01,6.402270694643817706e+01
6.403693371481895724e+01,6.403693858487773127e+01
6.405116651879018264e+01,6.405116197843261716e+01
6.406538797010125563e+01,6.406538041500603242e+01
6.407958974839718280e+01,6.407958307898047678e+01
6.409378683987263514e+01,6.409378729555932352e+01
6.410798360548892560e+01,6.410798170577116650e+01
6.412216614003358472e+01,6.412216558595534366e+01
6.413633974224963197e+01,6.413633938281292046e+01
6.415053433675079475e+01,6.415052104355795848e+01
6.416470065961425462e+01,6.416468619517051764e+01
6.417885775167113138e+01,6.417885206241713547e+01
6.419301452077583292e+01,6.419300817167606965e+01
6.420715875713837306e+01,6.420716490084222983e+01
6.422131141130782339e+01,6.422131715219691728e+01
6.423547749973229770e+01,6.423546557537888191e+01
6.424961487631436796e+01,6.424961355893483983e+01
6.426376266049499009e+01,6.426375758028000007e+01
6.427790121469759299e+01,6.427790213678484577e+01
6.429117661532258410e+01,6.429118247461310887e+01
6.430492817127249339e+01,6.430490448527638137e+01
6.431928090630856332e+01,6.431926585676494312e+01
6.433329853641211571e+01,6.433329206293346658e+01
6.434749123538027504e+01,6.434749209796549962e+01
6.436160061537390220e+01,6.436160412560607824e+01
6.437581214748625769e+01,6.437581110138539486e+01
6.439005987455583124e+01,6.439005046635169549e+01
6.440428432636507239e+01,6.440428439765436508e+01
6.441853352527496668e+01,6.441850955437213599e+01
6.443275428970441965e+01,6.443275017486263323e+01
6.444699649334648939e+01,6.444698197208823842e+01
6.446123277158164910e+01,6.446121402124822453e+01
6.447544608740007277e+01,6.447543035695765923e+01
6.448965244424142895e+01,6.448964796453398662e+01
6.450387597885681146e+01,6.450385589542035802e+01
6.451805588022757831e+01,6.451805321385694469e+01
6.453224950094146095e+01,6.453224652722960286e+01
6.454642574591166237e+01,6.454642431788707313e+01
6.456061437319108620e+01,6.456060936491952873e+01
6.457478422816710406e+01,6.457478342236241531e+01
6.458895273754363586e+01,6.458894783112693005e+01
6.460312620815183493e+01,6.460311343742138490e+01
6.461728744980437966e+01,6.461726917803312631e+01
6.463143703538075613e+01,6.463143079276673575e+01
6.464559535690165148e+01,6.464557655136923131e+01
6.465974098899502565e+01,6.465972874463598430e+01
6.467390563807835235e+01,6.467387692432104984e+01
6.468803614609126384e+01,6.468801944747342247e+01
6.470217161971652331e+01,6.470216276622359430e+01
6.471631279406553006e+01,6.471630695794176802e+01
6.473045790913543840e+01,6.473045223943198323e+01
6.474461131132947855e+01,6.474458779549834730e+01
6.475873026204115490e+01,6.475872832383690536e+01
6.477287983719310205e+01,6.477287588524740158e+01
6.478699542109416143e+01,6.478701215686915305e+01
6.480117110133036817e+01,6.480116209577636255e+01
6.481529647835536423e+01,6.481529482776974760e+01
6.482944387935032182e+01,6.482943408879864933e+01
6.484358189739060663e+01,6.484357930906450918e+01
6.485773665198706794e+01,6.485772041377200026e+01
6.487186497946611041e+01,6.487186125169557727e+01
6.488599569888417307e+01,6.488600297447133869e+01
6.490012579812714932e+01,6.490014539946363925e+01
6.491427806651715571e+01,6.491428913058291528e+01
6.492842987211341210e+01,6.492842790002835329e+01
6.494257229625374350e+01,6.494257268980290121e+01
6.495670006541840280e+01,6.495671224361710472e+01
6.497085000334971028e+01,6.497085322060199530e+01
6.498500160076902432e+01,6.498499506047696173e+01
6.499913382382592886e+01,6.499913671606697108e+01
6.501329277829722741e+01,6.501328012490276365e+01
6.502742604037145213e+01,6.502742334539183844e+01
6.504156727937576932e+01,6.504156754728607837e+01
6.505573871669568575e+01,6.505570800502394491e+01
6.506987026926714179e+01,6.506984765076920496e+01
6.508401311180861626e+01,6.508398816765425465e+01
6.509812922938978375e+01,6.509812922487556364e+01
6.511228170675084925e+01,6.511227164044943549e+01
6.512641077257299571e+01,6.512641413924009726e+01
6.514055988555880106e+01,6.514055218565252403e+01
6.515471034156354335e+01,6.515470202902768904e+01
6.516885489281109756e+01,6.516884192087090355e+01
6.518297603994160738e+01,6.518298167831629542e+01
6.519712494458926244e+01,6.519712256334331357e+01
6.521126763563778184e+01,6.521126427642531098e+01
6.522540425621932059e+01,6.522541172016505584e+01
6.523956865064323551e+01,6.523954995440327309e+01
6.525369544192533056e+01,6.525368798730924880e+01
6.526782460663989127e+01,6.526783720044026893e+01
6.528197853433299258e+01,6.528197729666506177e+01
6.529613184310193219e+01,6.529611792595736119e+01
6.531025945431069601e+01,6.531025839990776660e+01
6.532441664748479582e+01,6.532440644862288082e+01
6.533855177119869495e+01,6.533854322506751089e+01
6.535267735869281580e+01,6.535269124045758815e+01
6.536683859839229171e+01,6.536683026438365118e+01
6.538098905044419951e+01,6.538096965905633340e+01
6.539510433504615605e+01,6.539511380995611489e+01
6.540926442377286776e+01,6.540925500086756017e+01
6.542339794157769006e+01,6.542340129346020206e+01
6.543754835216017796e+01,6.543753804190014023e+01
6.545168693867024956e+01,6.545168585928111327e+01
6.546582750081037716e+01,6.546582364053844572e+01
6.547996500172509116e+01,6.547996735249202516e+01
6.549411851443147725e+01,6.549410693660846050e+01
6.550825477123669316e+01,6.550825187414086770e+01
6.552241004153471238e+01,6.552239298616960639e+01
6.553653102433517574e+01,6.553653330844068137e+01
6.555067645001332721e+01,6.555067569034929420e+01
6.556482125811076855e+01,6.556481843522045949e+01
6.557895227301490593e+01,6.557896135904843504e+01
6.559310459273584115e+01,6.559310029188311830e+01
6.560727031652636754e+01,6.560724576127931584e+01
6.562139844168851255e+01,6.562139106933857136e+01
6.563552729461585500e+01,6.563552533167430170e+01
6.564967712195290517e+01,6.564966716907154876e+01
6.566383476153056620e+01,6.566381539001682199e+01
6.567797262214530463e+01,6.567795236781667256e+01
6.569207603651354077e+01,6.569209434021331617e+01
6.570626563444676549e+01,6.570624030942522609e+01
6.572041006199974333e+01,6.572038524176085161e+01
6.573453124130965364e+01,6.573452472377587696e+01
6.574867474758723063e+01,6.574865992908951284e+01
6.576280871375659842e+01,6.576280648917949634e+01
6.577697028578575100e+01,6.577694946548393773e+01
6.579110845274441033e+01,6.579109233100454901e+01
6.580524701864190718e+01,6.580523560705162822e+01
6.581937865429186729e+01,6.581937933539951757e+01
6.583352370862941427e+01,6.583351914304556374e+01
6.584767373203833074e+01,6.584765974586478876e+01
6.586180997286275840e+01,6.586180002753961560e+01
6.587596175058422432e+01,6.587594216609582531e+01
6.589010745681871128e+01,6.589009014727059821e+01
6.590425287102044649e+01,6.590422742145689483e+01
6.591839749393322734e+01,6.591837117676996627e+01
6.593252730648539739e+01,6.593251523000365921e+01
6.594665649165453658e+01,6.594666002921239567e+01
6.596081029190487754e+01,6.596080078523895907e+01
6.597493611093925381e+01,6.597494119828546388e+01
6.598908654152771192e+01,6.598907756097922572e+01
6.600323270673054310e+01,6.600322597304021599e+01
6.601737313213087077e+01,6.601736893279019114e+01
6.603151081519963839e+01,6.603150663636318995e+01
6.604565527562833438e+01,6.604565152120878224e+01
6.605980258765440283e+01,6.605979153840630147e+01
6.607394351429806534e+01,6.607393736450761423e+01
6.608807539205477610e+01,6.608807819895868363e+01
6.610224361489298417e+01,6.610222067013835101e+01
6.611639388462864986e+01,6.611635822344638314e+01
6.613052160259815082e+01,6.613050080532707398e+01
6.614465098487393391e+01,6.614464407673786184e+01
6.615879921297263877e+01,6.615878938919610164e+01
6.617293610881682753e+01,6.617292885617108311e+01
6.618707339666309508e+01,6.618706872335964420e+01
6.620121975795375135e+01,6.620121578918207206e+01
6.621537756110210182e+01,6.621535811270516092e+01
6.622952071843198496e+01,6.622949539014108211e+01
6.624365203610373953e+01,6.624364367031949996e+01
6.625779937565957312e+01,6.625778783591559318e+01
6.627195171134557938e+01,6.627192199993487520e+01
6.628607273267603262e+01,6.628606649776990878e+01
6.630021048175311194e+01,6.630020674208637388e+01
6.631436936428723072e+01,6.631434908550568252e+01
6.632851129315226046e+01,6.632849627303799878e+01
6.634264962646770414e+01,6.634263355322750044e+01
6.635679559186468168e+01,6.635678250672678757e+01
6.637094126650633541e+01,6.637092136762242944e+01
6.638506667928464822e+01,6.638506536320970497e+01
6.639920235131909010e+01,6.639921070882161303e+01
6.641335474232846536e+01,6.641335190385406406e+01
6.642750123162103648e+01,6.642749326081727190e+01
6.644162959795488632e+01,6.644163484232056760e+01
6.645579447773211257e+01,6.645577292517310752e+01
6.646993578137696090e+01,6.646991659561005861e+01
6.648407434233804736e+01,6.648405488686651665e+01
6.649822299327078667e+01,6.649819992362911591e+01
6.651233752254935894e+01,6.651233927474173413e+01
6.652649911412609640e+01,6.652648606324315494e+01
6.654062658830959265e+01,6.654062694161081026e+01
6.655479008244816441e+01,6.655477008919990567e+01
6.656890229276865512e+01,6.656890632322668466e+01
6.658306996932518018e+01,6.658305619463600067e+01
6.659720039626587607e+01,6.659719488887644445e+01
6.661135297259478705e+01,6.661133476906371698e+01
6.662548529453327717e+01,6.662547990796848296e+01
6.663963433306781781e+01,6.663962078456873428e+01
6.665377645124037542e+01,6.665376262108701155e+01
6.666791565059891411e+01,6.666790463197064298e+01
6.668206510650190921e+01,6.668204805227955489e+01
6.669619975524604172e+01,6.669619129812842573e+01
6.671033495805842506e+01,6.671032988451104018e+01
6.672448253906800630e+01,6.672447533153595600e+01
6.673862967381461431e+01,6.673861557382281262e+01
6.675274864458246782e+01,6.675276122196511608e+01
6.676690311204463057e+01,6.676690338735940600e+01
6.678104624440122450e+01,6.678104025058546256e+01
6.679519946173172684e+01,6.679518392106412250e+01
6.680932698657132107e+01,6.680932720885765264e+01
6.682348771515847830e+01,6.682346673020273897e+01
6.683760871037974027e+01,6.683761108718846344e+01
6.685176836058518290e+01,6.685174660150437376e+01
6.686591284979023442e+01,6.686589357707644865e+01
6.688004319538723053e+01,6.688002924892330725e+01
6.689417555859274955e+01,6.689417667443838411e+01
6.690833023985369721e+01,6.690832024550969948e+01
6.692249764338153284e+01,6.692246000614491663e+01
6.693661741949983934e+01,6.693660356703938419e+01
6.695075305828169121e+01,6.695074831389499082e+01
6.696490193088411047e+01,6.696489478519831096e+01
6.697904278410520362e+01,6.697903549465154072e+01
6.699319057849032788e+01,6.699317784180446722e+01
6.700733247346632027e+01,6.700732016580789718e+01
6.702146831104130342e+01,6.702145778567711432e+01
6.703561753954411984e+01,6.703560192722898137e+01
6.704974864404125867e+01,6.704974650852139462e+01
6.706387733584625721e+01,6.706388538300242885e+01
6.707803574455321893e+01,6.707802664599799414e+01
6.709217457137705765e+01,6.709217304715376429e+01
6.710632084767357242e+01,6.710631514857058733e+01
6.712046089421481554e+01,6.712045777339693586e+01
6.713462538373443067e+01,6.713460201373470682e+01
6.714874471637250508e+01,6.714874510520658646e+01
6.716288306015235321e+01,6.716288412354904835e+01
6.717704584898558551e+01,6.717702493555286480e+01
6.719117188768747440e+01,6.719117024973853347e+01
6.720532799503077115e+01,6.720530682168561043e+01
6.721946383599716057e+01,6.721944861385685499e+01
6.723358800113392419e+01,6.723359607237614455e+01
6.724774571704759296e+01,6.724772880728633595e+01
6.726187950735395304e+01,6.726187819784502153e+01
6.727603018894973275e+01,6.727601789051799130e+01
6.729017396322441869e+01,6.729015808280595934e+01
6.730431582066066198e+01,6.730429843285924107e+01
6.731845834136395013e+01,6.731844006575855133e+01
6.733260634696937075e+01,6.733258770913094793e+01
6.734587614349949547e+01,6.734585647290285237e+01
6.735959551919391686e+01,6.735958651130118824e+01
6.737396091041038915e+01,6.737395375730081071e+01
6.738799152946258175e+01,6.738797667047212769e+01
6.740218471496650920e+01,6.740217438377156611e+01
6.741628964777662247e+01,6.741628893583535387e+01
6.743049608532915329e+01,6.743049861569731718e+01
6.744474058914828163e+01,6.744473654394968776e+01
6.745897376060374029e+01,6.745896888028102012e+01
6.747320841867158947e+01,6.747320836011250833e+01
6.748744032118955261e+01,6.748744209879056655e+01
6.750167406901522327e+01,6.750167172349394207e+01
6.751592747439894993e+01,6.751590786037684211e+01
6.753014314877523816e+01,6.753012813301698714e+01
6.754434961207111598e+01,6.754434913349621183e+01
6.755855946862952521e+01,6.755854905984689651e+01
6.757276241238132286e+01,6.757275028871806910e+01
6.758695319228515075e+01,6.758694166740743015e+01
6.760113825491445994e+01,6.760112831555208857e+01
6.761530800798965402e+01,6.761531013872904339e+01
6.762948607163542647e+01,6.762948235472543956e+01
6.764365859272274406e+01,6.764364413557767364e+01
6.765780984380423035e+01,6.765781183861398063e+01
6.767197501131064996e+01,6.767197027366249529e+01
6.768612222940825518e+01,6.768612389943183416e+01
6.770029193479692253e+01,6.770027862027068011e+01
6.771443842587827078e+01,6.771442792404313593e+01
6.772860043777154715e+01,6.772857920903496165e+01
6.774272096323971937e+01,6.774271814058714369e+01
6.775687662869181338e+01,6.775686530890698123e+01
6.777102097653238388e+01,6.777100664398956553e+01
6.778515262283720233e+01,6.778515431486773934e+01
6.779929571290466583e+01,6.779929737329146633e+01
6.781343835605861159e+01,6.781343554647909855e+01
6.782759107497042805e+01,6.782758049942768253e+01
6.784171809517459906e+01,6.784172541741727969e+01
6.785585904247695055e+01,6.785585998047960743e+01
6.787000444699989998e+01,6.787000153707742811e+01
6.788413207245095293e+01,6.788414302178392745e+01
6.789829390610665882e+01,6.789828055048641886e+01
6.791244322511278142e+01,6.791241861606084740e+01
6.792656436547289900e+01,6.792656158454425963e+01
6.794070664146948957e+01,6.794070638075143620e+01
6.795483758697160681e+01,6.795484594708769066e+01
6.796899297921628147e+01,6.796898688335893723e+01
6.798313704555739889e+01,6.798312248100485533e+01
6.799727450700019915e+01,6.799726974328889639e+01
6.801142820387708809e+01,6.801140729911541882e+01
6.802555353042497188e+01,6.802555537664602525e+01
6.803970596909066160e+01,6.803969430893053527e+01
6.805381852232748940e+01,6.805383240175697779e+01
6.806797580223661726e+01,6.806797793372496130e+01
6.808212387282667066e+01,6.808212416474788142e+01
6.809628026006461710e+01,6.809626032184087308e+01
6.811040976021311621e+01,6.811040196170813488e+01
6.812454194629198412e+01,6.812454418327837402e+01
6.813868769421942773e+01,6.813868755009197287e+01
6.815283281694924256e+01,6.815283149661421191e+01
6.816697206160790756e+01,6.816696490316536483e+01
6.818111013012043031e+01,6.818111585735825031e+01
6.819526739366844481e+01,6.819525713193499428e+01
6.820939600085625898e+01,6.820939780778647332e+01
6.822354655862220341e+01,6.822354542299154900e+01
6.823770561742472296e+01,6.823767755574442617e+01
6.825183512008187847e+01,6.825182609434793335e+01
6.826598085529363402e+01,6.826596491438699843e+01
6.828012678631283450e+01,6.828010948302501504e+01
6.829426020479323256e+01,6.829425458138308613e+01
6.830841594434916431e+01,6.830839558227002328e+01
6.832254286032960522e+01,6.832253094607222010e+01
6.833669384710057670e+01,6.833667913526750226e+01
6.835081194560818574e+01,6.835081491489548000e+01
6.836498443869623998e+01,6.836496510500271029e+01
6.837912303748829856e+01,6.837910352400537306e+01
6.839326957936859230e+01,6.839324307842386474e+01
6.840739024186321160e+01,6.840738775830369889e+01
6.842153553229488239e+01,6.842152847019541184e+01
6.843568792945886514e+01,6.843567587613482317e+01
6.844982108441040225e+01,6.844981739329811887e+01
6.846395887670037439e+01,6.846395999603511484e+01
6.847809096336030166e+01,6.847809731424280244e+01
6.849225817878317457e+01,6.849224274264955170e+01
6.850637463740589794e+01,6.850638639300592558e+01
6.852052429206881357e+01,6.852052663672481003e+01
6.853467331222250891e+01,6.853466790692516497e+01
6.854881083745544856e+01,6.854880879087147605e+01
6.856296072365945804e+01,6.856295709641595693e+01
6.857710556172328609e+01,6.857709963545593723e+01
6.859125226215589066e+01,6.859123786399970868e+01
6.860538396142837314e+01,6.860538190603003272e+01
6.861951834162513819e+01,6.861952617661695797e+01
6.863367191537579970e+01,6.863366134325214318e+01
6.864779085690223326e+01,6.864780653910577257e+01
6.866194298742949798e+01,6.866194849749184925e+01
6.867609449178380032e+01,6.867609103457559172e+01
6.869023468190835047e+01,6.869022804879192279e+01
6.870438493180989781e+01,6.870437191238517016e+01
6.871851179237177121e+01,6.871851583190785107e+01
6.873264779036833261e+01,6.873265467445853005e+01
6.874679284374050781e+01,6.874680066252537358e+01
6.876093846221388617e+01,6.876094163689492689e+01
6.877507488048664186e+01,6.877508284429835328e+01
6.878924099673153592e+01,6.878922612749995835e+01
6.880335966366381228e+01,6.880336795029681696e+01
6.881751364974668661e+01,6.881751209853683804e+01
6.883165843377901183e+01,6.883165664912701232e+01
6.884580904283221514e+01,6.884579611940107213e+01
6.885993626356444963e+01,6.885993564009845613e+01
6.887409318122628576e+01,6.887407758654923384e+01
6.888823314244723406e+01,6.888822436626402634e+01
6.890237285731838313e+01,6.890236084262767235e+01
6.891652557995610096e+01,6.891650450168927478e+01
6.893064965994794591e+01,6.893064735694326828e+01
6.894481512392189870e+01,6.894479822344580100e+01
6.895893813581267295e+01,6.895893692810612663e+01
6.897306908712577922e+01,6.897307660444828059e+01
6.898722779133910876e+01,6.898721786401442557e+01
6.900137692996713668e+01,6.900136001704801458e+01
6.901549531227902889e+01,6.901549542294885953e+01
6.902964550730644078e+01,6.902963914673357237e+01
6.904380676200158007e+01,6.904378926340311295e+01
6.905792344408347105e+01,6.905792137160887023e+01
6.907206944469868404e+01,6.907206686659056061e+01
6.908622688285828417e+01,6.908620763346084459e+01
6.910036074594299293e+01,6.910035380293602714e+01
6.911449397986223175e+01,6.911450071909020210e+01
6.912865222496265005e+01,6.912863268243657444e+01
6.914277351483735856e+01,6.914277468599168230e+01
6.915692431367648396e+01,6.915692449740497239e+01
6.917106397739249246e+01,6.917106327456505710e+01
6.918521720717218670e+01,6.918520328518432905e+01
6.919935562161730047e+01,6.919934333825825945e+01
6.921350408553634281e+01,6.921349059338581355e+01
6.922765524051615671e+01,6.922763780617323448e+01
6.924178107774012858e+01,6.924177379889164285e+01
6.925592766252120214e+01,6.925592284659967390e+01
6.927007188023600293e+01,6.927005545177395618e+01
6.928421508230206882e+01,6.928420003675402938e+01
6.929834909649761698e+01,6.929834462937357387e+01
6.931250210879103690e+01,6.931248570765397687e+01
6.932662417558076129e+01,6.932662572109836674e+01
6.934075924288909221e+01,6.934077282116319907e+01
6.935490531117410740e+01,6.935490981043582792e+01
6.936906437263571945e+01,6.936905382042031931e+01
6.938317830277500775e+01,6.938319651574316538e+01
6.939733104768134808e+01,6.939733574390125170e+01
6.941147754132019543e+01,6.941147570224701724e+01
6.942560901922469441e+01,6.942562139354923545e+01
6.943976863538877353e+01,6.943975738949109200e+01
6.945391285760386779e+01,6.945391019845378366e+01
6.946805683488371130e+01,6.946805274137395259e+01
6.948221475616676912e+01,6.948218544314170231e+01
6.949633240720270067e+01,6.949632822451006575e+01
6.951048537449432274e+01,6.951047337193621445e+01
6.952462471166917624e+01,6.952461288477624635e+01
6.953876554286149769e+01,6.953875875713421806e+01
6.955290031333888123e+01,6.955289976277235553e+01
6.956704844767050133e+01,6.956704724494008474e+01
6.958117690207119210e+01,6.958118351762932718e+01
6.959533253384437046e+01,6.959532730633448239e+01
6.960946478486654598e+01,6.960947106365283332e+01
6.962361916097631820e+01,6.962361588976425253e+01
6.963774509667381096e+01,6.963775502821845009e+01
6.965188965065941318e+01,6.965190088083032549e+01
6.966605108460903750e+01,6.966603744888126926e+01
6.968020525488776684e+01,6.968018556393768392e+01
6.969432092838658832e+01,6.969432101690625814e+01
6.970844877409864182e+01,6.970846930657516793e+01
6.972261331900888592e+01,6.972260848270549616e+01
6.973675741907388215e+01,6.973674777865264218e+01
6.975089544575902778e+01,6.975089284036889126e+01
6.976502972894380150e+01,6.976503293601012956e+01
6.977917193848212207e+01,6.977917446784091737e+01
6.979333313891858381e+01,6.979332239346105382e+01
6.980745485204298006e+01,6.980745841543895835e+01
6.982161791954258945e+01,6.982160273755179958e+01
6.983573837491903191e+01,6.983574007897638580e+01
6.984988599350850791e+01,6.984988522813912937e+01
6.986403356476604642e+01,6.986402481068985537e+01
6.987818011949362074e+01,6.987816579847891774e+01
6.989230661453495941e+01,6.989230624035694461e+01
6.990649116515814399e+01,6.990645002313267753e+01
6.992059114259392061e+01,6.992059617301157459e+01
6.993474936799248098e+01,6.993474035232652852e+01
6.994888209876081930e+01,6.994887835858637004e+01
6.996301631805197019e+01,6.996302283800160637e+01
6.997717053760838724e+01,6.997716295392940822e+01
6.999131768853713709e+01,6.999130913538088805e+01
7.000547044634325289e+01,7.000545621883085801e+01
7.001959691109345840e+01,7.001959228868780372e+01
7.003374025237373246e+01,7.003372915200823456e+01
7.004788548870369880e+01,7.004787827261004907e+01
7.006202173855872672e+01,7.006202178940550596e+01
7.007616338461760108e+01,7.007615517163698371e+01
7.009031760851394210e+01,7.009030685039726905e+01
7.010446887192115639e+01,7.010444221542176990e+01
7.011859716812200816e+01,7.011858308854027655e+01
7.013272191008499590e+01,7.013272420803404827e+01
7.014689675401332636e+01,7.014686823896418844e+01
7.016102878761921602e+01,7.016101108197761960e+01
7.017516019514589232e+01,7.017515467548884089e+01
7.018929972433713260e+01,7.018929382423259256e+01
7.020344930337694223e+01,7.020343969792187977e+01
7.021760176322561620e+01,7.021758055244762886e+01
7.023175028018091837e+01,7.023172226054299472e+01
7.024587641465814158e+01,7.024586326522204160e+01
7.026000928638626419e+01,7.026001121995854248e+01
7.027414854704183256e+01,7.027414861432865223e+01
7.028828346621936873e+01,7.028829788745241558e+01
7.030246033418015372e+01,7.030243848214095692e+01
7.031658020697679490e+01,7.031657754969201335e+01
7.033072198726456747e+01,7.033072358213699715e+01
7.034487772827796448e+01,7.034485978228245528e+01
7.035900406310783239e+01,7.035900686509570789e+01
7.037314415547463398e+01,7.037314924911115099e+01
7.038729469599000765e+01,7.038728768121153223e+01
7.040144538897551740e+01,7.040143179817165731e+01
7.041558028033711025e+01,7.041557641372337173e+01
7.042972660719955513e+01,7.042971665324371600e+01
7.044383868193773424e+01,7.044385598327173170e+01
7.045800860987711189e+01,7.045800385271068933e+01
7.047213925924278044e+01,7.047213433167003416e+01
7.048628637064932434e+01,7.048627691525837236e+01
7.050042371056241564e+01,7.050042587427377327e+01
7.051459131459118623e+01,7.051457117971806099e+01
7.052870836118522391e+01,7.052870915605551261e+01
7.054286072216467574e+01,7.054284961934089893e+01
7.055699904530825961e+01,7.055699566531755806e+01
7.057113714962981987e+01,7.057113085977407252e+01
7.058528177746995880e+01,7.058527894930001878e+01
7.059941820541462221e+01,7.059942687952272422e+01
7.061357616829693029e+01,7.061356548074559214e+01
7.062769988078584049e+01,7.062770327792331670e+01
7.064185425426325082e+01,7.064184316451651569e+01
7.065599712548944922e+01,7.065598278070895333e+01
7.067014148085178249e+01,7.067012904912684235e+01
7.068427977638140192e+01,7.068427025991921653e+01
7.069841219441717328e+01,7.069841173538912926e+01
7.071255989762040883e+01,7.071256065147787240e+01
7.072669980921047284e+01,7.072669820258660422e+01
7.074083558229429514e+01,7.074084193043931634e+01
7.075498842269128374e+01,7.075498142652540423e+01
7.076910873979794303e+01,7.076912629620225914e+01
7.078326555915516849e+01,7.078326746620751919e+01
7.079740231669934758e+01,7.079740827648859636e+01
7.081156874967452097e+01,7.081155155612664487e+01
7.082568985110285098e+01,7.082569894269302324e+01
7.083985290173579585e+01,7.083983773720831323e+01
7.085398150081813640e+01,7.085398109014242607e+01
7.086811199419375384e+01,7.086811989167941306e+01
7.088226227353563047e+01,7.088226012148447808e+01
7.089641445482520510e+01,7.089639552150269708e+01
7.091055974626635816e+01,7.091054820517824453e+01
7.092469978363834571e+01,7.092468440529378881e+01
7.093885509695319058e+01,7.093882816360542165e+01
7.095300221767823246e+01,7.095297170756244043e+01
7.096712364627266822e+01,7.096711457099605980e+01
7.098125784813142047e+01,7.098125350838671466e+01
7.099542249747265998e+01,7.099539998282712361e+01
7.100954979823229962e+01,7.100954043030127139e+01
7.102370251172669668e+01,7.102368233307635137e+01
7.103783418990934706e+01,7.103782378464029534e+01
7.105197166077454085e+01,7.105196076593001919e+01
7.106612460485551708e+01,7.106611030762405790e+01
7.108026081099124838e+01,7.108024854267463866e+01
7.109439639215064233e+01,7.109438747124617919e+01
7.110855619311332987e+01,7.110853365655732716e+01
7.112269029698981626e+01,7.112267937984742616e+01
7.113683253246945526e+01,7.113682073463779432e+01
7.115096811694644430e+01,7.115095693654470210e+01
7.116510887461946311e+01,7.116510543218613805e+01
7.117927427650000993e+01,7.117924975932226062e+01
7.119339978429707116e+01,7.119339326211502339e+01
7.120754470782985379e+01,7.120753241617394735e+01
7.122168004063476587e+01,7.122167249108592557e+01
7.123582115971048268e+01,7.123581812567897487e+01
7.124996941172156539e+01,7.124996008698805383e+01
7.126409198170146908e+01,7.126410113650165101e+01
7.127824228569024001e+01,7.127824401936670995e+01
7.129238321426699088e+01,7.129238222551468596e+01
7.130652992596867534e+01,7.130652627752451167e+01
7.132066104363906334e+01,7.132066519414895822e+01
7.133481736902096770e+01,7.133481107752014339e+01
7.134895053620486749e+01,7.134895131576683980e+01
7.136308830063910591e+01,7.136309299958897157e+01
7.137723206210134208e+01,7.137723452524018342e+01
7.139136602855487013e+01,7.139138258612662469e+01
7.140553902965095290e+01,7.140552179699885471e+01
7.141966360249638512e+01,7.141965975309481962e+01
7.143381570640983114e+01,7.143380493484916371e+01
7.144796154191745075e+01,7.144795054015749258e+01
7.146208443131862964e+01,7.146208471393735806e+01
7.147623754190513523e+01,7.147623228573050369e+01
7.149037314195560100e+01,7.149037407550825662e+01
7.150453607566419123e+01,7.150451781622841452e+01
7.151867895558893906e+01,7.151866123303514655e+01
7.153279634948664523e+01,7.153279873390529531e+01
7.154695738314772768e+01,7.154694435392111984e+01
7.156108438762458945e+01,7.156108385805248417e+01
7.157523659273186922e+01,7.157523004746487061e+01
7.158938196687070388e+01,7.158936609522613992e+01
7.160351038697857007e+01,7.160350731454512641e+01
7.161766825344327003e+01,7.161765664316767754e+01
7.163180085366963112e+01,7.163179410550118575e+01
7.164594446132910832e+01,7.164593823957561369e+01
7.166008976723809099e+01,7.166008303126560008e+01
7.167421814298580784e+01,7.167422217365749759e+01
7.168837072641160546e+01,7.168836870918065074e+01
7.170250016476893506e+01,7.170250965019143052e+01
7.171665169323912892e+01,7.171665200066294688e+01
7.173078861641907622e+01,7.173078924222086528e+01
7.174494721418462007e+01,7.174493889589518858e+01
7.175906367006041364e+01,7.175907053677313741e+01
7.177323751455752188e+01,7.177322240492743788e+01
7.178735560718020281e+01,7.178735575308617456e+01
7.180151209553423541e+01,7.180149691985396032e+01
7.181565086580992840e+01,7.181563801538344194e+01
7.182979190013391246e+01,7.182978018819150634e+01
7.184392121573263523e+01,7.184392778710221705e+01
7.185808604795208510e+01,7.185807239081495368e+01
7.187222849328601626e+01,7.187221644907974394e+01
7.188637597266215096e+01,7.188635040762528661e+01
7.190050529743925267e+01,7.190049550266898848e+01
7.191466293143078303e+01,7.191464208717425777e+01
7.192881414831991549e+01,7.192877835886612559e+01
7.194293593498908024e+01,7.194292506678317523e+01
7.195708355285702851e+01,7.195706215387352245e+01
7.197122701216571272e+01,7.197120570197992606e+01
7.198535896612676765e+01,7.198534935071241136e+01
7.199951555595674790e+01,7.199948912849431792e+01
7.201365711554140603e+01,7.201363461229159668e+01
7.202778738219272725e+01,7.202777458033396840e+01
7.204191679977007823e+01,7.204192072745563280e+01
7.205607939991941180e+01,7.205606362414961552e+01
7.207022717927385713e+01,7.207020678064228036e+01
7.208434658394693884e+01,7.208434342414365403e+01
7.209850164113346693e+01,7.209848821843829114e+01
7.211262810324137718e+01,7.211263216346567617e+01
7.212677101265509805e+01,7.212677784466586672e+01
7.214093024137130783e+01,7.214091355665752303e+01
7.215504916008195835e+01,7.215505951151645547e+01
7.216919624957019153e+01,7.216919594475406541e+01
7.218333917590454973e+01,7.218333854844847508e+01
7.219747370460495972e+01,7.219747626133194274e+01
7.221162721245750049e+01,7.221162079345685925e+01
7.222576845743346041e+01,7.222575983538375510e+01
7.223990651254699458e+01,7.223990507738234612e+01
7.225405269212595272e+01,7.225404560155647005e+01
7.226820056844631779e+01,7.226818747203755322e+01
7.228233905900059142e+01,7.228233479860811883e+01
7.229651714839039300e+01,7.229647350222076341e+01
7.231061843404904721e+01,7.231062046351046035e+01
7.232476144301426757e+01,7.232476451580909327e+01
7.233890403738342911e+01,7.233890346480319522e+01
7.235305686794099245e+01,7.235304391553636094e+01
7.236719797527423736e+01,7.236718990101854843e+01
7.238132447159824778e+01,7.238133074467035044e+01
7.239548980498381070e+01,7.239546794353213954e+01
7.240961813725205332e+01,7.240961515303536089e+01
7.242374273734550627e+01,7.242375770297510940e+01
7.243790052124359136e+01,7.243789707940318578e+01
7.245204657591699515e+01,7.245204186838127214e+01
7.246617802799099195e+01,7.246618134869272865e+01
7.248032281528109877e+01,7.248032744598896215e+01
7.249449224836018857e+01,7.249446986994293241e+01
7.250863598189026504e+01,7.250861194244200192e+01
7.252276180571779207e+01,7.252274869941955160e+01
7.253690758510806802e+01,7.253689174405232620e+01
7.255104941915820405e+01,7.255103546231336509e+01
7.256519584209706863e+01,7.256518075919991873e+01
7.257932243945737127e+01,7.257931990414128620e+01
7.259347421807564160e+01,7.259346600834095398e+01
7.260761896042127717e+01,7.260760739185285217e+01
7.262174985529088644e+01,7.262174876361633835e+01
7.263589664028488357e+01,7.263589140479474793e+01
7.265003213198006904e+01,7.265002850572382442e+01
7.266419705048541289e+01,7.266417372257839702e+01
7.267832796950894192e+01,7.267831207053974651e+01
7.269246133548374189e+01,7.269245683166330707e+01
7.270660185203267645e+01,7.270659771077141897e+01
7.272075358209868057e+01,7.272073915347269235e+01
7.273489049610535062e+01,7.273488061470781929e+01
7.274904095544459892e+01,7.274902388106727358e+01
7.276317659074068445e+01,7.276316663752540137e+01
7.277732344141161036e+01,7.277731059553453008e+01
7.279144950011753679e+01,7.279144917271977988e+01
7.280560617938785128e+01,7.280558942235120412e+01
7.281973928092195081e+01,7.281973519820179774e+01
7.283386940601891979e+01,7.283388109622761419e+01
7.284802086541664323e+01,7.284802366580184696e+01
7.286215581718683154e+01,7.286215996714599896e+01
7.287630698013582276e+01,7.287630346925867286e+01
7.289045653540615888e+01,7.289044808422525534e+01
7.290458061600251938e+01,7.290458636701357875e+01
7.291874074961653207e+01,7.291873234716493357e+01
7.293288981694450968e+01,7.293286716216812238e+01
7.294702573138897606e+01,7.294701939815544733e+01
7.296115934693102645e+01,7.296115484858935929e+01
7.297530319688630129e+01,7.297529215713643680e+01
7.298946014835200913e+01,7.298944153872044183e+01
7.300359184884075603e+01,7.300357925132034609e+01
7.301771438878343190e+01,7.301771725716130845e+01
7.303186378214084584e+01,7.303186834585088150e+01
7.304601864175482717e+01,7.304600944469714818e+01
7.306016721510667367e+01,7.306015077391755597e+01
7.307430404814111569e+01,7.307429796286838553e+01
7.308843216561847100e+01,7.308843391070440987e+01
7.310258970884625285e+01,7.310257795047708385e+01
7.311673904324672435e+01,7.311672217682429675e+01
7.313087356389975469e+01,7.313086589585626029e+01
7.314501877215549541e+01,7.314500046918378473e+01
7.315913783236638324e+01,7.315914544407505105e+01
7.317329007600990565e+01,7.317328676083216976e+01
7.318743645980480039e+01,7.318742865543184450e+01
7.320158743374449273e+01,7.320157162377270765e+01
7.321572689632075992e+01,7.321571408351339016e+01
7.322986572259355853e+01,7.322985785741597908e+01
7.324398164618929741e+01,7.324398998858445964e+01
7.325814094474765170e+01,7.325813622554892390e+01
7.327228639300341229e+01,7.327228226313718551e+01
7.328644796275128215e+01,7.328642408260630248e+01
7.330058360739717216e+01,7.330057073555603608e+01
7.331471341721312740e+01,7.331470735266364613e+01
7.332885654506969786e+01,7.332885031283235833e+01
7.334299073766899824e+01,7.334298805094967122e+01
7.335713471425199828e+01,7.335713826927857895e+01
7.337128469412981246e+01,7.337127804928184105e+01
7.338542219428771318e+01,7.338541827006126539e+01
7.339956215043136467e+01,7.339956458090375691e+01
7.341371256309909654e+01,7.341370655458773342e+01
7.342785999380191697e+01,7.342784910748146388e+01
7.344200702272631531e+01,7.344198678161043858e+01
7.345613355470905503e+01,7.345613519061672037e+01
7.347027600253179003e+01,7.347027421609254816e+01
7.348442749943411911e+01,7.348441967480775361e+01
7.349857197643672180e+01,7.349856017545918974e+01
7.351270495028026630e+01,7.351270022662011172e+01
7.352684484605076420e+01,7.352684207823176621e+01
7.354099168547210752e+01,7.354098424806872458e+01
7.355514237713730097e+01,7.355512218926060086e+01
7.356926949072641264e+01,7.356926517345881678e+01
7.358342125552121615e+01,7.358340463159167655e+01
7.359755540097663129e+01,7.359755494872868553e+01
7.361167849087495085e+01,7.361169407380597818e+01
7.362582600389782783e+01,7.362583478030029482e+01
7.363998352069955899e+01,7.363998292549490543e+01
7.365411557446782354e+01,7.365412459063178119e+01
7.366826970109292461e+01,7.366826808077814803e+01
7.368240093837613358e+01,7.368240008122552354e+01
7.369655379364965597e+01,7.369654475880432187e+01
7.371070601440564474e+01,7.371069023367729756e+01
7.372484695523641562e+01,7.372483002665424578e+01
7.373899032465777736e+01,7.373897652906093469e+01
7.375312667219455420e+01,7.375311789139608720e+01
7.376727657889011880e+01,7.376726063335824790e+01
7.378140931224969279e+01,7.378140279648359012e+01
7.379553949620682829e+01,7.379554582896524551e+01
7.380968772109270049e+01,7.380968463305109140e+01
7.382384051573386330e+01,7.382382479106294682e+01
7.383711798642127633e+01,7.383709901828909494e+01
7.385083158563814720e+01,7.385082795613855922e+01
7.386520178626383881e+01,7.386518621212570679e+01
7.387923015825677453e+01,7.387922053057022254e+01
7.389342874366012381e+01,7.389341675859230918e+01
7.390752140520154967e+01,7.390752686555998707e+01
7.392174520938932858e+01,7.392173637037518574e+01
7.393597889256766109e+01,7.393597827968194736e+01
7.395022729422137786e+01,7.395021642015095154e+01
7.396444237439924052e+01,7.396444244104652910e+01
7.397867507331758929e+01,7.397868723963190973e+01
7.399292789112865876e+01,7.399291112925835989e+01
7.400716115336400946e+01,7.400714606368376280e+01
7.402135213385383850e+01,7.402136967903692266e+01
7.403559636491968377e+01,7.403558520799792575e+01
7.404891096332704592e+01,7.404892136454041918e+01
7.406271313745794771e+01,7.406271045216091409e+01
7.407713314301719265e+01,7.407711670249344138e+01
7.409121177643264389e+01,7.409119340135117682e+01
7.410543683644762325e+01,7.410543232009327141e+01
7.411957868744973155e+01,7.411957511695854350e+01
7.413382774740210834e+01,7.413381098291932858e+01
7.414806912795854998e+01,7.414806768531693137e+01
7.416233491639556519e+01,7.416232697805385499e+01
7.417655888637597172e+01,7.417656321325699764e+01
7.419082501844044941e+01,7.419081845514755003e+01
7.420507533766893005e+01,7.420505255996184246e+01
7.421929311124387141e+01,7.421929105653457270e+01
7.423353549447489286e+01,7.423351570549411349e+01
7.424774814304466020e+01,7.424773450267517205e+01
7.426195019103698769e+01,7.426194342973907681e+01
7.427615088150623990e+01,7.427614744738215791e+01
7.429034096253963071e+01,7.429034158213001149e+01
7.430453346346816090e+01,7.430452019496344462e+01
7.431870592444163037e+01,7.431869907551262600e+01
7.433288057322670284e+01,7.433286800605773692e+01
7.434705598403471072e+01,7.434703793146850614e+01
7.436121680401780054e+01,7.436120329769610748e+01
7.437535830104263823e+01,7.437535129232273334e+01
7.438952608946749478e+01,7.438951323955886608e+01
7.440365778694254573e+01,7.440366298414325286e+01
7.441782500669900458e+01,7.441780956961153493e+01
7.443196227163960543e+01,7.443195598141332425e+01
7.444611969879122171e+01,7.444610397588610340e+01
7.446023653590741276e+01,7.446024500964665549e+01
7.447437352436193692e+01,7.447438784604199213e+01
7.448852950652278082e+01,7.448852701023110967e+01
7.450267492560857363e+01,7.450266646814800708e+01
7.451681001035987606e+01,7.451681140302960671e+01
7.453093807589689845e+01,7.453095094849649627e+01
7.454509174606576494e+01,7.454508713461662239e+01
7.455923793089768026e+01,7.455922920343037674e+01
7.457337589786301635e+01,7.457337177951589524e+01
7.458751678220771453e+01,7.458750930255396838e+01
7.460166199697464151e+01,7.460165365241780933e+01
7.461580374293193074e+01,7.461578681871463914e+01
7.462994248105761130e+01,7.462993189470056166e+01
7.464409453499462188e+01,7.464407294098840850e+01
7.465824074537783872e+01,7.465821420456124713e+01
7.467237804140738433e+01,7.467234998344454766e+01
7.468651730841116887e+01,7.468649213342665405e+01
7.470065167735354805e+01,7.470063492423281559e+01
7.471479936028971736e+01,7.471478456863971473e+01
7.472894782401644420e+01,7.472892410244402583e+01
7.474307366454458190e+01,7.474306843406913003e+01
7.475722675492117730e+01,7.475720374824561532e+01
7.477136550782526569e+01,7.477134974460837213e+01
7.478550906298502809e+01,7.478549164647935754e+01
7.479964346167443523e+01,7.479963351786192050e+01
7.481379637079089662e+01,7.481378299009054444e+01
7.482791885918210539e+01,7.482791999492671664e+01
7.484206978939769783e+01,7.484206482156612594e+01
7.485621890978805482e+01,7.485620454582064554e+01
7.487035886838441456e+01,7.487034481034730504e+01
7.488447856805284175e+01,7.488448975418998543e+01
7.489864680593709068e+01,7.489862730482303732e+01
7.491278485297863199e+01,7.491276908271392188e+01
7.492692982712804906e+01,7.492691227521001451e+01
7.494108598198252480e+01,7.494105669808294579e+01
7.495521549889755875e+01,7.495520024363949574e+01
7.496934036385054867e+01,7.496933873772282197e+01
7.498348822763715305e+01,7.498347911828319923e+01
7.499765601472286392e+01,7.499762690932823261e+01
7.501177352719878400e+01,7.501176143331747426e+01
7.502591071739504969e+01,7.502590905736116156e+01
7.504005626917621896e+01,7.504004668147464940e+01
7.505420851304798191e+01,7.505419049858606684e+01
7.506833836147670524e+01,7.506833439354190318e+01
7.508248199488080843e+01,7.508247387102279902e+01
7.509662900566340227e+01,7.509661975759679819e+01
7.511077987455132643e+01,7.511076089298315139e+01
7.512491096591722339e+01,7.512489600212217056e+01
7.513904117130584837e+01,7.513903741907506628e+01
7.515317569622597205e+01,7.515318590283396816e+01
7.516734245332992259e+01,7.516733038802821909e+01
7.518149061188324822e+01,7.518146357079284314e+01
7.519563740110828576e+01,7.519561445545753031e+01
7.520977317500548054e+01,7.520975381171955121e+01
7.522390829749292607e+01,7.522389400565775475e+01
7.523806193365412298e+01,7.523804136527762410e+01
7.525220429567829683e+01,7.525218310759022700e+01
7.526632332054943220e+01,7.526632472438599564e+01
7.528050032637445099e+01,7.528047024123010544e+01
7.529462683255825084e+01,7.529460759361155908e+01
7.530876237833923881e+01,7.530875205400185735e+01
7.532289823218877700e+01,7.532289744865954617e+01
7.533703724518787226e+01,7.533703208074189206e+01
7.535117513322514071e+01,7.535117872511060000e+01
7.536531782191904938e+01,7.536532081390240023e+01
7.537945466654626614e+01,7.537946322019557499e+01
7.539360600280068070e+01,7.539360711281950955e+01
7.540774701404750147e+01,7.540774547015712415e+01
7.542190464606342459e+01,7.542189071610860651e+01
7.543605431101578063e+01,7.543603076746640568e+01
7.545018228883498068e+01,7.545017625264353001e+01
7.546431838129120706e+01,7.546431696704944159e+01
7.547846611985607979e+01,7.547845944111658412e+01
7.549260425783371886e+01,7.549260118405628361e+01
7.550674504917307672e+01,7.550674465475771058e+01
7.552090363938792450e+01,7.552088951073517364e+01
7.553503276275959877e+01,7.553502238828160387e+01
7.554916502485467333e+01,7.554916727366257589e+01
7.556332950765650480e+01,7.556330839604828498e+01
7.557745623346130515e+01,7.557745406977218749e+01
7.559162037007266122e+01,7.559159719647067277e+01
7.560575788402800868e+01,7.560573919424290068e+01
7.561990231250491945e+01,7.561988256333495428e+01
7.563404633938634447e+01,7.563402107478891878e+01
7.564818643172183954e+01,7.564815932059623549e+01
7.566232894446467583e+01,7.566230489038488827e+01
7.567646018056885282e+01,7.567644470944806301e+01
7.569059385710254162e+01,7.569059052501012275e+01
7.570472500400784099e+01,7.570472630939323722e+01
7.571887677168459163e+01,7.571887490147875610e+01
7.573302839596985336e+01,7.573301259805718644e+01
7.574629860253016034e+01,7.574629023412460072e+01
7.576003859543587282e+01,7.576001586694522416e+01
7.577438216285396777e+01,7.577437277276531802e+01
7.578841452227356967e+01,7.578839855281792381e+01
7.580260800905620044e+01,7.580259873342598098e+01
7.581672540626937007e+01,7.581671365370488047e+01
7.583095231265050984e+01,7.583093265966226681e+01
7.584517805536253832e+01,7.584516231165056865e+01
7.585940622241776055e+01,7.585939807995761441e+01
7.587363540883228552e+01,7.587362902975101520e+01
7.588788165987405421e+01,7.588786714385861387e+01
7.590213293100727299e+01,7.590210635395662564e+01
7.591634055752476229e+01,7.591633312594929350e+01
7.593056008014879410e+01,7.593055620591145782e+01
7.594481418422019203e+01,7.594477693236575533e+01
7.595899676924437927e+01,7.595898369197442435e+01
7.597319643952896229e+01,7.597318751594190189e+01
7.598740095074965950e+01,7.598737547938804937e+01
7.600160293132493905e+01,7.600156454188719124e+01
7.601576388452699007e+01,7.601573637163470210e+01
7.602994380557592535e+01,7.602991579599398619e+01
7.604410515479636956e+01,7.604408388945326180e+01
7.605826801791077685e+01,7.605823689358611261e+01
7.607242243433361750e+01,7.607239587819094595e+01
7.608657952247294531e+01,7.608655572735419526e+01
7.610072464524967017e+01,7.610070502522232516e+01
7.611486182675805878e+01,7.611484870658095758e+01
7.612902553255355542e+01,7.612900005544115345e+01
7.614317465619157588e+01,7.614314666693630329e+01
7.615729809828397379e+01,7.615729255402949605e+01
7.617145069598421969e+01,7.617142932545307588e+01
7.618557284861445567e+01,7.618557655277665219e+01
7.619971966716859413e+01,7.619972050752609505e+01
7.621386940238075169e+01,7.621385892374495086e+01
7.622800100447720695e+01,7.622799794993444777e+01
7.624215040058339810e+01,7.624213837906295055e+01
7.625629158828782295e+01,7.625627941829927181e+01
7.627043826312159069e+01,7.627043182598470139e+01
7.628457086402001153e+01,7.628456727712050167e+01
7.629872220226036461e+01,7.629870491550811096e+01
7.631284733980889712e+01,7.631285310447297832e+01
7.632699738845577997e+01,7.632699208338728170e+01
7.634112149911267409e+01,7.634113580020824941e+01
7.635527051531200016e+01,7.635527041799630865e+01
7.636940777662879043e+01,7.636941057579106484e+01
7.638356325924372925e+01,7.638356386562416844e+01
7.639769355059063116e+01,7.639770499873748122e+01
7.641184825754680787e+01,7.641184822614650329e+01
7.642597752260168420e+01,7.642598511680378692e+01
7.644015200341941352e+01,7.644012501326973563e+01
7.645426554998708468e+01,7.645426838064844333e+01
7.646841769498466590e+01,7.646841395705835964e+01
7.648254864355523353e+01,7.648255375531965683e+01
7.649669764252998050e+01,7.649668926026497218e+01
7.651085660928789878e+01,7.651083210166312654e+01
7.652498538536947592e+01,7.652497922405262898e+01
7.653913219928816147e+01,7.653912227546541658e+01
7.655326019595503340e+01,7.655325967209299165e+01
7.656741685256969276e+01,7.656739926922189454e+01
7.658154756307301625e+01,7.658154370693796409e+01
7.659569606477900550e+01,7.659569001817042988e+01
7.660983000038646651e+01,7.660983043204454646e+01
7.662399258277754655e+01,7.662397280928085763e+01
7.663811436557207912e+01,7.663811389112947836e+01
7.665227167850881074e+01,7.665225215391251368e+01
7.666639311226194309e+01,7.666639466600703656e+01
7.668053826635566850e+01,7.668053370699345805e+01
7.669468678084601265e+01,7.669467860482217247e+01
7.670883252095606508e+01,7.670881974225841304e+01
7.672297313858453549e+01,7.672296518702816570e+01
7.673623821440675385e+01,7.673623194887987609e+01
7.674995668784256964e+01,7.674996418095611261e+01
7.676433228952618038e+01,7.676432627100810180e+01
7.677836486102437163e+01,7.677836069377133299e+01
7.679255544689080182e+01,7.679255390686593330e+01
7.680667661459666817e+01,7.680666541521659951e+01
7.682089038739077580e+01,7.682088265047754305e+01
7.683512917701808931e+01,7.683511597603559551e+01
7.684935408001693702e+01,7.684934978468083955e+01
7.686358732410292305e+01,7.686358517398612378e+01
7.687783385518245893e+01,7.687781553882130936e+01
7.689207099331676432e+01,7.689205191536147765e+01
7.690629260609125595e+01,7.690628321320714633e+01
7.692051194994085961e+01,7.692051001479086381e+01
7.693474135684418513e+01,7.693472148219619555e+01
7.694894980286203179e+01,7.694893335114676347e+01
7.696316736734002006e+01,7.696312990150424582e+01
7.697734250000571876e+01,7.697731954953599143e+01
7.699152054529322697e+01,7.699150592776224755e+01
7.700572043720477211e+01,7.700568840287945704e+01
7.701987578668715173e+01,7.701985871576620468e+01
7.703406216569628384e+01,7.703403149301097130e+01
7.704821087327970019e+01,7.704818673236528070e+01
7.706235443078797687e+01,7.706234865085841079e+01
7.707652265686019177e+01,7.707650686270831386e+01
7.709067113105506053e+01,7.709065930639170006e+01
7.710481589706202499e+01,7.710480708958729679e+01
7.711895909848834663e+01,7.711895552070012627e+01
7.713311913641291540e+01,7.713310582200988108e+01
7.714724287721870155e+01,7.714724906944226746e+01
7.716139553020954622e+01,7.716138917712868306e+01
7.717555721627140031e+01,7.717553586073947258e+01
7.718966509578937973e+01,7.718967510020823397e+01
7.720382695016287755e+01,7.720381237092841786e+01
7.721797610287337932e+01,7.721795484518703745e+01
7.723125483105134492e+01,7.723122791432889755e+01
7.724496858196168603e+01,7.724494931866841796e+01
7.725932307347038375e+01,7.725930715977055740e+01
7.727335442184255498e+01,7.727333784478956602e+01
7.728753121059938280e+01,7.728753694468791480e+01
7.730165763804386359e+01,7.730164552627972796e+01
7.731585784102168191e+01,7.731586331310776927e+01
7.733011445103520032e+01,7.733009411579853065e+01
7.734433687121956780e+01,7.734432381070445217e+01
7.735856433365572116e+01,7.735855484868871201e+01
7.737278917200345063e+01,7.737279708784129184e+01
7.738703469195429818e+01,7.738703039254029648e+01
7.740125781289640372e+01,7.740126339009215428e+01
7.741549007368047342e+01,7.741548104013733678e+01
7.742970920264257018e+01,7.742969418514613267e+01
7.744391824294368121e+01,7.744390751141312990e+01
7.745810144207891312e+01,7.745810417838090700e+01
7.747231074350781910e+01,7.747229787323388450e+01
7.748648638116780774e+01,7.748647947903383226e+01
7.750066732045786466e+01,7.750065716594977516e+01
7.751483581056881178e+01,7.751483534566339983e+01
7.752899899084761159e+01,7.752900330827502273e+01
7.754318234012127675e+01,7.754317307253450053e+01
7.755732896273721622e+01,7.755732534191754723e+01
7.757149481147584424e+01,7.757147942707076993e+01
7.758563166379308029e+01,7.758563293807732464e+01
7.759977382197439510e+01,7.759978206560786873e+01
7.761395880587338070e+01,7.761393415108933880e+01
7.762808932432773190e+01,7.762807306365880322e+01
7.764221800284103381e+01,7.764221887478682049e+01
7.765636778009402974e+01,7.765636568306007348e+01
7.767049874695089784e+01,7.767050713565048170e+01
7.768464444418260939e+01,7.768464440586519970e+01
7.769878831111469708e+01,7.769878780144097163e+01
7.771293246420049172e+01,7.771293201687564078e+01
7.772707556736443735e+01,7.772706520088803472e+01
7.774121579378407887e+01,7.774121611693387024e+01
7.775536252173323248e+01,7.775535725494529515e+01
7.776948713485971609e+01,7.776949154583718382e+01
7.778363681949613806e+01,7.778363390434680014e+01
7.779777074773598144e+01,7.779777583284003128e+01
7.781191847649640181e+01,7.781191360321696493e+01
7.782605986946305165e+01,7.782605206998175618e+01
7.784021122758419153e+01,7.784019722340153180e+01
7.785434046489407933e+01,7.785433586772043668e+01
7.786849079061757095e+01,7.786847698272025298e+01
7.788263292710566077e+01,7.788261757279558140e+01
7.789678171279611263e+01,7.789676529223076784e+01
7.791090956501479070e+01,7.791090144691366959e+01
7.792503983050868044e+01,7.792504349426273791e+01
7.793919517095623917e+01,7.793919373737506362e+01
7.795335369703845174e+01,7.795333339618775881e+01
7.796748322146295607e+01,7.796747234310116426e+01
7.798161541648821071e+01,7.798161192081786908e+01
7.799577175660110129e+01,7.799575833402735725e+01
7.800988543615547144e+01,7.800989302078640719e+01
7.802403650694459714e+01,7.802403574465762404e+01
7.803818521230799377e+01,7.803818441683924334e+01
7.805231936229854739e+01,7.805232760718800478e+01
7.806648148900114847e+01,7.806646736156710631e+01
7.808062429285982375e+01,7.808061227138892946e+01
7.809477519835068904e+01,7.809475252820621449e+01
7.810889827991594814e+01,7.810889793135650905e+01
7.812302946974928375e+01,7.812303880040593640e+01
7.813718811177147927e+01,7.813718756632196971e+01
7.815132253403704965e+01,7.815132405926885895e+01
7.816547803212107226e+01,7.816546212703910612e+01
7.817961513503666993e+01,7.817960625016343101e+01
7.819376153052581913e+01,7.819375113288121781e+01
7.820790754046701920e+01,7.820789136214411030e+01
7.822203873037115329e+01,7.822203124851694156e+01
7.823618770645883558e+01,7.823617293836385045e+01
7.825031495307760565e+01,7.825031940361392913e+01
7.826445628241803831e+01,7.826445611703552174e+01
7.827860783243664855e+01,7.827859403232649527e+01
7.829274851844145644e+01,7.829273823688095035e+01
7.830688737729846594e+01,7.830688822557256401e+01
7.832102307027398069e+01,7.832102209346952293e+01
7.833518595253423200e+01,7.833516890219456741e+01
7.834930949575402792e+01,7.834930328577166847e+01
7.836346935938470892e+01,7.836345757809129964e+01
7.837761070160630084e+01,7.837760019705399372e+01
7.839174078700651194e+01,7.839173675461751145e+01
7.840588534846351365e+01,7.840587521799389492e+01
7.842003468580875847e+01,7.842002016119286623e+01
7.843417702906540967e+01,7.843415940259129115e+01
7.844831512946184660e+01,7.844830529399828833e+01
7.846245738325582408e+01,7.846244047784018960e+01
7.847659327209942148e+01,7.847658726613838098e+01
7.849073303271870827e+01,7.849072917741376898e+01
7.850487757841410996e+01,7.850486687656190554e+01
7.851902002061483188e+01,7.851901607994209087e+01
7.853315214657787635e+01,7.853315966891001665e+01
7.854730496984568333e+01,7.854729409270424867e+01
7.856143673023578344e+01,7.856143934341160673e+01
7.857558985242073391e+01,7.857558069900200337e+01
7.858972363606298472e+01,7.858972742107623333e+01
7.860387666828441411e+01,7.860386448784353774e+01
7.861802996451082493e+01,7.861801364413392434e+01
7.863216236272324977e+01,7.863215075310033342e+01
7.864629117904124200e+01,7.864629978230466634e+01
7.866043314389963825e+01,7.866043905033700412e+01
7.867459288517838445e+01,7.867458001369406873e+01
7.868872242227784852e+01,7.868872528056137128e+01
7.870286457776956013e+01,7.870286110032569127e+01
7.871701217005562512e+01,7.871700934654954551e+01
7.873115635547387114e+01,7.873114583370130504e+01
7.874528874473725182e+01,7.874528906598544609e+01
7.875944912061565617e+01,7.875942854209922928e+01
7.877358750945840882e+01,7.877357874891575307e+01
7.878772128200357372e+01,7.878772371917158068e+01
7.880185256709420116e+01,7.880185748267351187e+01
7.881600889886487948e+01,7.881599970860663973e+01
7.883014947821263263e+01,7.883014147592457732e+01
7.884428490555555413e+01,7.884428934782928877e+01
7.885842844577415178e+01,7.885843211496739968e+01
7.887258246961980035e+01,7.887257128625515179e+01
7.888671596380795847e+01,7.888672110466389142e+01
7.890085810160753965e+01,7.890085527866713733e+01
7.891498089977130803e+01,7.891499434999950324e+01
7.892914624595881889e+01,7.892914242659011848e+01
7.894326961307423574e+01,7.894328293730639245e+01
7.895741313916219895e+01,7.895742551324786973e+01
7.897155601848896822e+01,7.897156846726372237e+01
7.898570938886587101e+01,7.898570725353897615e+01
7.899985097468679385e+01,7.899985165598435799e+01
7.901398556162234854e+01,7.901399045390250819e+01
7.902814547812818091e+01,7.902813165886968250e+01
7.904227545565484547e+01,7.904227211280357324e+01
7.905642744624294949e+01,7.905641427700285817e+01
7.907057031750250076e+01,7.907055646529975945e+01
7.908472009039590489e+01,7.908469963266034597e+01
7.909885172655330621e+01,7.909884241429335816e+01
7.911299689633885635e+01,7.911298666494630538e+01
7.912712751246377252e+01,7.912712551057457233e+01
7.914043080603705960e+01,7.914040253385910262e+01
7.915411957144800681e+01,7.915412777975896574e+01
7.916849074799124253e+01,7.916849044104941413e+01
7.918251750312036563e+01,7.918251654686663699e+01
7.919670137041931923e+01,7.919671303050145639e+01
7.921082638039163726e+01,7.921082990813778224e+01
7.922504707467336971e+01,7.922504066339264739e+01
7.923927193633099364e+01,7.923928405030704880e+01
7.925354016314904015e+01,7.925351905750753190e+01
7.926774519637147876e+01,7.926774620690831341e+01
7.928198347527120404e+01,7.928198679506978408e+01
7.929622495797651993e+01,7.929621736483169059e+01
7.931046156020664739e+01,7.931044785866026814e+01
7.932467778195059793e+01,7.932466825714931247e+01
7.933891747844148767e+01,7.933889042089340649e+01
7.935311231712147162e+01,7.935308932413641969e+01
7.936729682808787345e+01,7.936729422432473768e+01
7.938150867142319100e+01,7.938149104303691672e+01
7.939568956555557122e+01,7.939567038533962773e+01
7.940987975778301688e+01,7.940985131697057398e+01
7.942405262381336684e+01,7.942402674936001006e+01
7.943820459278406076e+01,7.943819089720724946e+01
7.945236823620490441e+01,7.945235676129772173e+01
7.946654173317264735e+01,7.946651274994383130e+01
7.948067351432715100e+01,7.948066747345063732e+01
7.949483419910558268e+01,7.949481948427798272e+01
7.950896432266230818e+01,7.950896432314858941e+01
7.952311127524365020e+01,7.952311190690164722e+01
7.953727628168023500e+01,7.953725524854388595e+01
7.955142195868745603e+01,7.955140394444067908e+01
7.956554948260959748e+01,7.956555201662168031e+01
7.957969864909129853e+01,7.957969127472740922e+01
7.959384717457959368e+01,7.959383102875936800e+01
7.960799383925291295e+01,7.960797678361066687e+01
7.962214557704405138e+01,7.962211294787859117e+01
7.963627705071752416e+01,7.963625354687516733e+01
7.965040787653839516e+01,7.965039521399977218e+01
7.966454864691961291e+01,7.966454361289417818e+01
7.967870111601094152e+01,7.967868165607600872e+01
7.969284537738423069e+01,7.969282061552888763e+01
7.970697389722425896e+01,7.970695921042771204e+01
7.972110600586904638e+01,7.972109842170006289e+01
7.973524566047410644e+01,7.973524457090429962e+01
7.974940575342792215e+01,7.974938696135228611e+01
7.976355525454664530e+01,7.976352932601601253e+01
7.977768927972246615e+01,7.977766592848261951e+01
7.979182634798276297e+01,7.979181416327274690e+01
7.980594490398348739e+01,7.980595145292927839e+01
7.982009965119698336e+01,7.982009100953445113e+01
7.983424020311922220e+01,7.983423670794486782e+01
7.984837524464640524e+01,7.984837624897910757e+01
7.986252895961867182e+01,7.986251841746152991e+01
7.987666029863007111e+01,7.987665925593944394e+01
7.989080820743174627e+01,7.989080790478013228e+01
7.990494912012698592e+01,7.990495069797317740e+01
7.991907576568065963e+01,7.991908220973409982e+01
7.993323352324030395e+01,7.993323330607508126e+01
7.994737699971248901e+01,7.994737288271308273e+01
7.996152379614572681e+01,7.996151893629696872e+01
7.997566175401760802e+01,7.997565926006031134e+01
7.998979362850927544e+01,7.998979474789547339e+01
8.000395927977136523e+01,8.000394399435079151e+01
8.001808324280845852e+01,8.001808008863565647e+01
8.003221712515117758e+01,8.003222348905893568e+01
8.004637477179221605e+01,8.004636281882599746e+01
8.006052126143534053e+01,8.006051313000607195e+01
8.007465376792771394e+01,8.007464722461823214e+01
8.008881039406834645e+01,8.008878894266143789e+01
8.010295521171495636e+01,8.010293625527974370e+01
8.011707463356876247e+01,8.011707705052901929e+01
8.013122691907645390e+01,8.013121998579170224e+01
8.014537459631458205e+01,8.014535823485572053e+01
8.015951111436406507e+01,8.015950792634926358e+01
8.017364783834641173e+01,8.017364124452087992e+01
8.018780747271453890e+01,8.018778747490813430e+01
8.020192814637880474e+01,8.020193270874513303e+01
8.021607711039612809e+01,8.021606861573269498e+01
8.023022061784607217e+01,8.023021624223817128e+01
8.024436228943457650e+01,8.024435904931848995e+01
8.025849935397792478e+01,8.025849624491591783e+01
8.027265721589597547e+01,8.027264059243087502e+01
8.028678183535338064e+01,8.028678422308983897e+01
8.030092119350723578e+01,8.030092382918041949e+01
8.031508071124777359e+01,8.031506508224998697e+01
8.032921424606946914e+01,8.032921162124650039e+01
8.034334954500029369e+01,8.034334727821743627e+01
8.035751889873027665e+01,8.035749086339443181e+01
8.037165472605794037e+01,8.037163958287814580e+01
8.038578476043859666e+01,8.038577703106872718e+01
8.039994582074304219e+01,8.039991665362079232e+01
8.041406912835712717e+01,8.041406058959472603e+01
8.042819692968006962e+01,8.042820570797624669e+01
8.044233791388226962e+01,8.044234061898262667e+01
8.045648706898735725e+01,8.045648844614234463e+01
8.047064608363807281e+01,8.047062592310963680e+01
8.048478307607786064e+01,8.048477432771598217e+01
8.049892238627927554e+01,8.049891176832738893e+01
8.051307917378444756e+01,8.051305680600810888e+01
8.052720723858327290e+01,8.052719573526702845e+01
8.054135249432017929e+01,8.054134742626423815e+01
8.055548165998041554e+01,8.055548644566674454e+01
8.056962224835021402e+01,8.056962234235368214e+01
8.058378425230692699e+01,8.058377113032189243e+01
8.059793171312590232e+01,8.059791423704378133e+01
8.061205709215390414e+01,8.061205047641455224e+01
8.062532035486778170e+01,8.062532513170586412e+01
8.063906082426869659e+01,8.063905498745694445e+01
8.065341814805665877e+01,8.065341638558950876e+01
8.066746190903862157e+01,8.066744134068021310e+01
8.068164749801316304e+01,8.068164214540860257e+01
8.069577098036569396e+01,8.069575175996595817e+01
8.070997161613932747e+01,8.070996532984761984e+01
8.072421245672421719e+01,8.072420860743558535e+01
8.073844235774456024e+01,8.073844049291045621e+01
8.075268938087043580e+01,8.075266908639983399e+01
8.076692883439733350e+01,8.076690318553320935e+01
8.078115887796985817e+01,8.078114279902224837e+01
8.079539335102778352e+01,8.079536696285559572e+01
8.080961447837762535e+01,8.080959180640969919e+01
8.082384364683355216e+01,8.082380667010042430e+01
8.083804586160562167e+01,8.083801040182075326e+01
8.085223565764677289e+01,8.085221365562526330e+01
8.086642685042515666e+01,8.086640825365616081e+01
8.088060858835905265e+01,8.088059171517188872e+01
8.089478304823011001e+01,8.089477597107294571e+01
8.090895829665180372e+01,8.090894434033297955e+01
8.092313890509197449e+01,8.092310866966701610e+01
8.093728506872257356e+01,8.093727742650372647e+01
8.095146070508624803e+01,8.095143237807350545e+01
8.096559466080542222e+01,8.096558597732196461e+01
8.097975180239939164e+01,8.097974689964127037e+01
8.099389496759231122e+01,8.099389178597581918e+01
8.100805139258822862e+01,8.100804300910908751e+01
8.102220321092225674e+01,8.102218964389703615e+01
8.103633627332406775e+01,8.103633034072262831e+01
8.105045781571652697e+01,8.105047064663439471e+01
8.106461370394515598e+01,8.106461387337336078e+01
8.107874903739961781e+01,8.107875674217511630e+01
8.109289368300169087e+01,8.109290064330122050e+01
8.110702377503864113e+01,8.110703930093627889e+01
8.112116740251323677e+01,8.112117912179240875e+01
8.113529620065678216e+01,8.113531887387392771e+01
8.114946087473413172e+01,8.114946693560193580e+01
8.116358265255227877e+01,8.116360749081404435e+01
8.117773213680972333e+01,8.117775045684278723e+01
8.119187703878681361e+01,8.119188826429565609e+01
8.120602522123061817e+01,8.120603220711687698e+01
8.122016911317415122e+01,8.122016559036504191e+01
8.123430033275869278e+01,8.123431026152373136e+01
8.124845138240257825e+01,8.124844535206537444e+01
8.126260541982141206e+01,8.126259244117008507e+01
8.127675488296945616e+01,8.127673425857469169e+01
8.129089402327345226e+01,8.129087061623066290e+01
8.130503222776869166e+01,8.130501332748711718e+01
8.131916978837020338e+01,8.131915676057693076e+01
8.133331663975080517e+01,8.133330156505647324e+01
8.134745711966024828e+01,8.134744656775424687e+01
8.136161171190332198e+01,8.136158158595132761e+01
8.137574004220711288e+01,8.137572668920552132e+01
8.138988338264259426e+01,8.138986271813205065e+01
8.140402548592301457e+01,8.140401038475064865e+01
8.141815214765918540e+01,8.141815200621599047e+01
8.143230502266270321e+01,8.143229566361593186e+01
8.144644547175650473e+01,8.144643962516617819e+01
8.146058557016286272e+01,8.146057890581514016e+01
8.147386415595558162e+01,8.147385825500869316e+01
8.148759148740884939e+01,8.148758233680221963e+01
8.150194964483495141e+01,8.150194597691205445e+01
8.151597162190483914e+01,8.151597001147877108e+01
8.153018169192658604e+01,8.153017432018040722e+01
8.154429583735736742e+01,8.154428408920398397e+01
8.155850462473442519e+01,8.155849415124851021e+01
8.157273183259424343e+01,8.157273224413523849e+01
8.158698040441682053e+01,8.158696697258925212e+01
8.160120507272843327e+01,8.160119584425355299e+01
8.161544115316219461e+01,8.161543653600598702e+01
8.162967959047857391e+01,8.162966776730243623e+01
8.164391043189083064e+01,8.164390449132802985e+01
8.165812489006924579e+01,8.165811885373599921e+01
8.167233416649146704e+01,8.167234012952795297e+01
8.168655844010260125e+01,8.168654642007389555e+01
8.170074223083706499e+01,8.170074578128723886e+01
8.171495248311497051e+01,8.171493654876638857e+01
8.172913522602836167e+01,8.172912728886643663e+01
8.174330945720456043e+01,8.174330697511599908e+01
8.175749237672386016e+01,8.175748345860355926e+01
8.177165591056757421e+01,8.177164799108885518e+01
8.178581847988260733e+01,8.178580220891606700e+01
8.179998220994104940e+01,8.179996891498959144e+01
8.181413199722938145e+01,8.181411863002733753e+01
8.182827600946302482e+01,8.182826870368133143e+01
8.184243655971256715e+01,8.184242688623308482e+01
8.185657230811355589e+01,8.185656764576019384e+01
8.187070711465415229e+01,8.187071430065242339e+01
8.188486207326275235e+01,8.188486345604553662e+01
8.189900159634693466e+01,8.189900631870870029e+01
8.191314228577907386e+01,8.191314988595836155e+01
8.192729618603054575e+01,8.192728405571907047e+01
8.194143798598673811e+01,8.194142886641436974e+01
8.195558033274036802e+01,8.195556944293522861e+01
8.196971025718252690e+01,8.196970950039721515e+01
8.198386125083717957e+01,8.198385194566637324e+01
8.199799108505216338e+01,8.199798791430252720e+01
8.201211544490207928e+01,8.201213596564737429e+01
8.202626237825369060e+01,8.202627385173529717e+01
8.204041951982348735e+01,8.204041392607011574e+01
8.205454010980345458e+01,8.205455166005670264e+01
8.206869594637880994e+01,8.206869293770127172e+01
8.208284026978769532e+01,8.208283392210955753e+01
8.209696706235503427e+01,8.209697995804297932e+01
8.211112939214071105e+01,8.211112309128311892e+01
8.212528050746794861e+01,8.212526098417878018e+01
8.213941650084028367e+01,8.213940408117703385e+01
8.215355213302792947e+01,8.215354225255241261e+01
8.216769768119129935e+01,8.216768767922862082e+01
8.218184588605366514e+01,8.218183338605156507e+01
8.219596901405276412e+01,8.219596683002336590e+01
8.221009751040280378e+01,8.221011301867683585e+01
8.222425252153959718e+01,8.222425540887292073e+01
8.223840687203579591e+01,8.223839851301202941e+01
8.225254669185663658e+01,8.225253634478085019e+01
8.226668133375920888e+01,8.226667969886995024e+01
8.228083372499618520e+01,8.228082483768523048e+01
8.229497159343014800e+01,8.229496435974103008e+01
8.230911876177111708e+01,8.230910446057814056e+01
8.232325260503729680e+01,8.232325078235665217e+01
8.233739273883979592e+01,8.233739236390276517e+01
8.235155092229446439e+01,8.235152986064542802e+01
8.236566017911646043e+01,8.236567654093424551e+01
8.237981103390069393e+01,8.237982081564487657e+01
8.239395941479547503e+01,8.239396593192267915e+01
8.240809990088895631e+01,8.240810490418941470e+01
8.242224486487619117e+01,8.242224519524403092e+01
8.243638888150827881e+01,8.243639184672976228e+01
8.245052621185149633e+01,8.245052717195696346e+01
8.246466892140078642e+01,8.246467502478337508e+01
8.247882544896589252e+01,8.247881864940175944e+01
8.249296744772611589e+01,8.249295653275187590e+01
8.250711302457065699e+01,8.250709516244803865e+01
8.252125342203365221e+01,8.252124023763680327e+01
8.253537989329680613e+01,8.253538439206548105e+01
8.254954191806886854e+01,8.254952567078021275e+01
8.256368910428969343e+01,8.256366742244590284e+01
8.257782507972980568e+01,8.257780299668065993e+01
8.259196734611042245e+01,8.259195168149540223e+01
8.260610171146056757e+01,8.260609409838457395e+01
8.262023965396726055e+01,8.262023795408556737e+01
8.263437965169737254e+01,8.263437657430247896e+01
8.264853136956675428e+01,8.264852256458392787e+01
8.266266764640160147e+01,8.266266245906660970e+01
8.267682258282960106e+01,8.267680449707198420e+01
8.269094760548507850e+01,8.269094503383870176e+01
8.270510002473905331e+01,8.270509322341352743e+01
8.271924455354547945e+01,8.271923631219735285e+01
8.273336671686921306e+01,8.273337853490680516e+01
8.274752411939974195e+01,8.274751323866823327e+01
8.276167965858046216e+01,8.276165349401199478e+01
8.277580800087859814e+01,8.277580344867567419e+01
8.278994835921848505e+01,8.278993878395557715e+01
8.280408686952283404e+01,8.280407990669989715e+01
8.281822893278808806e+01,8.281822188355796754e+01
8.283238120909334157e+01,8.283236502636061971e+01
8.284651775722284128e+01,8.284650817876583062e+01
8.286064368104436539e+01,8.286065124654965075e+01
8.287480275175467170e+01,8.287479164503677964e+01
8.288894576602079667e+01,8.288893688101805424e+01
8.290308543466630908e+01,8.290307186442088039e+01
8.291723107968954309e+01,8.291722432983679880e+01
8.293135857289261992e+01,8.293135948238075628e+01
8.294550381841087017e+01,8.294549632282618745e+01
8.295965412192570909e+01,8.295965169363152825e+01
8.297378810349017897e+01,8.297378928396003062e+01
8.298795068835275401e+01,8.298792981927992685e+01
8.300208215097923414e+01,8.300207379084429249e+01
8.301621839844666795e+01,8.301621378879086421e+01
8.303037839888935423e+01,8.303036752829120815e+01
8.304450520112621348e+01,8.304450255481540921e+01
8.305863947715160123e+01,8.305864446243478483e+01
8.307277219504017296e+01,8.307278627471920629e+01
8.308692025754389476e+01,8.308693056186758952e+01
8.310105287672949714e+01,8.310106884998462817e+01
8.311521168867155041e+01,8.311520889343279350e+01
8.312934269910573448e+01,8.312935414437217219e+01
8.314350291846436392e+01,8.314349024240122787e+01
8.315762598120858229e+01,8.315763603790328773e+01
8.317178459140995983e+01,8.317177956136940509e+01
8.318591509340312484e+01,8.318592097030241916e+01
8.320006576324921355e+01,8.320006492608051474e+01
8.321421729705363646e+01,8.321419841871002632e+01
8.322837025345720008e+01,8.322835524416343844e+01
8.324251353064951786e+01,8.324249515952509171e+01
8.325663684564555922e+01,8.325663434241630512e+01
8.327077459274158855e+01,8.327077519143452378e+01
8.328493007377355184e+01,8.328491773174442869e+01
8.329907917888125723e+01,8.329906045546475468e+01
8.331321496081807254e+01,8.331320333105531972e+01
8.332734735204491017e+01,8.332735240536375443e+01
8.334150143909194242e+01,8.334149216250295922e+01
8.335563978466777257e+01,8.335563144808000402e+01
8.336977084409129191e+01,8.336977079409452074e+01
8.338390757015767463e+01,8.338391715583213681e+01
8.339804426791556580e+01,8.339805293528968377e+01
8.341220682833778710e+01,8.341219612509533476e+01
8.342635425486700740e+01,8.342634519262600179e+01
8.344048655966867045e+01,8.344048248691628089e+01
8.345463330291724446e+01,8.345462110835148906e+01
8.346877485356608872e+01,8.346876605698567175e+01
8.348291605903412460e+01,8.348290618458453594e+01
8.349706504753143577e+01,8.349704743943014762e+01
8.351118955424061596e+01,8.351119322652898802e+01
8.352533723957094480e+01,8.352533556496941003e+01
8.353947340300098290e+01,8.353947769151568536e+01
8.355362429903158272e+01,8.355361618397428458e+01
8.356778088384020009e+01,8.356776112763556341e+01
8.358190875189585256e+01,8.358189896936656282e+01
8.359604862923184498e+01,8.359604991493347370e+01
8.361017761506809620e+01,8.361018946296402987e+01
8.362432644527815739e+01,8.362432576006600016e+01
8.363847764191891088e+01,8.363846834202976765e+01
8.365260645040220311e+01,8.365260943609571598e+01
8.366676720154111990e+01,8.366675379566221693e+01
8.368089138050454778e+01,8.368089651580822874e+01
8.369505171591727333e+01,8.369504193875161491e+01
8.370917489516304499e+01,8.370918020161619211e+01
8.372332216439482977e+01,8.372332625812785523e+01
8.373747360466472855e+01,8.373746233056559163e+01
8.375161744444956469e+01,8.375160364880601094e+01
8.376576695579814213e+01,8.376575187786981758e+01
8.377989562016544767e+01,8.377988801168257282e+01
8.379404170959386988e+01,8.379403185020049705e+01
8.380818956545380161e+01,8.380817645046276709e+01
8.382232622825686974e+01,8.382231518533102133e+01
8.383647124885872870e+01,8.383646128322584445e+01
8.385060869962703123e+01,8.385059554362214840e+01
8.386475905600150327e+01,8.386474338565159314e+01
8.387887649568192217e+01,8.387888338437070956e+01
8.389303760560348167e+01,8.389302733266440271e+01
8.390717907254099828e+01,8.390716464331556779e+01
8.392133042744690385e+01,8.392130936542099562e+01
8.393544946747461211e+01,8.393545236652030894e+01
8.394961881756556465e+01,8.394959952298611938e+01
8.396375644918317960e+01,8.396373387011219336e+01
8.397787773699126035e+01,8.397787915920915225e+01
8.399202039037909628e+01,8.399202090440421387e+01
8.400617988909286282e+01,8.400616389653399096e+01
8.402033298102634262e+01,8.402030763341429065e+01
8.403445859856907418e+01,8.403445031856216474e+01
8.404860285061973002e+01,8.404859506848657702e+01
8.406272503780371608e+01,8.406273300788856773e+01
8.407687640954983976e+01,8.407687948769076058e+01
8.409103740695869078e+01,8.409102149291511807e+01
8.410517180821523198e+01,8.410516207296913649e+01
8.411931065942069097e+01,8.411930386796704795e+01
8.413344464567106229e+01,8.413344610880002961e+01
8.414758915660576122e+01,8.414758457331164720e+01
8.416171518810884322e+01,8.416172734096048202e+01
8.417587646939992396e+01,8.417587331463917621e+01
8.419001025134032545e+01,8.419000673148546809e+01
8.420415181146736927e+01,8.420415288932836972e+01
8.421828397159919177e+01,8.421829350284772886e+01
8.423155970198334330e+01,8.423156685508040198e+01
8.424530906504710970e+01,8.424529574763670325e+01
8.425967119045503750e+01,8.425965243819162254e+01
8.427369346346362988e+01,8.427368406449312488e+01
8.428789565435404540e+01,8.428787880677913336e+01
8.430201114870678225e+01,8.430199023632191313e+01
8.431622370526693544e+01,8.431620314700076335e+01
8.433044538650877087e+01,8.433044415277551309e+01
8.434470171188078780e+01,8.434468202014565463e+01
8.435891457525885073e+01,8.435890706563439778e+01
8.437314421876126858e+01,8.437315035195108237e+01
8.438739495901060650e+01,8.438737948311364789e+01
8.440160973100483943e+01,8.440161215290817154e+01
8.441584261498472586e+01,8.441583621915947333e+01
8.443005286569433565e+01,8.443004875284299260e+01
8.444425434128476127e+01,8.444425661223118595e+01
8.445846091551074153e+01,8.445846527764886957e+01
8.447264670910989537e+01,8.447265690841851438e+01
8.448684333507792132e+01,8.448683945506583370e+01
8.450103693572629027e+01,8.450101729385676208e+01
8.451519763768179416e+01,8.451518889704559001e+01
8.452935953048836382e+01,8.452935559955957956e+01
8.454354912194460780e+01,8.454352473396984635e+01
8.455770159399529007e+01,8.455768701002223509e+01
8.457185258734641309e+01,8.457183361337617100e+01
8.458599958970285115e+01,8.458598005576790513e+01
8.460016523120206955e+01,8.460014077560394696e+01
8.461429286342170997e+01,8.461428220127147881e+01
8.462844786623480786e+01,8.462843255302115608e+01
8.464258655645217289e+01,8.464257626859068750e+01
8.465672071140456012e+01,8.465671511405415117e+01
8.467087317277102443e+01,8.467086147162478937e+01
8.468501022606366746e+01,8.468500154860713280e+01
8.469914362377944883e+01,8.469913698978889727e+01
8.471329021852791641e+01,8.471327966310128943e+01
8.472741833493972763e+01,8.472742720466996502e+01
8.474157026547747762e+01,8.474157139803979533e+01
8.475570312855208499e+01,8.475570400408103922e+01
8.476985131342685520e+01,8.476984944860483040e+01
8.478399283091424365e+01,8.478398337537072393e+01
8.479812940873534899e+01,8.479813507833824815e+01
8.481225544380583869e+01,8.481226956398496952e+01
8.482642391897243783e+01,8.482641302237836101e+01
8.484056126886279969e+01,8.484054985968926133e+01
8.485471393933777051e+01,8.485469953930564202e+01
8.486883069911716859e+01,8.486883572818599930e+01
8.488299743588055435e+01,8.488298227086868053e+01
8.489711709225024094e+01,8.489711992138634855e+01
8.491126023469668382e+01,8.491126092660593372e+01
8.492539664816230527e+01,8.492540656898833618e+01
8.493955443004098527e+01,8.493954938619543782e+01
8.495369105731515447e+01,8.495368570920659579e+01
8.496783667440672616e+01,8.496782842291382565e+01
8.498198673905643830e+01,8.498197293868216207e+01
8.499611685633684033e+01,8.499611620298566095e+01
8.501025660903478354e+01,8.501025522556409442e+01
8.502439660537683608e+01,8.502439520149852115e+01
8.503853738340576740e+01,8.503854153236984814e+01
8.505268780509894100e+01,8.505268281686184650e+01
8.506681341434321553e+01,8.506682438153391956e+01
8.508010162071060734e+01,8.508009647944275855e+01
8.509383716948785548e+01,8.509382465250732253e+01
8.510818098418296529e+01,8.510818699498528872e+01
8.512219943602218564e+01,8.512221838783317196e+01
8.513640909292367098e+01,8.513641463844375323e+01
8.515052112423359176e+01,8.515053265144318573e+01
8.516474532941477094e+01,8.516474749678378942e+01
8.517897864134380370e+01,8.517897278255034621e+01
8.519323568391995138e+01,8.519321194387627827e+01
8.520742603770364099e+01,8.520744846397690253e+01
8.522168206136521462e+01,8.522168304778020342e+01
8.523590428993124135e+01,8.523591099908955471e+01
8.525016563175280737e+01,8.525014781543542597e+01
8.526436337080508565e+01,8.526437010178281639e+01
8.527857439215584634e+01,8.527858359685016865e+01
8.529279414417777616e+01,8.529279391674926103e+01
8.530699704776591830e+01,8.530699179319753966e+01
8.532118456245423488e+01,8.532118479458118543e+01
8.533538776514494373e+01,8.533536890266847763e+01
8.534954303007536680e+01,8.534954457548624873e+01
8.536372419730021477e+01,8.536372375926319478e+01
8.537790204399452421e+01,8.537789229253077394e+01
8.539206059671667504e+01,8.539204938515113952e+01
8.540622425880266633e+01,8.540620751554102696e+01
8.542037617392679749e+01,8.542035455309031988e+01
8.543455512428755583e+01,8.543451550140214579e+01
8.544868611659403257e+01,8.544866880533633946e+01
8.546283127643377497e+01,8.546281259299013300e+01
8.547697911184002351e+01,8.547695751016451027e+01
8.549112450531896457e+01,8.549110230346131800e+01
8.550526016599822299e+01,8.550524767904117596e+01
8.551939881288036815e+01,8.551938801438335247e+01
8.553355430155642125e+01,8.553353081729643748e+01
8.554767745538636348e+01,8.554767157567353308e+01
8.556183163344387310e+01,8.556181568317130370e+01
8.557594925887613613e+01,8.557595734966201917e+01
8.559009579974664916e+01,8.559009629246558859e+01
8.560422661663439214e+01,8.560423481977611004e+01
8.561837992907491923e+01,8.561838117193202891e+01
8.563252870059044142e+01,8.563252217206233752e+01
8.564666207645461782e+01,8.564665708765471663e+01
8.566079955556111258e+01,8.566079913006205970e+01
8.567496053058933114e+01,8.567494279293910608e+01
8.568906811778002464e+01,8.568907279408027478e+01
8.570322168015785280e+01,8.570322321476315608e+01
8.571737491950887033e+01,8.571736844721650073e+01
8.573151729329360649e+01,8.573150185395870437e+01
8.574564450453198106e+01,8.574564121592182175e+01
8.575979576407544869e+01,8.575978868900435259e+01
8.577391866609320914e+01,8.577392376344312197e+01
8.578809120460718418e+01,8.578807317364884000e+01
8.580222420119451954e+01,8.580221534976134024e+01
8.581635232097850974e+01,8.581635841403831932e+01
8.583050935583980845e+01,8.583049784042239594e+01
8.584463372517562618e+01,8.584464133721361634e+01
8.585879608665031526e+01,8.585878263656070430e+01
8.587291072790348778e+01,8.587292687661141599e+01
8.588706601139359975e+01,8.588706984225343888e+01
8.590120679036343176e+01,8.590120553480417698e+01
8.591537493541800075e+01,8.591534988234180048e+01
8.592949534292371538e+01,8.592949716291978746e+01
8.594366670553769438e+01,8.594363776738555316e+01
8.595777195777382929e+01,8.595777990696690551e+01
8.597193081400220649e+01,8.597192616840158053e+01
8.598606010496555996e+01,8.598606579208018275e+01
8.600021520028417399e+01,8.600021306067429805e+01
8.601436276276859871e+01,8.601434984030666442e+01
8.602850237151156421e+01,8.602849763830128893e+01
8.604265615607380369e+01,8.604263545951168624e+01
8.605678724892024434e+01,8.605677891723853179e+01
8.607093128149784889e+01,8.607091781937735675e+01
8.608505019877460995e+01,8.608506102837691287e+01
8.609920134139704828e+01,8.609920191001226897e+01
8.611334573151269467e+01,8.611334815002277310e+01
8.612748171156100341e+01,8.612748353785924849e+01
8.614165014020206002e+01,8.614162726799477809e+01
8.615577870657971005e+01,8.615576906698555604e+01
8.616992233915654253e+01,8.616991262798113382e+01
8.618406376578512607e+01,8.618405673446662263e+01
8.619820484736180788e+01,8.619819575626455332e+01
8.621232568503211269e+01,8.621233904877884413e+01
8.622647055570614327e+01,8.622648001614072655e+01
8.624062383664485765e+01,8.624062170736125665e+01
8.625477070425081649e+01,8.625476366240738457e+01
8.626890883197080484e+01,8.626889997253928755e+01
8.628304318121841732e+01,8.628304792309859295e+01
8.629719085001426038e+01,8.629718673849727395e+01
8.631133506484553664e+01,8.631133140422483052e+01
8.632549158690774505e+01,8.632547137639272705e+01
8.633962031446165497e+01,8.633961656304576593e+01
8.635375204248850878e+01,8.635375658817473266e+01
8.636791863961728666e+01,8.636790537632522557e+01
8.638203908631579964e+01,8.638204597224630277e+01
8.639619927612834260e+01,8.639618426649506944e+01
8.641033921367066739e+01,8.641032763290297680e+01
8.642447183283474033e+01,8.642447124023600225e+01
8.643861167757587793e+01,8.643861024839159768e+01
8.645276555777661542e+01,8.645275592376090401e+01
8.646689411207853482e+01,8.646689607634303343e+01
8.648105786686375041e+01,8.648103881646520108e+01
8.649519172814106582e+01,8.649517987319140389e+01
8.650932582249994596e+01,8.650932165501617988e+01
8.652346255737849390e+01,8.652346452055616055e+01
8.653762877381470275e+01,8.653760993084432585e+01
8.655176575127472915e+01,8.655174276197588767e+01
8.656589806567150447e+01,8.656588687380836689e+01
8.658006195216843537e+01,8.658004030948558238e+01
8.659417769077596461e+01,8.659417371266445684e+01
8.660831501401247579e+01,8.660831427263805438e+01
8.662246762769390784e+01,8.662245774580149771e+01
8.663660328252636589e+01,8.663660550773403202e+01
8.665073950583742146e+01,8.665074924192872174e+01
8.666489766584810184e+01,8.666489400195668225e+01
8.667903078523551130e+01,8.667902726435762872e+01
8.669317500039866786e+01,8.669317246700833834e+01
8.670730681369344950e+01,8.670730645159375172e+01
8.672144725112774211e+01,8.672145322735178752e+01
8.673561294612375150e+01,8.673560273075287341e+01
8.674974209902573818e+01,8.674974984044629878e+01
8.676386950710984536e+01,8.676388654558944324e+01
8.677803531098248868e+01,8.677803224631507817e+01
8.679215229967604728e+01,8.679216901817660812e+01
8.680631569754329746e+01,8.680630444374379806e+01
8.682044574355673205e+01,8.682045501999461123e+01
8.683458578129454963e+01,8.683459545228487286e+01
8.684873444792559383e+01,8.684873752540993053e+01
8.686288033519218743e+01,8.686287420975011742e+01
8.687702645464925411e+01,8.687702312299748542e+01
8.689116892231855616e+01,8.689116679544791566e+01
8.690531859746064924e+01,8.690530581812301136e+01
8.691944171250383988e+01,8.691944380136403936e+01
8.693358972436898569e+01,8.693358945191332054e+01
8.694773130698133912e+01,8.694773570310717048e+01
8.696188111970916168e+01,8.696187182229196821e+01
8.697601141616551956e+01,8.697601840247710925e+01
8.699016165954515145e+01,8.699015557204870674e+01
8.700429762057862604e+01,8.700429904631889144e+01
8.701844619954232485e+01,8.701844330583955411e+01
8.703257363272641101e+01,8.703258097973993301e+01
8.704672842903482888e+01,8.704672725796324073e+01
8.706087957139487798e+01,8.706086801115047535e+01
8.707498665117439884e+01,8.707500648867547000e+01
8.708916657898581093e+01,8.708915074286019831e+01
8.710329158238610603e+01,8.710329207539363949e+01
8.711742766403632743e+01,8.711743391792690261e+01
8.713156797184993252e+01,8.713157752709145143e+01
8.714572388309538553e+01,8.714571717352190205e+01
8.715986164864263230e+01,8.715985646332235603e+01
8.717401589345527668e+01,8.717400227773893562e+01
8.718815110127124512e+01,8.718814852073701616e+01
8.720142332587600720e+01,8.720141806345927193e+01
8.721513812462012538e+01,8.721514548747516926e+01
8.722948823100072957e+01,8.722950244216512772e+01
8.724353333525257881e+01,8.724353388617342375e+01
8.725773189776758443e+01,8.725773977031248307e+01
8.727183774920675319e+01,8.727184996178928600e+01
8.728607400766958335e+01,8.728606466045823709e+01
8.730030017309839252e+01,8.730030012764953540e+01
8.731453177841609659e+01,8.731453142511782062e+01
8.732877743224486267e+01,8.732877016972757644e+01
8.734299352196437383e+01,8.734300162967440428e+01
8.735724183632302697e+01,8.735723047108217543e+01
8.737149212596003167e+01,8.737147171338061469e+01
8.738566751788513898e+01,8.738569233554471793e+01
8.739988632235272803e+01,8.739990553448822652e+01
8.741411215778990140e+01,8.741411403942557001e+01
8.742831386668181892e+01,8.742831138140516600e+01
8.744250335920733619e+01,8.744250366306671651e+01
8.745668919485318327e+01,8.745669064526579461e+01
8.747087051467188701e+01,8.747087282596035607e+01
8.748503783952381241e+01,8.748503815527384120e+01
8.749920084404685383e+01,8.749921030033215175e+01
8.751336876090942951e+01,8.751337210318610005e+01
8.752752185818688702e+01,8.752753392631539953e+01
8.754167882546417445e+01,8.754169128952784718e+01
8.755583651160470993e+01,8.755583876808326238e+01
8.756999407406689784e+01,8.756999191013251505e+01
8.758413995016906028e+01,8.758413400447800257e+01
8.759828811977696716e+01,8.759828263647327162e+01
8.761242041330727659e+01,8.761241981548894842e+01
8.762658266023427700e+01,8.762656557751307673e+01
8.764072499168023000e+01,8.764071011793862453e+01
8.765485372118760665e+01,8.765484958678476346e+01
8.766899752310527560e+01,8.766899050017732975e+01
8.768312789952798880e+01,8.768313663608233810e+01
8.769727335385375966e+01,8.769727351182565656e+01
8.771140432157625355e+01,8.771141507455364206e+01
8.772554424035288889e+01,8.772555294953103555e+01
8.773970819093952400e+01,8.773969868023360164e+01
8.775383505072181833e+01,8.775383624525609605e+01
8.776798560155897633e+01,8.776797664571647317e+01
8.778211867485059372e+01,8.778211646771931953e+01
8.779628206016757019e+01,8.779625873701806427e+01
8.781039174688706339e+01,8.781040398993337703e+01
8.782456500196738602e+01,8.782454298371956725e+01
8.783868300113856264e+01,8.783868433349744009e+01
8.785283953089695785e+01,8.785282912608739991e+01
8.786698627948668161e+01,8.786697325637257450e+01
8.788112468304206004e+01,8.788110700365437822e+01
8.789526837712689655e+01,8.789525267293470279e+01
8.790939756481036227e+01,8.790939242855530722e+01
8.792354920530641493e+01,8.792353988029459799e+01
8.793768582589288485e+01,8.793767547939252438e+01
8.795183524099145700e+01,8.795182431137277490e+01
8.796597107256550885e+01,8.796596760520088765e+01
8.798011986257870376e+01,8.798010589338026932e+01
8.799425802378864603e+01,8.799424436463355903e+01
8.800837679464513030e+01,8.800838834932211796e+01
8.802254951018475992e+01,8.802253070890724018e+01
8.803668986678759723e+01,8.803667157927120002e+01
8.805080839432280015e+01,8.805081731197216754e+01
8.806496579921693524e+01,8.806496011932354406e+01
8.807912623082638959e+01,8.807909908208746685e+01
8.809324556002201234e+01,8.809324165473265111e+01
8.810738295086652272e+01,8.810737988921690089e+01
8.812152354348391725e+01,8.812152423346677210e+01
8.813566380230842867e+01,8.813566393489682582e+01
8.814982265095244429e+01,8.814980570510907398e+01
8.816395738312020569e+01,8.816394651832263207e+01
8.817810788936283473e+01,8.817809478079487917e+01
8.819223972951490964e+01,8.819223660260634290e+01
8.820637248509093808e+01,8.820637917901048297e+01
8.822051749816338884e+01,8.822051776144208191e+01
8.823465853542261073e+01,8.823465677863420353e+01
8.824879225767843138e+01,8.824880672620518851e+01
8.826294822477022706e+01,8.826294237763183048e+01
8.827708692588494443e+01,8.827708896196436683e+01
8.829123702487251535e+01,8.829123106942505217e+01
8.830537841617491779e+01,8.830536748551799064e+01
8.831951808215910660e+01,8.831952167303700207e+01
8.833366653599067320e+01,8.833366031243242844e+01
8.834781816115160780e+01,8.834780517607681816e+01
8.836196493364644766e+01,8.836195021830880592e+01
8.837609476202285919e+01,8.837608914153719297e+01
8.839024178191695569e+01,8.839022492378677498e+01
8.840437570738264128e+01,8.840437117325620875e+01
8.841852016959016680e+01,8.841851310164727806e+01
8.843264980471658987e+01,8.843265491080936158e+01
8.844680255509155131e+01,8.844679362860365757e+01
8.846093417951190929e+01,8.846093618703572758e+01
8.847508438054866531e+01,8.847508139872147126e+01
8.848921344188245541e+01,8.848921973057476009e+01
8.850337315336282984e+01,8.850336747612121258e+01
8.851752590494488970e+01,8.851750905118930746e+01
8.853163880787538176e+01,8.853164820253105916e+01
8.854578638536636959e+01,8.854578519295075978e+01
8.855994799082982638e+01,8.855992977461696114e+01
8.857406604151469764e+01,8.857407739891607434e+01
8.858821004599118965e+01,8.858821586481290922e+01
8.860148634974923709e+01,8.860149090560317120e+01
8.861522060260035971e+01,8.861521657858511958e+01
8.862957271650434166e+01,8.862957803012783131e+01
8.864360752485272599e+01,8.864360615057090342e+01
8.865781369146755253e+01,8.865780492865964391e+01
8.867193021526777841e+01,8.867191957374866718e+01
8.868616911655048796e+01,8.868613857244385201e+01
8.870038262800393625e+01,8.870036616080120950e+01
8.871463148730727255e+01,8.871460797822928157e+01
8.872883946432972380e+01,8.872883680289791641e+01
8.874309536227760020e+01,8.874308063212006914e+01
8.875732735591498113e+01,8.875730691233579250e+01
8.877153698390361569e+01,8.877153185992041529e+01
8.878577342052400923e+01,8.878576036978230945e+01
8.879997648353291595e+01,8.879997633065661944e+01
8.881419869578526516e+01,8.881418364277446642e+01
8.882839050233346256e+01,8.882838413608580197e+01
8.884257187311168025e+01,8.884257929094341932e+01
8.885675032690646447e+01,8.885675872041427681e+01
8.887092687277346670e+01,8.887094498136312382e+01
8.888510158323455812e+01,8.888510869432099071e+01
8.889927354805490722e+01,8.889927870601326276e+01
8.891343312785386388e+01,8.891344993853955714e+01
8.892760900621777864e+01,8.892760583595259050e+01
8.894174821541720632e+01,8.894175939424029309e+01
8.895591106006666848e+01,8.895591640770931008e+01
8.897005630270960808e+01,8.897006116508066498e+01
8.898421593065425839e+01,8.898420794757416274e+01
8.899835774088636242e+01,8.899834809864228191e+01
8.901249678965149315e+01,8.901249500604195930e+01
8.902662556908896363e+01,8.902663603784253610e+01
8.904077449970984048e+01,8.904077956138755212e+01
8.905494112647890859e+01,8.905492457326830902e+01
8.906907823052094386e+01,8.906906277546103468e+01
8.908322234883603130e+01,8.908321320812082433e+01
8.909734395868018453e+01,8.909735186027363341e+01
8.911062311737138941e+01,8.911062144391364370e+01
8.912436401458539592e+01,8.912434812931049066e+01
8.913870717156726187e+01,8.913870531139497189e+01
8.915273394347561009e+01,8.915273382217935705e+01
8.916693301850561681e+01,8.916692815321312082e+01
8.918104973746676478e+01,8.918104379390533154e+01
8.919526315793942217e+01,8.919525701283900787e+01
8.920950761023431141e+01,8.920948813430733537e+01
8.922373267587090595e+01,8.922372383206835877e+01
8.923796986722362590e+01,8.923795654671724265e+01
8.925221439926231426e+01,8.925219534267993993e+01
8.926645059766163115e+01,8.926642308233613221e+01
8.928067330887358821e+01,8.928065648711252322e+01
8.929489175756430086e+01,8.929487932018373897e+01
8.930910570804050508e+01,8.930909709258300211e+01
8.932331165940647111e+01,8.932329914134537319e+01
8.933751103954737971e+01,8.933750138098891114e+01
8.935169160132413424e+01,8.935168628902957266e+01
8.936589230976954923e+01,8.936587393346285069e+01
8.938006425648931952e+01,8.938005531782312119e+01
8.939425337271634930e+01,8.939423281717704128e+01
8.940840582528822722e+01,8.940839802786324242e+01
8.942255502286626268e+01,8.942256311800875324e+01
8.943670846171266930e+01,8.943671861822252822e+01
8.945086788061874472e+01,8.945087555051711092e+01
8.946502612950186517e+01,8.946502722373223548e+01
8.947918742644509393e+01,8.947917447675476410e+01
8.949332250800520683e+01,8.949331516544904730e+01
8.950748122881164193e+01,8.950746937188966967e+01
8.952163544191559197e+01,8.952161850676863253e+01
8.953574599691633296e+01,8.953575938691064096e+01
8.954989960488182987e+01,8.954989840521477618e+01
8.956404220523039328e+01,8.956404339532643633e+01
8.957818818928760152e+01,8.957817749371204741e+01
8.959232562474593919e+01,8.959231764858974145e+01
8.960646623072368300e+01,8.960646404470334403e+01
8.962060602171770540e+01,8.962059982220368681e+01
8.963476069214165420e+01,8.963474348506846923e+01
8.964889546579094315e+01,8.964888632104214139e+01
8.966302327437966824e+01,8.966302284203123918e+01
8.967716928187961400e+01,8.967716798220045860e+01
8.969130449619933643e+01,8.969130103379102081e+01
8.970545076776436133e+01,8.970544682002169168e+01
8.971960635324748523e+01,8.971958300048123647e+01
8.973375301813143778e+01,8.973373017043867605e+01
8.974788556091509406e+01,8.974786578506059698e+01
8.976202755948060030e+01,8.976201442637076866e+01
8.977615877558784518e+01,8.977615109219560452e+01
8.979029401896409013e+01,8.979029460853779199e+01
8.980444855386164704e+01,8.980444003285124666e+01
8.981859699253065799e+01,8.981858055562432241e+01
8.983271100406001608e+01,8.983272463559154630e+01
8.984686142674689791e+01,8.984686590368730208e+01
8.986100749715998859e+01,8.986101341738806525e+01
8.987514697556490262e+01,8.987514948629856804e+01
8.988928960155462278e+01,8.988929249008313604e+01
8.990343403927400345e+01,8.990343639693237776e+01
8.991757779917736570e+01,8.991758077069243882e+01
8.993172298117299590e+01,8.993172023993298581e+01
8.994586294200564680e+01,8.994586523034020331e+01
8.995999261768136535e+01,8.996000524255437369e+01
8.997416044664646506e+01,8.997415383033714420e+01
8.998829162091726630e+01,8.998828927734362537e+01
9.000243345952767982e+01,9.000243189121522391e+01
9.001657499399615858e+01,9.001656915259921732e+01
9.003071130708390513e+01,9.003071239640932788e+01
9.004486236193966420e+01,9.004485198351170538e+01
9.005900572294082451e+01,9.005899711794180007e+01
9.007315294911391845e+01,9.007313789483104927e+01
9.008729583923199868e+01,9.008728468901939834e+01
9.010145457460126295e+01,9.010142156960812088e+01
9.011558563466462601e+01,9.011556312342891317e+01
9.012972983835432217e+01,9.012971193756298760e+01
9.014385956970987479e+01,9.014385454109354612e+01
9.015799934490996748e+01,9.015798686745883117e+01
9.017212737255110255e+01,9.017213634042892068e+01
9.018628047959971639e+01,9.018627735061215844e+01
9.020042971196819792e+01,9.020042968807068462e+01
9.021456521424721586e+01,9.021456474783715862e+01
9.022870092207865866e+01,9.022871128183568601e+01
9.024283507693580475e+01,9.024284761966737278e+01
9.025698200757720713e+01,9.025699669667939418e+01
9.027112936890758021e+01,9.027112923664327582e+01
9.028526533647989538e+01,9.028527356316307362e+01
9.029942566035774121e+01,9.029942003589495414e+01
9.031356067493815942e+01,9.031355935977390459e+01
9.032771335649445632e+01,9.032770089235586397e+01
9.034184284584750912e+01,9.034184130406373470e+01
9.035599419804030674e+01,9.035598388607945708e+01
9.037013071223621807e+01,9.037012618862182478e+01
9.038428528888404401e+01,9.038426464999666621e+01
9.039842009625043318e+01,9.039841405432633792e+01
9.041257333376987049e+01,9.041255367971102430e+01
9.042671591003852427e+01,9.042669390731394685e+01
9.044086363181799015e+01,9.044083427488260440e+01
9.045500031456991508e+01,9.045498083604179840e+01
9.046914668778551061e+01,9.046912271250070603e+01
9.048327611599330567e+01,9.048325816001212729e+01
9.049741953934353944e+01,9.049740171855408732e+01
9.051154726911515525e+01,9.051154392177438979e+01
9.052570352096515194e+01,9.052568904652207493e+01
9.053985196527406742e+01,9.053982938731994068e+01
9.055398260937410271e+01,9.055396199327662998e+01
9.056812268334402916e+01,9.056810845908384522e+01
9.058225792089179151e+01,9.058225519985516883e+01
9.059641119243930518e+01,9.059639775475211820e+01
9.061055346065246852e+01,9.061054627421991370e+01
9.062468874721240297e+01,9.062468891704672558e+01
9.063883459014718369e+01,9.063882760294640661e+01
9.065297977263213625e+01,9.065296652455047877e+01
9.066712550913817381e+01,9.066711214005984232e+01
9.068125518356782777e+01,9.068125158683032794e+01
9.069539968368427196e+01,9.069539817586552033e+01
9.070955252988622419e+01,9.070953461710122667e+01
9.072367734587000143e+01,9.072368107638737911e+01
9.073782686740706538e+01,9.073782513937526062e+01
9.075196772964820013e+01,9.075196264850247019e+01
9.076610471181334105e+01,9.076611206607316262e+01
9.078025839217927739e+01,9.078025195217504972e+01
9.079438895715273361e+01,9.079439131816018005e+01
9.080852467008931228e+01,9.080853105625782007e+01
9.082269557443427743e+01,9.082267413309708104e+01
9.083682375655664032e+01,9.083682095183915806e+01
9.085096200435341984e+01,9.085095737539306526e+01
9.086511426021208138e+01,9.086510123049025367e+01
9.087924660190449799e+01,9.087924433174059402e+01
9.089338951104373621e+01,9.089338313236659417e+01
9.090753012399306954e+01,9.090752268501471178e+01
9.092166921320180961e+01,9.092166243601089093e+01
9.093580726921345558e+01,9.093580836450060190e+01
9.094994882845159623e+01,9.094995529825810365e+01
9.096409675235042869e+01,9.096409808270237818e+01
9.097824856169447116e+01,9.097823604558342936e+01
9.099237849682070589e+01,9.099237844457826441e+01
9.100654065261119285e+01,9.100651800093470456e+01
9.102069389679121514e+01,9.102066932644757458e+01
9.103483760454381013e+01,9.103480352982744250e+01
9.104897065729716132e+01,9.104894919580277701e+01
9.106310180382038766e+01,9.106308920867397205e+01
9.107722808679211823e+01,9.107722983601038891e+01
9.109137168551785635e+01,9.109137759765070541e+01
9.110551155118979239e+01,9.110550894978834435e+01
9.111966340881870963e+01,9.111965374048133981e+01
9.113381335948483297e+01,9.113380432653920593e+01
9.114793667117126574e+01,9.114794202388567612e+01
9.116208602737481215e+01,9.116208234250980524e+01
9.117624518441451187e+01,9.117623025171123174e+01
9.119039320774602686e+01,9.119037184673550200e+01
9.120453219510550014e+01,9.120451316800686925e+01
9.121864634928400051e+01,9.121865396856730968e+01
9.123281574231366164e+01,9.123279965021747273e+01
9.124695689841431090e+01,9.124694325311736520e+01
9.126109613721843061e+01,9.126108200764718958e+01
9.127521511938711285e+01,9.127522513434826124e+01
9.128935301547981851e+01,9.128936550884257883e+01
9.130349605337821117e+01,9.130350591185097642e+01
9.131764307733939745e+01,9.131765399792949722e+01
9.133179350192736479e+01,9.133179104588516850e+01
9.134594458827693586e+01,9.134593437300583219e+01
9.136007912690881483e+01,9.136007718343363138e+01
9.137421299399319707e+01,9.137422080380571288e+01
9.138835910996358791e+01,9.138836068685392888e+01
9.140250286555753689e+01,9.140250070464385601e+01
9.141664260645944751e+01,9.141664058791636194e+01
9.143077047558405468e+01,9.143078682815163916e+01
9.144493263926429449e+01,9.144492416269962121e+01
9.145908957337654499e+01,9.145906771115473077e+01
9.147321664160486421e+01,9.147320957121807794e+01
9.148736472961567756e+01,9.148735392192745053e+01
9.150150586765639105e+01,9.150149272352327046e+01
9.151563511115074334e+01,9.151563651824838530e+01
9.152977906689449128e+01,9.152977725169031942e+01
9.154393615986693078e+01,9.154392470594461884e+01
9.155806918216616452e+01,9.155805961712688656e+01
9.157222911143746558e+01,9.157220900543278219e+01
9.158636372366879641e+01,9.158635095024293094e+01
9.160050471645895698e+01,9.160048886213144215e+01
9.161465465582138279e+01,9.161463306671328155e+01
9.162877975993437474e+01,9.162877673620739927e+01
9.164292329539252080e+01,9.164291074954643079e+01
9.165706290758289754e+01,9.165705690787423521e+01
9.167121271223483348e+01,9.167120402824279779e+01
9.168535680564869494e+01,9.168535114294418520e+01
9.169949184587213153e+01,9.169948721131302705e+01
9.171363963304429490e+01,9.171363653009899508e+01
9.172776411066762137e+01,9.172777285526858293e+01
9.174191094169196958e+01,9.174191749774513482e+01
9.175604080703797649e+01,9.175605589386773886e+01
9.177021547489208331e+01,9.177020432073696554e+01
9.178434981254791580e+01,9.178434401881604288e+01
9.179847767016396176e+01,9.179848426525605021e+01
9.181263236331966482e+01,9.181262715897155147e+01
9.182677304252914041e+01,9.182676945253703593e+01
9.184090175870790063e+01,9.184090604568514493e+01
9.185507902210309794e+01,9.185504692241545399e+01
9.186921313408993228e+01,9.186919624026344877e+01
9.188333733621486488e+01,9.188333446563045470e+01
9.189747589973815423e+01,9.189747477859484093e+01
9.191163630512291149e+01,9.191161684735429560e+01
9.192577229509484482e+01,9.192576341960636910e+01
9.193990759257582113e+01,9.193991103082613847e+01
9.195405173652476094e+01,9.195404176796728279e+01
9.196820984091452544e+01,9.196818077629180266e+01
9.198234149908876134e+01,9.198232982991240192e+01
9.199646906764540688e+01,9.199646793411444889e+01
9.201061354591155350e+01,9.201061949929093942e+01
9.202477601595848000e+01,9.202475574913243861e+01
9.203890157587190402e+01,9.203889570165860334e+01
9.205304480758255181e+01,9.205303698194352080e+01
9.206718117457759831e+01,9.206718476036836307e+01
9.208134264275376779e+01,9.208132365191099211e+01
9.209547967711189642e+01,9.209546681042876060e+01
9.210961440607911754e+01,9.210961060042440351e+01
9.212376301013765101e+01,9.212375014292258868e+01
9.213790345150124494e+01,9.213789001704972748e+01
9.215204993460841365e+01,9.215204273587495720e+01
9.216618273520465721e+01,9.216617785291620635e+01
9.218031031250373530e+01,9.218031837524733874e+01
9.219446476148740999e+01,9.219446217442271063e+01
9.220860684630113724e+01,9.220860507897656078e+01
9.222275113027050963e+01,9.222274328797836063e+01
9.223688436923012546e+01,9.223688721550377068e+01
9.225102816238914727e+01,9.225102708261928797e+01
9.226516422174543663e+01,9.226517328965555009e+01
9.227930333238845151e+01,9.227931324214343078e+01
9.229347218609960635e+01,9.229345074125865267e+01
9.230760623449255320e+01,9.230759879570084081e+01
9.232175290745939833e+01,9.232173601156091536e+01
9.233588181545871976e+01,9.233587848603534098e+01
9.235003675626485631e+01,9.235002350917818603e+01
9.236417268051596352e+01,9.236416765900672488e+01
9.237830452293934513e+01,9.237830131134590772e+01
9.239245162966503244e+01,9.239244757034278166e+01
9.240659340548712919e+01,9.240658866686297301e+01
9.242072082171407033e+01,9.242073485855084414e+01
9.243485792817165247e+01,9.243487729416786181e+01
9.244900978602376540e+01,9.244901599012236204e+01
9.246315723902431216e+01,9.246315910898134405e+01
9.247729233393683046e+01,9.247730315973753079e+01
9.249142550261593954e+01,9.249144188441013625e+01
9.250556761170571463e+01,9.250558784212461205e+01
9.251972776379575691e+01,9.251972976028919504e+01
9.253386891010201509e+01,9.253387114660066004e+01
9.254799938249323077e+01,9.254801217723888840e+01
9.256215713638056286e+01,9.256216166744451357e+01
9.257628580239543226e+01,9.257629796645461795e+01
9.259044800912715800e+01,9.259043821465904500e+01
9.260457579484054236e+01,9.260458189697293108e+01
9.261872456924282915e+01,9.261872765831435572e+01
9.263287808454391836e+01,9.263286863404972848e+01
9.264700803263205842e+01,9.264701471137571787e+01
9.266115602372603632e+01,9.266115652017371929e+01
9.267528453309297731e+01,9.267529190668270189e+01
9.268943953584178530e+01,9.268943585483344805e+01
9.270359425083483984e+01,9.270357488378533617e+01
9.271772453568758010e+01,9.271771769914498407e+01
9.273186790109322430e+01,9.273185717675156070e+01
9.274601185554028859e+01,9.274600302053164569e+01
9.276013886333687708e+01,9.276014211951815014e+01
9.277429563411247671e+01,9.277429025634003779e+01
9.278843252397371089e+01,9.278842587472061609e+01
9.280257168357913145e+01,9.280256795737396658e+01
9.281672062410156343e+01,9.281671720874830100e+01
9.283084796877093936e+01,9.283085373475817903e+01
9.284499390722696432e+01,9.284500499826410191e+01
9.285914158936799367e+01,9.285914440693744609e+01
9.287329192893092511e+01,9.287328478354363881e+01
9.288743245492474898e+01,9.288742588241562714e+01
9.290156563677959412e+01,9.290156608886132972e+01
9.291571858950796070e+01,9.291571498036465471e+01
9.292987124583656566e+01,9.292985860431375045e+01
9.294400279159704326e+01,9.294399550110443897e+01
9.295815162250923436e+01,9.295813982203354442e+01
9.297228809870135535e+01,9.297228414431481269e+01
9.298641724041534928e+01,9.298642838047248915e+01
9.300056026160177680e+01,9.300056860786627055e+01
9.301472845751254681e+01,9.301471158599588307e+01
9.302886430029164444e+01,9.302885304045240389e+01
9.304299569435862338e+01,9.304298821041787448e+01
9.305715520504045912e+01,9.305713271558211375e+01
9.307128485902535431e+01,9.307127522697098243e+01
9.308542589630170028e+01,9.308541304404921846e+01
9.309956543313376187e+01,9.309955253777607709e+01
9.311369723457464431e+01,9.311369732748552508e+01
9.312784958610583885e+01,9.312783888848818492e+01
9.314198211329917854e+01,9.314197861887474517e+01
9.315611645207719960e+01,9.315611995684810154e+01
9.317027930613143383e+01,9.317026409773954754e+01
9.318440812134856799e+01,9.318440626266162496e+01
9.319854461658695755e+01,9.319854953332409764e+01
9.321271418015030008e+01,9.321269054745245342e+01
9.322684931396750585e+01,9.322683508388519158e+01
9.324099251848451786e+01,9.324097545702605316e+01
9.325514086748644615e+01,9.325511621596371015e+01
9.326925732148970383e+01,9.326926144617854675e+01
9.328340138895327982e+01,9.328339780733470832e+01
9.329757440252757306e+01,9.329754252896550781e+01
9.331168715550737147e+01,9.331168938477416930e+01
9.332582669777856665e+01,9.332582747465346529e+01
9.333996974647608624e+01,9.333996634762988265e+01
9.335411838754311020e+01,9.335411288592594303e+01
9.336827135770637653e+01,9.336825910518318494e+01
9.338241865680730314e+01,9.338240667823774288e+01
9.339654066552019174e+01,9.339654637251547342e+01
9.341068782839039386e+01,9.341068872067414475e+01
9.342483184232204962e+01,9.342483233612155402e+01
9.343896348839837174e+01,9.343897491019669133e+01
9.345312025176181692e+01,9.345310839283730786e+01
9.346725140513562735e+01,9.346725250850971634e+01
9.348141020109768817e+01,9.348139939301334778e+01
9.349553660767026031e+01,9.349553344262953658e+01
9.350966488359861728e+01,9.350967877168254461e+01
9.352381833882098761e+01,9.352382698692257179e+01
9.353796523410738928e+01,9.353796444887659334e+01
9.355210437768738529e+01,9.355210685816196303e+01
9.356626493352976581e+01,9.356624690357303109e+01
9.358039228658478237e+01,9.358038350171990771e+01
9.359454692477626736e+01,9.359453010447266763e+01
9.360866920848238237e+01,9.360867469078675640e+01
9.362282666416312793e+01,9.362282230676333938e+01
9.363697672310509290e+01,9.363695784910484576e+01
9.365110571287829089e+01,9.365109838160189781e+01
9.366526947932698022e+01,9.366524883462905393e+01
9.367939916432470682e+01,9.367938565255953165e+01
9.369355160356695933e+01,9.369353665214528348e+01
9.370768828625969604e+01,9.370767469262513316e+01
9.372180594807389298e+01,9.372181262816246772e+01
9.373597083932961027e+01,9.373594856391564178e+01
9.375010344257282213e+01,9.375009434091289506e+01
9.376424244681992093e+01,9.376423585757909507e+01
9.377838786015286132e+01,9.377838394245145537e+01
9.379252172671314725e+01,9.379252065942625904e+01
9.380666908090329059e+01,9.380665888023511911e+01
9.382080914097186053e+01,9.382080886972177325e+01
9.383494763265679239e+01,9.383494682428475642e+01
9.384908548591866406e+01,9.384908688411653088e+01
9.386323808546865166e+01,9.386323367418872010e+01
9.387739040460856188e+01,9.387737576327641875e+01
9.389151704121937314e+01,9.389151637807678696e+01
9.390566967220962624e+01,9.390565901921630143e+01
9.391980539927587301e+01,9.391980740222420820e+01
9.393394456595133590e+01,9.393394493219518893e+01
9.394807306083906440e+01,9.394808242925262221e+01
9.396222715174091888e+01,9.396222861477110655e+01
9.397638432320663071e+01,9.397636957047603801e+01
9.399053328804063767e+01,9.399051060735691010e+01
9.400467409487924897e+01,9.400465172609511910e+01
9.401880754137349072e+01,9.401879366668980254e+01
9.403296492803164597e+01,9.403294316337419900e+01
9.404708868296653179e+01,9.404708513188813868e+01
9.406123468019725919e+01,9.406122283429814956e+01
9.407535998859202664e+01,9.407536081799442229e+01
9.408952341048559731e+01,9.408950764194459282e+01
9.410363779374192461e+01,9.410365122464608589e+01
9.411778648376001399e+01,9.411778735858236189e+01
9.413193702123368212e+01,9.413193466761046579e+01
9.414609229317325401e+01,9.414607834397807551e+01
9.416021686929363455e+01,9.416021946386949537e+01
9.417437119518190514e+01,9.417435843146542140e+01
9.418851360296018527e+01,9.418850235938404580e+01
9.420267199183432183e+01,9.420264860812650909e+01
9.421678427126548172e+01,9.421678601414306797e+01
9.423093131906182407e+01,9.423093245231166293e+01
9.424507142556781503e+01,9.424507350764153557e+01
9.425921123343404417e+01,9.425920893497588793e+01
9.427335289660359763e+01,9.427335657717046047e+01
9.428750141044950794e+01,9.428750598166821817e+01
9.430163336622375425e+01,9.430164342138273526e+01
9.431578464724029232e+01,9.431578276989614551e+01
9.432993356730077039e+01,9.432992204826966542e+01
9.434407976946415886e+01,9.434406846471593155e+01
9.435820150572131126e+01,9.435820653943329717e+01
9.437235925309180118e+01,9.437234935041867345e+01
9.438650130435698316e+01,9.438649139508561348e+01
9.440064268795421754e+01,9.440063389610317302e+01
9.441478716923023740e+01,9.441478292487558122e+01
9.442893593072498959e+01,9.442892149026256732e+01
9.444306484052640371e+01,9.444305884083016167e+01
9.445721891999471609e+01,9.445719934542471208e+01
9.447134025196376683e+01,9.447134364379378724e+01
9.448550090559854198e+01,9.448549169597920638e+01
9.449962584008201816e+01,9.449962563954953509e+01
9.451379514406136195e+01,9.451377579604914558e+01
9.452791872196627310e+01,9.452791134402409057e+01
9.454207624108346408e+01,9.454205566035783193e+01
9.455620849811116102e+01,9.455620473220969302e+01
9.457034421451524508e+01,9.457034282396082858e+01
9.458449469912265783e+01,9.458448920270747351e+01
9.459864281890577331e+01,9.459863558803471051e+01
9.461276399589125674e+01,9.461276359080366660e+01
9.462691907924765644e+01,9.462691143703318630e+01
9.464105642195484336e+01,9.464105357697140164e+01
9.465520723843098949e+01,9.465519712113049877e+01
9.466933113104377640e+01,9.466933366520196103e+01
9.468348225623628878e+01,9.468347810252892316e+01
9.469763977029492708e+01,9.469761897479237689e+01
9.471177371915793231e+01,9.471176374118761032e+01
9.472591904576303534e+01,9.472590451011571133e+01
9.474006079840431482e+01,9.474004564035760723e+01
9.475420517132579334e+01,9.475418203890814084e+01
9.476832556476546188e+01,9.476832818924459900e+01
9.478247066248749775e+01,9.478246543449057526e+01
9.479662011184761639e+01,9.479661037336856566e+01
9.481075762416897135e+01,9.481075410415289184e+01
9.482492361585630647e+01,9.482489532577366731e+01
9.483818179638281265e+01,9.483816907135739882e+01
9.485190835912767682e+01,9.485189753527482992e+01
9.486624913098101786e+01,9.486625187292351313e+01
9.488029782459423700e+01,9.488028548084058400e+01
9.489448216823051041e+01,9.489448494869708384e+01
9.490862163173321164e+01,9.490860143534553117e+01
9.492283666507209716e+01,9.492280937191266332e+01
9.493705980108869369e+01,9.493705165789930334e+01
9.495129304465731934e+01,9.495127748865783701e+01
9.496553105344796109e+01,9.496551689906461036e+01
9.497976420444814494e+01,9.497976147628018850e+01
9.499398954353904401e+01,9.499398371765477123e+01
9.500823674395113017e+01,9.500821967585443417e+01
9.502244489368040092e+01,9.502244294408683345e+01
9.503666236215963181e+01,9.503666179547494153e+01
9.505087411830588451e+01,9.505086463719720768e+01
9.506509854895739409e+01,9.506506312259601543e+01
9.507926438161844374e+01,9.507925285039441121e+01
9.509345535960606810e+01,9.509344083963641481e+01
9.510763023910749325e+01,9.510762120555025945e+01
9.512180651079846427e+01,9.512179250747200854e+01
9.513597835459272289e+01,9.513595864617242626e+01
9.515015536312299105e+01,9.515012599092273149e+01
9.516430459566292654e+01,9.516428649123680827e+01
9.517845649684927878e+01,9.517844180539535159e+01
9.519261395065157672e+01,9.519259280925389533e+01
9.520674988554455354e+01,9.520673712083072360e+01
9.522089265644639511e+01,9.522088378492267680e+01
9.523505389105186225e+01,9.523503154701857909e+01
9.524919032044751077e+01,9.524917826851992686e+01
9.526333146908919502e+01,9.526332101061377955e+01
9.527747273790093629e+01,9.527745805634312148e+01
9.529162628001739677e+01,9.529160864707952783e+01
9.530574664403697227e+01,9.530574565307730950e+01
9.531987755614764524e+01,9.531988981390865945e+01
9.533401948063539066e+01,9.533402989339167277e+01
9.534816485140814279e+01,9.534816517408816594e+01
9.536231330560066510e+01,9.536230699320114468e+01
9.537644067472416509e+01,9.537644814699072526e+01
9.539058234789459334e+01,9.539059611793787496e+01
9.540473001968074129e+01,9.540473429824818652e+01
9.541888700081005936e+01,9.541887425255033861e+01
9.543302329498513359e+01,9.543301863772893512e+01
9.544717015725346698e+01,9.544715829466886703e+01
9.546130425792671303e+01,9.546129772586023421e+01
9.547544560878792197e+01,9.547543853065376140e+01
9.548959251051289243e+01,9.548958052610123559e+01
9.550371166124880062e+01,9.550372092774033206e+01
9.551785761236355654e+01,9.551785831177998887e+01
9.553201915301475822e+01,9.553200930073271024e+01
9.554614499470996236e+01,9.554614610221173621e+01
9.556029890641758584e+01,9.556029213316104176e+01
9.557444797633313271e+01,9.557443839685969067e+01
9.558857178673081023e+01,9.558857678896134757e+01
9.560271906366310191e+01,9.560271269349833290e+01
9.561686941435881693e+01,9.561686048507296221e+01
9.563099159412847428e+01,9.563099529376236774e+01
9.564514641815492269e+01,9.564514559742866595e+01
9.565930263755535634e+01,9.565928450307326614e+01
9.567342609844219226e+01,9.567342083731772107e+01
9.568755262230983760e+01,9.568755929171281593e+01
9.570171929496463292e+01,9.570170709010405119e+01
9.571586155098161441e+01,9.571585322077858393e+01
9.572999808711827541e+01,9.572998789473068371e+01
9.574413773758269031e+01,9.574413551248758836e+01
9.575828667138047479e+01,9.575827815982465552e+01
9.577243410852894101e+01,9.577242237673128500e+01
9.578655920958674130e+01,9.578656462980130470e+01
9.580071736128056159e+01,9.580070426577277942e+01
9.581485774344865547e+01,9.581484362077141270e+01
9.582901075945548541e+01,9.582898461751270247e+01
9.584314145481044989e+01,9.584312959102472007e+01
9.585727604130916291e+01,9.585727041092890488e+01
9.587141660366705764e+01,9.587141261377331602e+01
9.588558065221741344e+01,9.588556295629786064e+01
9.589969862145143509e+01,9.589969789002020661e+01
9.591384172319936852e+01,9.591383649863749383e+01
9.592797958161949623e+01,9.592798120448684074e+01
9.594213090400684507e+01,9.594212104650316064e+01
9.595626654479177375e+01,9.595627187677546033e+01
9.597040108796615243e+01,9.597041234798874143e+01
9.598456826993601965e+01,9.598454428137992522e+01
9.599870809659248039e+01,9.599868576024330480e+01
9.601283852642957584e+01,9.601282788054503214e+01
9.602698242495233671e+01,9.602697189069726846e+01
9.604112270618271907e+01,9.604112151789148299e+01
9.605528106116325660e+01,9.605526750322619023e+01
9.606942080794242145e+01,9.606940675794922413e+01
9.608357447542236685e+01,9.608355406015637357e+01
9.609769869737884562e+01,9.609769416694281574e+01
9.611182810400329402e+01,9.611183421218103717e+01
9.612597597190843146e+01,9.612597723993255272e+01
9.614013730256240819e+01,9.614011563590185006e+01
9.615426627847210739e+01,9.615425794315864039e+01
9.616840834489526912e+01,9.616840243281367862e+01
9.618256430582729877e+01,9.618254271283008450e+01
9.619668709944004092e+01,9.619668614945825880e+01
9.621083292667076137e+01,9.621082715571550636e+01
9.622496184291054533e+01,9.622496700262551883e+01
9.623912881971838829e+01,9.623911675120929488e+01
9.625326011142820448e+01,9.625325225915625538e+01
9.626740987384381754e+01,9.626740220883600330e+01
9.628153398237247984e+01,9.628154461648443885e+01
9.629569530605557759e+01,9.629568488202201593e+01
9.630981303181027897e+01,9.630982172979913969e+01
9.632396508293751936e+01,9.632395726874561603e+01
9.633812100196759332e+01,9.633811027454230214e+01
9.635226668016407814e+01,9.635225148031830145e+01
9.636640207863426610e+01,9.636638720360794252e+01
9.638054390694081519e+01,9.638053547559958645e+01
9.639469210118382136e+01,9.639467354597154269e+01
9.640883128041085115e+01,9.640881712466057252e+01
9.642297812046230376e+01,9.642295621329476774e+01
9.643712012156932190e+01,9.643709575779085696e+01
9.645126056523932334e+01,9.645124166773710783e+01
9.646540829042969278e+01,9.646538291779032193e+01
9.647953321871428045e+01,9.647952863115573052e+01
9.649367079759318244e+01,9.649367048725056861e+01
9.650781977603298856e+01,9.650781395419404873e+01
9.652196851220828933e+01,9.652195176636456608e+01
9.653610196463114335e+01,9.653609538283909330e+01
9.655023678402872633e+01,9.655023390232359759e+01
9.656438304196699107e+01,9.656437929054854408e+01
9.657854150344364541e+01,9.657852074673762388e+01
9.659269512607639285e+01,9.659266265804870955e+01
9.660682472697291701e+01,9.660680868501603413e+01
9.662096742647268854e+01,9.662095139436081581e+01
9.663510567675837137e+01,9.663509931244436757e+01
9.664924740173201201e+01,9.664923132887960833e+01
9.666339426797375722e+01,9.666337030078143755e+01
9.667752254142361323e+01,9.667751990791067840e+01
9.669166845023389101e+01,9.669165460036437310e+01
9.670581619855661870e+01,9.670580669053777001e+01
9.671994948411179394e+01,9.671994664765335870e+01
9.673410128203053659e+01,9.673408339622976371e+01
9.674821904100609515e+01,9.674822441949690699e+01
9.676236444788001734e+01,9.676236694783258940e+01
9.677651623457947494e+01,9.677651154305057446e+01
9.679067029644383524e+01,9.679065176949704608e+01
9.680480282750106369e+01,9.680479563533040732e+01
9.681895256316285270e+01,9.681894193064039200e+01
9.683309330598848419e+01,9.683308810382182230e+01
9.684722088413454344e+01,9.684722808527273230e+01
9.686137772032716953e+01,9.686136570814953473e+01
9.687551473898508902e+01,9.687550192151097406e+01
9.688966439054428292e+01,9.688965121576900685e+01
9.690380003099906503e+01,9.690378867752239955e+01
9.691792876516215927e+01,9.691793753977135850e+01
9.693207720926909587e+01,9.693207654776533388e+01
9.694622371196392407e+01,9.694621751218518568e+01
9.696036493664009015e+01,9.696035827229606241e+01
9.697450548845328910e+01,9.697449948165957778e+01
9.698865825820493569e+01,9.698864271823553906e+01
9.700279411833165000e+01,9.700278477610976324e+01
9.701692384801391711e+01,9.701692679966288324e+01
9.703107292286995289e+01,9.703106568223289230e+01
9.704521004382982596e+01,9.704520983700867021e+01
9.705935896285679121e+01,9.705935536152055931e+01
9.707350597469262254e+01,9.707349605838646767e+01
9.708764144838769994e+01,9.708762995813654584e+01
9.710179706267899746e+01,9.710177875948774329e+01
9.711593869120331135e+01,9.711591548720031142e+01
9.713007379488715287e+01,9.713006309230708268e+01
9.714420360791967823e+01,9.714421060731660873e+01
9.715835733242290928e+01,9.715835060655224709e+01
9.717250162450532969e+01,9.717248912973728636e+01
9.718665061288712081e+01,9.718664072761514205e+01
9.720078813598668432e+01,9.720078084787823514e+01
9.721493659276049470e+01,9.721492216546737097e+01
9.722906687608444543e+01,9.722906811634670987e+01
9.724322482156755143e+01,9.724321243115613811e+01
9.725735209558203564e+01,9.725735345772258711e+01
9.727150488217641566e+01,9.727149842678868197e+01
9.728566367784726765e+01,9.728563239279908714e+01
9.729979678883844940e+01,9.729978191822370093e+01
9.731394007849924321e+01,9.731391670417116302e+01
9.732808345410953166e+01,9.732805116550190405e+01
9.734221368853752665e+01,9.734219697171177188e+01
9.735634158795244275e+01,9.735633786495858999e+01
9.737047873426298850e+01,9.737048572896696896e+01
9.738463023990622958e+01,9.738462373985605325e+01
9.739878062370095790e+01,9.739876773685679723e+01
9.741293282445754187e+01,9.741290716857902510e+01
9.742706560345827427e+01,9.742705111943753593e+01
9.744121643452137960e+01,9.744119214256841133e+01
9.745533743504471147e+01,9.745533073735151675e+01
9.746947232185689813e+01,9.746947753610042753e+01
9.748362731389543967e+01,9.748362043102039820e+01
9.749776955954223467e+01,9.749776282776483072e+01
9.751191152462820355e+01,9.751190071735602771e+01
9.752606449465477567e+01,9.752604495699591780e+01
9.754020510075233119e+01,9.754018385902327282e+01
9.755432339354356941e+01,9.755432646036403810e+01
9.756847471319201759e+01,9.756846686038612404e+01
9.758262116031983169e+01,9.758261414815029866e+01
9.759675856751684364e+01,9.759675499649651442e+01
9.761090741479692667e+01,9.761090320280122512e+01
9.762505554593995782e+01,9.762504589510611197e+01
9.763920218196453504e+01,9.763918408050331266e+01
9.765334607709746706e+01,9.765332839016451771e+01
9.766747799309135303e+01,9.766747176849949597e+01
9.768162256180039549e+01,9.768161176344258934e+01
9.769576188885683621e+01,9.769575750792128588e+01
9.770990298065014201e+01,9.770989237660953108e+01
9.772403259448239510e+01,9.772403258683551996e+01
9.773816402673826076e+01,9.773816776677010409e+01
9.775231096399309649e+01,9.775231687499429256e+01
9.776645022539163676e+01,9.776644876937258744e+01
9.778060120128922961e+01,9.778059888738376060e+01
9.779473485568782110e+01,9.779473731551085791e+01
9.780886867803847906e+01,9.780888137405999316e+01
9.782302341864607342e+01,9.782302217854672222e+01
9.783716833753227604e+01,9.783717553663541366e+01
9.785130301388591079e+01,9.785131061792368712e+01
9.786545779365833653e+01,9.786545444077783884e+01
9.787959689244088679e+01,9.787959694448888115e+01
9.789373739103480432e+01,9.789373960875882119e+01
9.790789343658204302e+01,9.790788494710339762e+01
9.792204381635697530e+01,9.792202473620781689e+01
9.793618434235554560e+01,9.793616961179857583e+01
9.795030879921664280e+01,9.795030290009481178e+01
9.796444378172476775e+01,9.796444924660258380e+01
9.797859726942490965e+01,9.797858574610857829e+01
9.799275417107732267e+01,9.799273534638619765e+01
9.800689416467433546e+01,9.800688420442547510e+01
9.802103973255628944e+01,9.802102162180307232e+01
9.803519500574140011e+01,9.803516760457561929e+01
9.804931798485635852e+01,9.804930465726152988e+01
9.806347231688503996e+01,9.806344599586556399e+01
9.807761096353901564e+01,9.807759773035132866e+01
9.809175102590195650e+01,9.809173871140978918e+01
9.810589247603429897e+01,9.810588043140815273e+01
9.812002824160174441e+01,9.812001085820223523e+01
9.813418951149132852e+01,9.813415589368888448e+01
9.814831600589634775e+01,9.814829781693011057e+01
9.816246175555045284e+01,9.816244238399637823e+01
9.817660474453339248e+01,9.817658779980874328e+01
9.819073998116375890e+01,9.819072651932960127e+01
9.820489783990825572e+01,9.820487459996205359e+01
9.821902748107433467e+01,9.821902054193375875e+01
9.823316858870155954e+01,9.823315712611851325e+01
9.824731188020052741e+01,9.824729320480429351e+01
9.826145408410663151e+01,9.826144170566975333e+01
9.827558230974359788e+01,9.827557912693845310e+01
9.828973350784423246e+01,9.828973009692900575e+01
9.830387116133063330e+01,9.830386282886215099e+01
9.831800682719959639e+01,9.831801436628418855e+01
9.833215563671096504e+01,9.833214409923407118e+01
9.834628992837865269e+01,9.834629583907161532e+01
9.836043521298684311e+01,9.836043297067946867e+01
9.837457232270693908e+01,9.837457503499308586e+01
9.838871959028550407e+01,9.838871828067129854e+01
9.840287113952710740e+01,9.840286343334963703e+01
9.841700284236671337e+01,9.841700115536337989e+01
9.843115719928071883e+01,9.843113536426911026e+01
9.844529584205577066e+01,9.844528158492654768e+01
9.845943382021509649e+01,9.845942767249509586e+01
9.847357360765576573e+01,9.847356930306170852e+01
9.848771314292000056e+01,9.848770525944678411e+01
9.850185193695277519e+01,9.850185921146433543e+01
9.851601168812611320e+01,9.851600991898132520e+01
9.853013293087740010e+01,9.853014636047947761e+01
9.854429174224632959e+01,9.854429241800062300e+01
9.855843613258014102e+01,9.855843189351561762e+01
9.857257984685739416e+01,9.857257273702035150e+01
9.858671414652992837e+01,9.858671874779572875e+01
9.860084401605196547e+01,9.860085356080503516e+01
9.861500898873285337e+01,9.861498581193654900e+01
9.862913868394804240e+01,9.862913301582808856e+01
9.864328599953294940e+01,9.864327726988268807e+01
9.865742934953597398e+01,9.865741553317266721e+01
9.867156325716352683e+01,9.867154843991377788e+01
9.868572556597169410e+01,9.868570089131114287e+01
9.869984639171607910e+01,9.869984573278313178e+01
9.871400819801590387e+01,9.871398821709942695e+01
9.872815305312195733e+01,9.872812396556847148e+01
9.874229723098873990e+01,9.874226706361086769e+01
9.875643199498199465e+01,9.875640888420056740e+01
9.877058561915463031e+01,9.877054752147174099e+01
9.878470275483431351e+01,9.878468995331620306e+01
9.879884754011229120e+01,9.879883430951366563e+01
9.881297618270599514e+01,9.881297257425194402e+01
9.882713490573856063e+01,9.882712040848751656e+01
9.884127425693800717e+01,9.884126157105335153e+01
9.885542332595653647e+01,9.885540970013782669e+01
9.886956086256199683e+01,9.886955730200125458e+01
9.888370943154933457e+01,9.888369499826055176e+01
9.889783607459287396e+01,9.889782564269835063e+01
9.891197652137304885e+01,9.891197569859230043e+01
9.892613338587884186e+01,9.892611596941611651e+01
9.894027495458485078e+01,9.894026212667806419e+01
9.895444252730378309e+01,9.895440483663072939e+01
9.896856150470709679e+01,9.896854426630909529e+01
9.898271354361790486e+01,9.898268706605402656e+01
9.899685613354962754e+01,9.899682939714500662e+01
9.901099597478666681e+01,9.901097199363125867e+01
9.902512095915349732e+01,9.902511377253742353e+01
9.903926895690652543e+01,9.903925353575596091e+01
9.905340625857290604e+01,9.905339749797052207e+01
9.906754297239500318e+01,9.906753159313581136e+01
9.908167348898399496e+01,9.908167725134617854e+01
9.909582250841771156e+01,9.909581272448315303e+01
9.910996788731812046e+01,9.910996106266502181e+01
9.912412342085386285e+01,9.912411059409434699e+01
9.913826243159640228e+01,9.913824771147565684e+01
9.915240781497082878e+01,9.915239745009068884e+01
9.916654544795001414e+01,9.916653614994228860e+01
9.918067410691595853e+01,9.918067423283498840e+01
9.919482660181445510e+01,9.919481469078903046e+01
9.920896715788776987e+01,9.920896695494172945e+01
9.922310204687190094e+01,9.922310731743303336e+01
9.923726370149032050e+01,9.923723983091751677e+01
9.925138217309113031e+01,9.925139229923260586e+01
9.926553122261142903e+01,9.926553602179511415e+01
9.927966422716762906e+01,9.927966764095741325e+01
9.929383308544919373e+01,9.929381459445517066e+01
9.930796173415657790e+01,9.930795250114350381e+01
9.932212921348468626e+01,9.932210103813825697e+01
9.933624484027508572e+01,9.933623342197454065e+01
9.935039804974977073e+01,9.935038156891114625e+01
9.936452312994245517e+01,9.936451674790104960e+01
9.937868910535263467e+01,9.937866717400446248e+01
9.939281614357636840e+01,9.939280318084955468e+01
9.940695450951047007e+01,9.940695270742683931e+01
9.942108848723668757e+01,9.942109619085726990e+01
9.943523463082570402e+01,9.943523610800438917e+01
9.944938008484089664e+01,9.944937658514884049e+01
9.946352775416626457e+01,9.946352345795234839e+01
9.947767182885442594e+01,9.947766505513187951e+01
9.949181316664629549e+01,9.949180725926453306e+01
9.950594170581949527e+01,9.950594939403853800e+01
9.952009833469297462e+01,9.952008815779231554e+01
9.953424795562609972e+01,9.953423247934286167e+01
9.954838648753721486e+01,9.954837093758951028e+01
9.956253726685459071e+01,9.956251791787643413e+01
9.957667487496141234e+01,9.957665159393408771e+01
9.959082129189363286e+01,9.959080486189304793e+01
9.960494922794883621e+01,9.960493905335427200e+01
9.961909470914343956e+01,9.961908765663207532e+01
9.963323994476945700e+01,9.963323103540911063e+01
9.964738700525519732e+01,9.964736890808160297e+01
9.966151797155474412e+01,9.966151188784436954e+01
9.967567193244887847e+01,9.967565160051175610e+01
9.968980564712970249e+01,9.968979617669852189e+01
9.970394739674249251e+01,9.970393671011709102e+01
9.971808310898521199e+01,9.971808332152463095e+01
9.973222347830545687e+01,9.973222497329813052e+01
9.974638767421241425e+01,9.974636855630254217e+01
9.976051296436502014e+01,9.976050437521895731e+01
9.977464750378823055e+01,9.977465308460806170e+01
9.978878394566721965e+01,9.978878510323234252e+01
9.980294043104463242e+01,9.980292513114827102e+01
9.981708750116754914e+01,9.981707124304377032e+01
9.983122844988875499e+01,9.983121226286583294e+01
9.984536236763351269e+01,9.984536385326057939e+01
9.985949155099631014e+01,9.985949898050792228e+01
9.987366170231575779e+01,9.987363192486493801e+01
9.988779900737998219e+01,9.988778617426484630e+01
9.990192656649401215e+01,9.990191672890948382e+01
9.991526616071432443e+01,9.991525316751534547e+01
9.992648360863515222e+01,9.992647042703845273e+01
9.993533043441532016e+01,9.993530871254534986e+01
9.994192489451194206e+01,9.994192532702182064e+01
9.994623466857274252e+01,9.994622371914377368e+01
9.994826290902112476e+01,9.994826567074622403e+01
9.994806378065516128e+01,9.994806477230680741e+01
9.994581034731267266e+01,9.994579375713134084e+01
9.994161935169837818e+01,9.994163442757886173e+01
9.993577844651009912e+01,9.993576769928672832e+01
9.992841971924067934e+01,9.992839501408165859e+01
9.991968758976496190e+01,9.991967995254023549e+01
9.990982541472625655e+01,9.990982107025963899e+01
9.989900069281527806e+01,9.989897860335138091e+01
9.988732819774699578e+01,9.988730796609468143e+01
9.987495056573224872e+01,9.987495204009992733e+01
9.986204642167717793e+01,9.986201615343709648e+01
9.984866839027928620e+01,9.984864742688768047e+01
9.983491907358668982e+01,9.983491210936260529e+01
9.982091661981932873e+01,9.982089119308558622e+01
9.980669944239832603e+01,9.980666944891119385e+01
9.979230456088613721e+01,9.979228676174228951e+01
9.977783555194839948e+01,9.977781285561864877e+01
9.976326913380349026e+01,9.976326007857444722e+01
9.974868743340994115e+01,9.974867453704443676e+01
9.973410020963481770e+01,9.973408516918502187e+01
9.971949980702454752e+01,9.971948816885050348e+01
9.970492249494139969e+01,9.970491069426498143e+01
9.969036905051997621e+01,9.969035114655899577e+01
9.967585302695415805e+01,9.967584021904919211e+01
9.966136243037688303e+01,9.966136435744603261e+01
9.964691684863693411e+01,9.964690116374137574e+01
9.963251484022745785e+01,9.963249922048886731e+01
9.961813660152463967e+01,9.961812038018516091e+01
9.960379589620021079e+01,9.960377791696056704e+01
9.958949478770503561e+01,9.958947212384813952e+01
9.957519215663295142e+01,9.957518239231596624e+01
9.956095586471322179e+01,9.956093189645471853e+01
9.954670526405450914e+01,9.954669052079597691e+01
9.953248988827854760e+01,9.953246949688376333e+01
9.951828147516322076e+01,9.951827225694216850e+01
9.950407427842780805e+01,9.950407974812665657e+01
9.948992778090619993e+01,9.948990970192846817e+01
9.947575964998939924e+01,9.947574373584311047e+01
9.946159440812236596e+01,9.946159012815397205e+01
9.944746505898856981e+01,9.944743954115119777e+01
9.943330245563257108e+01,9.943329750220389940e+01
9.941915666043738042e+01,9.941915187908288942e+01
9.940501800402172705e+01,9.940501297282099813e+01
9.939088774647511570e+01,9.939087599504740922e+01
9.937673852018924947e+01,9.937674283715436729e+01
9.936260601194805986e+01,9.936261888689149657e+01
9.934847241732410339e+01,9.934848250171508255e+01
9.933435401533702702e+01,9.933434290268833422e+01
9.932021904350442298e+01,9.932020809804932071e+01
9.930607050908696465e+01,9.930607331989672559e+01
9.929193623123187251e+01,9.929193935265284665e+01
9.927779096944084358e+01,9.927778863711850477e+01
9.926366739990615429e+01,9.926365757246564669e+01
9.924953117353926757e+01,9.924951473761498733e+01
9.923539205882840974e+01,9.923538294793861780e+01
9.922125357246856936e+01,9.922125371813734773e+01
9.920710190086707314e+01,9.920711131621573031e+01
9.919295294622013159e+01,9.919295864436385557e+01
9.917882281421610458e+01,9.917881943451736504e+01
9.916468532729997776e+01,9.916468614570909779e+01
9.915054343815822335e+01,9.915054140843115249e+01
9.913640170120066841e+01,9.913640397876963561e+01
9.912226092306292458e+01,9.912225499590454092e+01
9.910811526226515866e+01,9.910811819167203396e+01
9.909395688959109805e+01,9.909396853775724878e+01
9.907981192308288598e+01,9.907983349544227281e+01
9.906568663982638157e+01,9.906570012303998851e+01
9.905153911617794904e+01,9.905155388519688131e+01
9.903740506056907122e+01,9.903740924298109860e+01
9.902326444600022626e+01,9.902326530275237815e+01
9.900912852778728279e+01,9.900912204418378337e+01
9.899499692922036331e+01,9.899498621343670379e+01
9.898084548878485123e+01,9.898084292584464094e+01
9.896670212043589743e+01,9.896670076792581483e+01
9.895256344867752318e+01,9.895255975299696161e+01
9.893842078693531050e+01,9.893841877830234921e+01
9.892426288777404864e+01,9.892427252408967320e+01
9.891013299482374066e+01,9.891013474400600103e+01
9.889598660056617518e+01,9.889598386349000236e+01
9.888185366348639604e+01,9.888183515474827345e+01
9.886770125299976542e+01,9.886770336834375428e+01
9.885356568701232050e+01,9.885355613532115626e+01
9.883942441242170673e+01,9.883942066328184239e+01
9.882528044516539012e+01,9.882527290933640529e+01
9.881113824366376264e+01,9.881113312653106107e+01
9.879698703130522119e+01,9.879698710052562660e+01
9.878285588734647149e+01,9.878284904611238915e+01
9.876870537109232373e+01,9.876870385991824719e+01
9.875458330149497499e+01,9.875456274715335780e+01
9.874043926151119877e+01,9.874042517211974257e+01
9.872629418947235536e+01,9.872628351166061123e+01
9.871214507751643907e+01,9.871214127218463830e+01
9.869801068092766627e+01,9.869799503193596024e+01
9.868386433823269499e+01,9.868385427128147569e+01
9.866973599448894561e+01,9.866972176146809659e+01
9.865558706553851209e+01,9.865557051114825526e+01
9.864143655378140352e+01,9.864142516730682075e+01
9.862729829331044584e+01,9.862728831765939219e+01
9.861314807610766309e+01,9.861315660381472981e+01
9.859901760369793067e+01,9.859900957337264060e+01
9.858486481056610273e+01,9.858486725448369725e+01
9.857073249378539970e+01,9.857072149445939147e+01
9.855657454339986145e+01,9.855657958248967532e+01
9.854243048726596044e+01,9.854243452247678192e+01
9.852828530804671914e+01,9.852829533853849853e+01
9.851415028602853852e+01,9.851415779953370588e+01
9.850000038607059594e+01,9.850001417028498452e+01
9.848586230715427803e+01,9.848586583089978319e+01
9.847171146749082027e+01,9.847171755199427423e+01
9.845758783238989054e+01,9.845757707812568071e+01
9.844344683314550082e+01,9.844344231925398958e+01
9.842929393155242224e+01,9.842929526647981220e+01
9.841516533376908171e+01,9.841515145835738565e+01
9.840102478093653815e+01,9.840101325003067245e+01
9.838686687565324007e+01,9.838687971822493239e+01
9.837273454456362742e+01,9.837272601941495509e+01
9.835860156998241166e+01,9.835857839266702740e+01
9.834444322181131781e+01,9.834444629442744201e+01
9.833030882894222202e+01,9.833029428364143598e+01
9.831617202544559575e+01,9.831616535099912824e+01
9.830202210041441901e+01,9.830201298392825038e+01
9.828788103275485355e+01,9.828788004015271440e+01
9.827374597638471698e+01,9.827373033957100290e+01
9.825960142934506791e+01,9.825959271910096504e+01
9.824546499896096918e+01,9.824544414413529125e+01
9.823131908993178740e+01,9.823130707077417867e+01
9.821718871493234815e+01,9.821717233305818695e+01
9.820303399205667461e+01,9.820302425225014531e+01
9.818890312051843239e+01,9.818887897789319652e+01
9.817474406392287278e+01,9.817473718984928155e+01
9.816061886408449766e+01,9.816059455929743649e+01
9.814647301347889652e+01,9.814644972115921462e+01
9.813231440314396536e+01,9.813230448884787904e+01
9.811818506993787992e+01,9.811816337086804651e+01
9.810403838080273431e+01,9.810403182510192721e+01
9.808989684103899265e+01,9.808989017883938288e+01
9.807576047683016895e+01,9.807574940803721120e+01
9.806160426910359718e+01,9.806159633011861843e+01
9.804746399430925408e+01,9.804745665880426486e+01
9.803332179451223283e+01,9.803331732447867353e+01
9.801920135261460132e+01,9.801918131005743362e+01
9.800503157601960424e+01,9.800502964118044247e+01
9.799089940176511959e+01,9.799089329663330261e+01
9.797675280254780716e+01,9.797675084760747666e+01
9.796261878239585030e+01,9.796261589493842337e+01
9.794846540313956496e+01,9.794846825749560537e+01
9.793433088344545467e+01,9.793432231251185272e+01
9.792019441663786949e+01,9.792017693841982862e+01
9.790605313721354719e+01,9.790603292795658774e+01
9.789190197042266561e+01,9.789189343171275937e+01
9.787778052618094193e+01,9.787775215174420396e+01
9.786362841758192133e+01,9.786360847461888568e+01
9.784949683070912840e+01,9.784946742523078456e+01
9.783535123058220506e+01,9.783533122916702496e+01
9.782121619774262911e+01,9.782119113159859580e+01
9.780705635612265780e+01,9.780703774506220327e+01
9.779290082909035675e+01,9.779289723321953431e+01
9.777876624289963559e+01,9.777875369480736367e+01
9.776462595437614311e+01,9.776461513235459222e+01
9.775048836212972958e+01,9.775046619956366101e+01
9.773633417874567897e+01,9.773633473929606907e+01
9.772218559785049763e+01,9.772219792252039383e+01
9.770805423727385630e+01,9.770805195932533138e+01
9.769391889504687754e+01,9.769391127680245290e+01
9.767976118078665593e+01,9.767976413220597465e+01
9.766563570791574023e+01,9.766562068946768704e+01
9.765148659236767514e+01,9.765148154297644112e+01
9.763735389028586553e+01,9.763733845779961484e+01
9.762320925117077763e+01,9.762320086527982710e+01
9.760907264452055188e+01,9.760905888403677011e+01
9.759492750143995465e+01,9.759491030689378022e+01
9.758076707498732105e+01,9.758076717292188107e+01
9.756662552703102165e+01,9.756662163984150027e+01
9.755249702545832236e+01,9.755248298211063229e+01
9.753834867146143495e+01,9.753833693116037296e+01
9.752421879973076102e+01,9.752419986315031508e+01
9.751006576251576519e+01,9.751005546376140387e+01
9.749593659629722708e+01,9.749591923680182504e+01
9.748177758053500952e+01,9.748177530821101300e+01
9.746763664714620745e+01,9.746763314580283577e+01
9.745350375784229868e+01,9.745348693931177309e+01
9.743935520191043054e+01,9.743935790348871251e+01
9.742522094277659050e+01,9.742521282612329969e+01
9.741107225445664142e+01,9.741106166184681570e+01
9.739693621039863558e+01,9.739692382483539745e+01
9.738277490185404872e+01,9.738277872220099596e+01
9.736864747207309279e+01,9.736865426361785580e+01
9.735449352336712536e+01,9.735450522100219928e+01
9.734035268226176640e+01,9.734035217975907983e+01
9.732622151862800308e+01,9.732621786130063413e+01
9.731207843801021795e+01,9.731207128870654799e+01
9.729794631971536489e+01,9.729793245110214173e+01
9.728379356544249390e+01,9.728378723765284519e+01
9.726963553024228304e+01,9.726964135494317532e+01
9.725551470590454528e+01,9.725550014313900249e+01
9.724135527917391641e+01,9.724135562492867280e+01
9.722722723128266864e+01,9.722721523743152261e+01
9.721307771773244610e+01,9.721306702933723898e+01
9.719894286567492259e+01,9.719892612974400947e+01
9.718481654271471371e+01,9.718478803023690205e+01
9.717066408630778085e+01,9.717064755127930198e+01
9.715651142145638630e+01,9.715650725283022382e+01
9.714236843227308782e+01,9.714237000338559369e+01
9.712823392359463526e+01,9.712822144490156973e+01
9.711409206634048985e+01,9.711407881290132593e+01
9.710082077935398104e+01,9.710081441692410920e+01
9.708707843266604698e+01,9.708707533066306894e+01
9.707273025972723701e+01,9.707271871232529747e+01
9.705868700564862195e+01,9.705868864406619423e+01
9.704450136858207543e+01,9.704448063487575382e+01
9.703039230600658982e+01,9.703037681028396833e+01
9.701617079998568727e+01,9.701616225941378957e+01
9.700194124184201883e+01,9.700192630077901867e+01
9.698770144729121512e+01,9.698768999742914332e+01
9.697346418786811739e+01,9.697345330558988508e+01
9.695924547463904730e+01,9.695922075607303725e+01
9.694500687009693252e+01,9.694499162655404234e+01
9.693078046812776449e+01,9.693075822692858878e+01
9.691656082690116136e+01,9.691653773044980369e+01
9.690232379527168405e+01,9.690231598817173619e+01
9.688811975996361525e+01,9.688811320208871791e+01
9.687392829518320525e+01,9.687391243234027627e+01
9.685972652115074766e+01,9.685971703348833728e+01
9.684555154129702714e+01,9.684552989964868175e+01
9.683136623191467152e+01,9.683134652303476742e+01
9.681721681249503320e+01,9.681718486794511591e+01
9.680303340165318104e+01,9.680302047105429608e+01
9.678886800088046982e+01,9.678885796117387486e+01
9.677469688958719019e+01,9.677470066646064595e+01
9.676141152393594780e+01,9.676140425310849480e+01
9.674766655573773733e+01,9.674766960615329481e+01
9.673329969534459849e+01,9.673331093936850777e+01
9.671927431710197709e+01,9.671926383275211947e+01
9.670505388747862696e+01,9.670506309876380158e+01
9.669093802173648555e+01,9.669095154994920449e+01
9.667673666169953606e+01,9.667673124809807916e+01
9.666248348367587084e+01,9.666250317854836283e+01
9.664825043765900148e+01,9.664827177127332902e+01
9.663403330704134930e+01,9.663402958022149392e+01
9.661978471656023260e+01,9.661979833413694507e+01
9.660555122447409815e+01,9.660556828255352002e+01
9.659134909258979462e+01,9.659134187834679608e+01
9.657711831702829386e+01,9.657711836999550314e+01
9.656289268729680941e+01,9.656290124493716576e+01
9.654868877306350328e+01,9.654869176381083662e+01
9.653448706288207859e+01,9.653449440561277584e+01
9.652029378720165198e+01,9.652029790516635899e+01
9.650610938777062131e+01,9.650611400200946832e+01
9.649195715385717165e+01,9.649193284959410732e+01
9.647776715510211432e+01,9.647776588393045927e+01
9.646361598269055548e+01,9.646360295123204764e+01
9.644945038433264983e+01,9.644943877668069376e+01
9.643529529806747291e+01,9.643528120555087924e+01
9.642112496020062906e+01,9.642112863059649897e+01
9.640699641514414964e+01,9.640697503268307855e+01
9.639283468595927218e+01,9.639281840152207792e+01
9.637869431690769773e+01,9.637868122193644638e+01
9.636455037010662750e+01,9.636453914574641999e+01
9.635040528470800325e+01,9.635039698549758214e+01
9.633624954162308995e+01,9.633624924327813233e+01
9.632211310563138795e+01,9.632210897209165523e+01
9.630797470383312486e+01,9.630796390225449954e+01
9.629382691024886753e+01,9.629382377965266926e+01
9.627969045640581669e+01,9.627967978200697985e+01
9.626556045019287922e+01,9.626554286683996509e+01
9.625139560419448514e+01,9.625140352478918260e+01
9.623726336287371907e+01,9.623727354148948621e+01
9.622313254875398059e+01,9.622312140673035685e+01
9.620897645521961294e+01,9.620897898141109295e+01
9.619484841391252417e+01,9.619483906276575169e+01
9.618070180450565942e+01,9.618069881474377780e+01
9.616656201072130727e+01,9.616655475523894836e+01
9.615241736048001542e+01,9.615241546344570622e+01
9.613825703828130997e+01,9.613827081832046417e+01
9.612412060071885378e+01,9.612412845338576517e+01
9.610998054455865258e+01,9.610999193570599175e+01
9.609585273554067442e+01,9.609585145873491285e+01
9.608170010238981718e+01,9.608171016609661308e+01
9.606756135260806673e+01,9.606756431772527094e+01
9.605342317578677580e+01,9.605341880224224838e+01
9.603927221339910147e+01,9.603927351303468640e+01
9.602512350509195471e+01,9.602512878789576689e+01
9.601099034467397075e+01,9.601098635355441502e+01
9.599685650263675996e+01,9.599684425639289032e+01
9.598271991042734896e+01,9.598270313333482306e+01
9.596857639834436782e+01,9.596856160765764798e+01
9.595442967350111019e+01,9.595442006128081402e+01
9.594028228866039854e+01,9.594027954313587259e+01
9.592612879789255942e+01,9.592613937492635046e+01
9.591199129082416164e+01,9.591199574020319574e+01
9.589786640974591592e+01,9.589785840269490791e+01
9.588371961717346892e+01,9.588371497929398402e+01
9.586956546438601379e+01,9.586957154246536561e+01
9.585543940338270374e+01,9.585543103686522670e+01
9.584129513902259134e+01,9.584128390541717124e+01
9.582713478255978146e+01,9.582714229814280316e+01
9.581298123828561586e+01,9.581300061030191273e+01
9.579888241010860384e+01,9.579885964659622744e+01
9.578472418024475132e+01,9.578471973771443970e+01
9.577057399054788789e+01,9.577057543875251611e+01
9.575644606105730361e+01,9.575643342682451475e+01
9.574231119981917004e+01,9.574229136142352559e+01
9.572815896676866032e+01,9.572814923092074935e+01
9.571401190478185583e+01,9.571400738481732162e+01
9.569986916939912192e+01,9.569986730924230756e+01
9.568573572838793950e+01,9.568572214672758491e+01
9.567159742467319461e+01,9.567157721697518014e+01
9.565744180797575780e+01,9.565743816174281733e+01
9.564331716258672600e+01,9.564329608473725841e+01
9.562917890689284661e+01,9.562915337617172895e+01
9.561501916723041461e+01,9.561501539857474086e+01
9.560086790082343100e+01,9.560086704745050667e+01
9.558674468201814989e+01,9.558672816087582191e+01
9.557259579298006713e+01,9.557258715273405869e+01
9.555844663401505557e+01,9.555844142507152128e+01
9.554430846490484441e+01,9.554430235296695173e+01
9.553015753387083464e+01,9.553016351481755919e+01
9.551601758171385370e+01,9.551601489132524136e+01
9.550188611386062121e+01,9.550187279589462719e+01
9.548773314099186393e+01,9.548773566635107102e+01
9.547357779145937684e+01,9.547358690477220478e+01
9.545946554976019627e+01,9.545945501747458195e+01
9.544530884980693486e+01,9.544530751006701053e+01
9.543116438881109787e+01,9.543116234659267150e+01
9.541703090826447919e+01,9.541702418241531802e+01
9.540287760166555131e+01,9.540288000293629977e+01
9.538874316570364442e+01,9.538873117520432743e+01
9.537460433174683772e+01,9.537459478415453873e+01
9.536045395333646013e+01,9.536045199913023396e+01
9.534633833654839918e+01,9.534631889369921964e+01
9.533218535991879605e+01,9.533217163426873242e+01
9.531803002670750402e+01,9.531802545305896501e+01
9.530389777730505330e+01,9.530388682957146784e+01
9.528974400876235507e+01,9.528974677878143495e+01
9.527561164684294681e+01,9.527560406291856054e+01
9.526148192778278201e+01,9.526146196642936559e+01
9.524732068988448930e+01,9.524731782000461067e+01
9.523316419062057037e+01,9.523318039714908423e+01
9.521904700732682159e+01,9.521903080042136480e+01
9.520488916929960510e+01,9.520489474741908964e+01
9.519076478307469813e+01,9.519075019235532409e+01
9.517659807469098610e+01,9.517660930773112682e+01
9.516245150041112311e+01,9.516246447631058913e+01
9.514834298758013631e+01,9.514832390418398234e+01
9.513417464699278980e+01,9.513417921548311540e+01
9.512006062730168310e+01,9.512004479062689200e+01
9.510590133470023488e+01,9.510590161842429779e+01
9.509175801328419197e+01,9.509175485578876419e+01
9.507763568053898950e+01,9.507761059320883135e+01
9.506348767680096046e+01,9.506346515295196298e+01
9.504935190883777807e+01,9.504932646991085221e+01
9.503520255639135428e+01,9.503518205511690553e+01
9.502105582606169776e+01,9.502103826190537461e+01
9.500691595398976119e+01,9.500689612509872006e+01
9.499276788561155627e+01,9.499275324155561862e+01
9.497862996677618241e+01,9.497861264203498877e+01
9.496446637674074509e+01,9.496446994643024198e+01
9.495033667817200751e+01,9.495033069137787152e+01
9.493620214218489650e+01,9.493618632956437864e+01
9.492206108650492524e+01,9.492204759564465633e+01
9.490791227008456588e+01,9.490790353560272763e+01
9.489374859523044847e+01,9.489376409227740794e+01
9.487961467530416826e+01,9.487962194696005724e+01
9.486547670811842181e+01,9.486547497100519877e+01
9.485134100080485098e+01,9.485133435864379692e+01
9.483718879835292626e+01,9.483719303856067029e+01
9.482305211657566701e+01,9.482304782486153272e+01
9.480889189077743140e+01,9.480890673174988592e+01
9.479476469079179424e+01,9.479476402352641173e+01
9.478061184050510235e+01,9.478061922529320782e+01
9.476647912819440478e+01,9.476647721048439621e+01
9.475234948434099636e+01,9.475233568264492590e+01
9.473820502279612299e+01,9.473819958960457654e+01
9.472405317273226899e+01,9.472405195995982297e+01
9.470992484501061881e+01,9.470991289504796384e+01
9.469578248750212879e+01,9.469576742330841057e+01
9.468163736974914002e+01,9.468162773790280085e+01
9.466747492276029163e+01,9.466748787260354447e+01
9.465333844541653718e+01,9.465335040777655706e+01
9.463922212010665191e+01,9.463920421907847924e+01
9.462591745129256537e+01,9.462592936117287934e+01
9.461220200244956402e+01,9.461220073868652491e+01
9.459785426629014182e+01,9.459784644909564122e+01
9.458381792957614209e+01,9.458381571099992868e+01
9.456962233985115063e+01,9.456961291299388961e+01
9.455548745926964216e+01,9.455550687399826870e+01
9.454130838389188796e+01,9.454128964073436237e+01
9.452706113767195006e+01,9.452705913331206489e+01
9.451281982136086413e+01,9.451281734256888001e+01
9.449859242238979107e+01,9.449858310049144450e+01
9.448437016719155679e+01,9.448434995081038323e+01
9.447014055050479442e+01,9.447011635379553240e+01
9.445590736626947148e+01,9.445589000342745578e+01
9.444167596893296945e+01,9.444166275906252395e+01
9.442745810052258548e+01,9.442744799332274397e+01
9.441327079828433000e+01,9.441324301717108369e+01
9.439906989614667054e+01,9.439904178258717593e+01
9.438486290516641475e+01,9.438484628298412815e+01
9.437066983789173946e+01,9.437065717126961317e+01
9.435648445420153507e+01,9.435648117460135609e+01
9.434232380814559349e+01,9.434231268184895214e+01
9.432814454888223565e+01,9.432813743593887068e+01
9.431399296917287245e+01,9.431397583252413597e+01
9.429980864159919918e+01,9.429981756977785778e+01
9.428568280138713931e+01,9.428566518063490776e+01
9.427151046136641810e+01,9.427150910565794106e+01
9.425737409362606911e+01,9.425735625917668870e+01
9.424320125743308552e+01,9.424321244651268614e+01
9.422908647645442670e+01,9.422906836472272118e+01
9.421490810614962186e+01,9.421492525430601006e+01
9.420080448247871630e+01,9.420078272723563373e+01
9.418665182212902209e+01,9.418663741146895063e+01
9.417250892573051146e+01,9.417249929801241137e+01
9.415835992280049993e+01,9.415835527687785600e+01
9.414422441626919635e+01,9.414421334272047659e+01
9.413095160699288044e+01,9.413093956303046639e+01
9.411722268717298334e+01,9.411721499793900136e+01
9.410285497999645088e+01,9.410285929353766221e+01
9.408883716303957101e+01,9.408883502683978861e+01
9.407462894990909774e+01,9.407462600099556482e+01
9.406052370622525416e+01,9.406052205401252309e+01
9.404631036067912930e+01,9.404630880656699787e+01
9.403206706718829366e+01,9.403207202689003452e+01
9.401784145331990317e+01,9.401783816306193842e+01
9.400359929743257226e+01,9.400360223035242768e+01
9.399025026329979937e+01,9.399023815607714027e+01
9.397643240072396509e+01,9.397642169464056394e+01
9.396197710547585302e+01,9.396197468512447415e+01
9.394788685095221581e+01,9.394786008273025857e+01
9.393358786435256036e+01,9.393359214869384743e+01
9.391942811516226186e+01,9.391941531209776883e+01
9.390515818253805946e+01,9.390514511576154177e+01
9.389088578837920807e+01,9.389085328397658259e+01
9.387660237533476959e+01,9.387657834448020822e+01
9.386232118755640386e+01,9.386230876729945294e+01
9.384804349038519433e+01,9.384804044737823858e+01
9.383380888403262077e+01,9.383378099361367219e+01
9.381955614046862024e+01,9.381953231764937584e+01
9.380531396591426585e+01,9.380528919371860752e+01
9.379107910372998447e+01,9.379106433062760573e+01
9.377686817899753180e+01,9.377684728273941062e+01
9.376266200165967746e+01,9.376263547435273438e+01
9.374843311801366497e+01,9.374843950467067089e+01
9.373427274924507913e+01,9.373424930433742475e+01
9.372008341081041749e+01,9.372006807253256966e+01
9.370590131628350150e+01,9.370589334474860266e+01
9.369174483165060963e+01,9.369172602795390503e+01
9.367756601590804166e+01,9.367755824844360291e+01
9.366342405428025586e+01,9.366340497237631268e+01
9.364926142668768705e+01,9.364924968303104436e+01
9.363511103751413600e+01,9.363509101940371693e+01
9.362094792433721580e+01,9.362094856224770467e+01
9.360680705467962071e+01,9.360680229264103502e+01
9.359267051697354134e+01,9.359265731708396174e+01
9.357851160821266490e+01,9.357851104195825087e+01
9.356439166872813473e+01,9.356437408455977334e+01
9.355021725283862111e+01,9.355022745583084998e+01
9.353608927945293772e+01,9.353609074684000291e+01
9.352196187270047290e+01,9.352195007900110113e+01
9.350780422868372455e+01,9.350781255192664787e+01
9.349369002806062667e+01,9.349366822297430701e+01
9.347953890870670079e+01,9.347952636796111392e+01
9.346537923677155391e+01,9.346539125648891400e+01
9.345127135069255075e+01,9.345124929859387919e+01
9.343711240218863168e+01,9.343710912349754949e+01
9.342299025722323336e+01,9.342297307162142772e+01
9.340885866914528890e+01,9.340883050505254914e+01
9.339469437128539653e+01,9.339469269948321539e+01
9.338055642681182178e+01,9.338055171457935444e+01
9.336640904932478691e+01,9.336640410153026437e+01
9.335228188602509647e+01,9.335227108571672261e+01
9.333813937002673811e+01,9.333811962470643664e+01
9.332398291810962121e+01,9.332397995212426167e+01
9.330985162150444978e+01,9.330984270064828934e+01
9.329571463764131067e+01,9.329570553730916060e+01
9.328156443686715704e+01,9.328155626564162617e+01
9.326741232852529606e+01,9.326741360032583827e+01
9.325329289655680043e+01,9.325327371977026303e+01
9.323913279260294473e+01,9.323913211157447734e+01
9.322497865709485154e+01,9.322499117169353156e+01
9.321085759991824204e+01,9.321084762955055680e+01
9.319669879094844589e+01,9.319670756285964330e+01
9.318255931905477496e+01,9.318257010316263234e+01
9.316843329400572316e+01,9.316842285406393387e+01
9.315426998129643721e+01,9.315428428778245973e+01
9.314013639516323906e+01,9.314014410900223595e+01
9.312601206607114079e+01,9.312599232354487810e+01
9.311185962640861646e+01,9.311185129896621504e+01
9.309772694620106392e+01,9.309771792895891451e+01
9.308357354657492522e+01,9.308357232518822855e+01
9.306944031663965688e+01,9.306942864518266845e+01
9.305530639117252178e+01,9.305528600183002652e+01
9.304115097579349936e+01,9.304114200962268910e+01
9.302700154477614092e+01,9.302699971709007798e+01
9.301286560361639033e+01,9.301285868438002069e+01
9.299870731100000398e+01,9.299871614362530181e+01
9.298457255887650774e+01,9.298457652035602905e+01
9.297044371816971875e+01,9.297042686117936228e+01
9.295631342397980745e+01,9.295628900440040354e+01
9.294217209477496056e+01,9.294215662891117802e+01
9.292802289969077378e+01,9.292800734535987317e+01
9.291386597113213952e+01,9.291386335975066402e+01
9.289971920075916501e+01,9.289972139408881446e+01
9.288557927158402094e+01,9.288558014087669790e+01
9.287145785933483921e+01,9.287144097235643869e+01
9.285728901640112554e+01,9.285728770597383175e+01
9.284316624467668078e+01,9.284314957311245564e+01
9.282903195504567861e+01,9.282901161125522549e+01
9.281487031215228001e+01,9.281487200471943311e+01
9.280073213707474622e+01,9.280072357818967532e+01
9.278658748443874060e+01,9.278658681728867919e+01
9.277332992181472093e+01,9.277331158408100009e+01
9.275958457983480798e+01,9.275957831804905140e+01
9.274521965655243605e+01,9.274522366659624595e+01
9.273120570246807404e+01,9.273119485249036131e+01
9.271700392815961322e+01,9.271699194777107778e+01
9.270288801798608347e+01,9.270288207045084050e+01
9.268867313614811110e+01,9.268866906385284210e+01
9.267443320907706550e+01,9.267443402987218803e+01
9.266019467691350542e+01,9.266019337482096319e+01
9.264598554507513484e+01,9.264596729043574896e+01
9.263172644184133731e+01,9.263172664741206574e+01
9.261749171751156950e+01,9.261748816292482900e+01
9.260327886475687365e+01,9.260326384572314851e+01
9.258904073973856441e+01,9.258903173064318537e+01
9.257484541290021696e+01,9.257482538552189055e+01
9.256061565548492354e+01,9.256061170266485760e+01
9.254642908506525600e+01,9.254641852193179830e+01
9.253222100146101070e+01,9.253222355299452317e+01
9.251804357688067171e+01,9.251803665478497862e+01
9.250386637747288887e+01,9.250386176948198624e+01
9.248969104918029416e+01,9.248968702838746481e+01
9.247553299099875801e+01,9.247551992998327819e+01
9.246135721397529039e+01,9.246135708735798175e+01
9.244720993734132719e+01,9.244719678905508431e+01
9.243305330567791600e+01,9.243304219168514635e+01
9.241889598912095494e+01,9.241888828756621876e+01
9.240475264380550868e+01,9.240474105454815401e+01
9.239058817480837149e+01,9.239058746408511524e+01
9.237644096964351093e+01,9.237644139629118456e+01
9.236231106872794783e+01,9.236230238880503407e+01
9.234818211717310987e+01,9.234815324496371147e+01
9.233401129846295419e+01,9.233401833997508845e+01
9.231986813566577155e+01,9.231987527135223104e+01
9.230572174763253201e+01,9.230573183141798665e+01
9.229158722677124160e+01,9.229159003829512642e+01
9.227744118802364426e+01,9.227744796681439254e+01
9.226331413690294880e+01,9.226331476689320255e+01
9.224917381185721865e+01,9.224916854856859061e+01
9.223503658747162604e+01,9.223502987074874682e+01
9.222090039722556298e+01,9.222089117653753476e+01
9.220674805289151266e+01,9.220674622407220511e+01
9.219261299597275183e+01,9.219260924927179701e+01
9.217846099293501538e+01,9.217846601206828439e+01
9.216433750523844992e+01,9.216432542105376058e+01
9.215020918665256033e+01,9.215018532078232738e+01
9.213604766491239673e+01,9.213604345472624857e+01
9.212190334985415063e+01,9.212189750215685535e+01
9.210776882407141386e+01,9.210775847071747080e+01
9.209362363689807296e+01,9.209361989834016526e+01
9.207949650296409061e+01,9.207947739486077410e+01
9.206533989827033793e+01,9.206532733737348906e+01
9.205119811046324685e+01,9.205119659716180536e+01
9.203705896930489416e+01,9.203705570867442987e+01
9.202293333158533528e+01,9.202291571622261301e+01
9.200964571240939449e+01,9.200963701632218772e+01
9.199592130064249318e+01,9.199591148719676426e+01
9.198155602612183657e+01,9.198154757946200277e+01
9.196753345706281380e+01,9.196751923006783613e+01
9.195333724917144025e+01,9.195332430912903021e+01
9.193922704086975273e+01,9.193921073446128389e+01
9.192499595175245020e+01,9.192499219885209527e+01
9.191075273515900790e+01,9.191075864109865279e+01
9.189652300351441738e+01,9.189652656180902568e+01
9.188231635272572362e+01,9.188229045046053045e+01
9.186806100645110007e+01,9.186804613177926626e+01
9.185383845599248787e+01,9.185381636555814566e+01
9.183958934507737126e+01,9.183958482838012571e+01
9.182537091511498772e+01,9.182536132778540150e+01
9.181114854959974991e+01,9.181114928784325002e+01
9.179693224507454374e+01,9.179693817137923872e+01
9.178273739840601309e+01,9.178273407049442767e+01
9.176855450231855116e+01,9.176854285982494730e+01
9.175436139842133798e+01,9.175435651104059787e+01
9.174019024460588412e+01,9.174018374091730266e+01
9.172601173984429579e+01,9.172601044410404825e+01
9.171183893309010671e+01,9.171184343953459006e+01
9.169767959899195375e+01,9.169767744214020411e+01
9.168350255968169904e+01,9.168351687034208908e+01
9.166937580902073535e+01,9.166937187840629520e+01
9.165521045290853408e+01,9.165521859084472567e+01
9.164106276093536962e+01,9.164106673832573335e+01
9.162692607794917876e+01,9.162691636773281800e+01
9.161277378975087515e+01,9.161277723979377186e+01
9.159863415548052501e+01,9.159862739092299933e+01
9.158450010705462319e+01,9.158448517383062892e+01
9.157035835368299104e+01,9.157034814764321595e+01
9.155619378741691605e+01,9.155620458585187293e+01
9.154205277381524297e+01,9.154206275375560153e+01
9.152791355324721678e+01,9.152792240668226498e+01
9.151378489343322542e+01,9.151377810926578604e+01
9.149964016777033748e+01,9.149963837657134036e+01
9.148549933780145693e+01,9.148549347382893870e+01
9.147134327259168174e+01,9.147135444359439305e+01
9.145722360878669122e+01,9.145721313127435792e+01
9.144306658643270680e+01,9.144306965905956019e+01
9.142892106934482399e+01,9.142893330649012285e+01
9.141477686097964295e+01,9.141479199137576472e+01
9.140065575680307575e+01,9.140064766335606805e+01
9.138652239279235800e+01,9.138651393030922065e+01
9.137236989069359083e+01,9.137236799588679048e+01
9.135822176838951236e+01,9.135822356958965429e+01
9.134409797807491316e+01,9.134408155737999380e+01
9.132995812265319557e+01,9.132994457424618417e+01
9.131581634945762005e+01,9.131580251088129785e+01
9.130166554124163270e+01,9.130166040284568396e+01
9.128752611222859059e+01,9.128751417261300105e+01
9.127337690725060781e+01,9.127337875164150205e+01
9.125924404510023180e+01,9.125922864457258754e+01
9.124509018602735466e+01,9.124509514784570285e+01
9.123096473039987586e+01,9.123095221341147010e+01
9.121681863304587523e+01,9.121680895450793969e+01
9.120265303756248443e+01,9.120265829574078964e+01
9.118852775537988009e+01,9.118852364333702099e+01
9.117439382139366444e+01,9.117438288746889441e+01
9.116024579702126118e+01,9.116023063634843027e+01
9.114608599408593648e+01,9.114609531033364931e+01
9.113195877627121888e+01,9.113195177879327957e+01
9.111782215768208459e+01,9.111781380343275316e+01
9.110366022772090844e+01,9.110366829193363003e+01
9.108952015984466755e+01,9.108952509004129183e+01
9.107538029244769007e+01,9.107538354425555838e+01
9.106122471501201687e+01,9.106124062690872734e+01
9.104709765422776968e+01,9.104710111584657284e+01
9.103295233724115576e+01,9.103294888180305122e+01
9.101968149508536499e+01,9.101968078433809239e+01
9.100596342693307861e+01,9.100594950071115363e+01
9.099161751448750124e+01,9.099159407258827059e+01
9.097759324584039575e+01,9.097756579363098695e+01
9.096338898169932463e+01,9.096337141127413872e+01
9.094927099443553686e+01,9.094925767609271361e+01
9.093503722318493487e+01,9.093504596302383902e+01
9.092081454081593961e+01,9.092080887686812218e+01
9.090659328603337030e+01,9.090657853151277834e+01
9.089233007190233593e+01,9.089233947032427352e+01
9.087811164214691928e+01,9.087811061042410188e+01
9.086386122734523951e+01,9.086387348290855925e+01
9.084964770010735435e+01,9.084964026511651980e+01
9.083541315504930935e+01,9.083541106877753180e+01
9.082119687555557164e+01,9.082120064245543745e+01
9.080698790672255427e+01,9.080699609315374232e+01
9.079280004650588864e+01,9.079279417271055763e+01
9.077859362051439973e+01,9.077859593232339819e+01
9.076439501948239297e+01,9.076441023788612483e+01
9.075023378509960992e+01,9.075023283316114941e+01
9.073607272171133786e+01,9.073605581542079790e+01
9.072189743164835818e+01,9.072189551277568853e+01
9.070773055095054360e+01,9.070772464201202467e+01
9.069357359678541286e+01,9.069357145279904842e+01
9.067942556555465217e+01,9.067941413353695168e+01
9.066527649303431247e+01,9.066526287529862316e+01
9.065112256443985927e+01,9.065111165983911690e+01
9.063698185855844258e+01,9.063696775978299058e+01
9.062285295189144563e+01,9.062282486283503147e+01
9.060870376905531032e+01,9.060867583488366961e+01
9.059456523801084415e+01,9.059453398647654865e+01
9.058041100440306082e+01,9.058039089530572596e+01
9.056625697485227988e+01,9.056624853703203826e+01
9.055213478797966786e+01,9.055210937511128577e+01
9.053797941885878231e+01,9.053796841055503819e+01
9.052384801725919772e+01,9.052383600033437006e+01
9.050969586321015470e+01,9.050969102846524095e+01
9.049555302180888816e+01,9.049554696477788696e+01
9.048142206816142163e+01,9.048140486581844755e+01
9.046726335042600908e+01,9.046726704039377864e+01
9.045313104824693085e+01,9.045312621884170312e+01
9.043897973164507675e+01,9.043898446303134619e+01
9.042484647753731508e+01,9.042483909785639185e+01
9.041070343605552750e+01,9.041070523066328235e+01
9.039656427927243953e+01,9.039656608251146963e+01
9.038241520628105263e+01,9.038241600707929990e+01
9.036828765622239246e+01,9.036827369754365691e+01
9.035414735671834308e+01,9.035413725127057205e+01
9.034000760156993692e+01,9.033999505276415221e+01
9.032585131535977041e+01,9.032585270787160425e+01
9.031172142694249771e+01,9.031170736157075396e+01
9.029756799787830346e+01,9.029756614193782127e+01
9.028342557497910548e+01,9.028342661823749893e+01
9.026927951945525308e+01,9.026928250459509684e+01
9.025513860812155542e+01,9.025513876092207965e+01
9.024099085680121846e+01,9.024100071123922362e+01
9.022685081069613489e+01,9.022686454727089256e+01
9.021270246340463927e+01,9.021271659646411933e+01
9.019857981098354571e+01,9.019857717051185375e+01
9.018443011570725787e+01,9.018443049899666164e+01
9.017028937585507720e+01,9.017029078433972700e+01
9.015615127947205565e+01,9.015614060433011900e+01
9.014201473762331318e+01,9.014200816450647835e+01
9.012785607998108617e+01,9.012785772344405189e+01
9.011372977025874320e+01,9.011371619815282941e+01
9.009956991985184516e+01,9.009957871322896494e+01
9.008543810349448222e+01,9.008543804883491646e+01
9.007130435930760370e+01,9.007129254934186235e+01
9.005715702695556502e+01,9.005715230836479179e+01
9.004302196399292768e+01,9.004300774460577372e+01
9.002888131478184164e+01,9.002887486779985693e+01
9.001471520642506619e+01,9.001472306717347749e+01
9.000058775349566531e+01,9.000058696705892203e+01
8.998644581813071852e+01,8.998644477450693557e+01
8.997229325218539486e+01,8.997230238608976549e+01
8.995815330944064669e+01,8.995816128561901337e+01
8.994401775435910906e+01,8.994402110415273910e+01
8.992987068251289884e+01,8.992988115475961308e+01
8.991573834308603352e+01,8.991573720021189331e+01
8.990158229371625964e+01,8.990158605697460814e+01
8.988831069968655640e+01,8.988831655313158819e+01
8.987457277895902052e+01,8.987459536894353107e+01
8.986023777924725664e+01,8.986023215482346416e+01
8.984621247700411573e+01,8.984620521502276347e+01
8.983200852091250965e+01,8.983200721307680681e+01
8.981790496324477147e+01,8.981789590794950584e+01
8.980367315637484182e+01,8.980368052572495685e+01
8.978943894158237526e+01,8.978943951605700136e+01
8.977520157915299137e+01,8.977519843294484758e+01
8.976098919853723146e+01,8.976097599935714300e+01
8.974673963327501269e+01,8.974673552020068712e+01
8.973249025962199710e+01,8.973249543354567948e+01
8.971826203293427682e+01,8.971826902706145290e+01
8.970403535719283639e+01,8.970404858258314107e+01
8.968983806485552179e+01,8.968982983186218405e+01
8.967561904366385761e+01,8.967562710658420144e+01
8.966141032743759354e+01,8.966142513018637317e+01
8.964723308631778309e+01,8.964723143834009988e+01
8.963304323213451141e+01,8.963304262686705215e+01
8.961887787175665210e+01,8.961886683642848084e+01
8.960470442403557456e+01,8.960469110046091146e+01
8.959051909557635440e+01,8.959052038466725776e+01
8.957635617400725891e+01,8.957635720735608231e+01
8.956219638431484498e+01,8.956220073032689299e+01
8.954803434556258424e+01,8.954804466928230511e+01
8.953389749946234133e+01,8.953389010368478296e+01
8.951977083376117150e+01,8.951973669578356407e+01
8.950559274151943612e+01,8.950559197555104163e+01
8.949144442086978302e+01,8.949144435070751058e+01
8.947730259242830186e+01,8.947730323710389655e+01
8.946315046829445805e+01,8.946315657974854219e+01
8.944903071699260977e+01,8.944901822395706859e+01
8.943489070758946013e+01,8.943488497687346239e+01
8.942073831375371640e+01,8.942073959626902990e+01
8.940659732934526005e+01,8.940660158684232783e+01
8.939245444077045022e+01,8.939245875294277255e+01
8.937831053484075028e+01,8.937832185726129808e+01
8.936415829769023844e+01,8.936417377732203704e+01
8.935002757694921627e+01,8.935003353737579346e+01
8.933589005245808323e+01,8.933589899473989249e+01
8.932175836572689320e+01,8.932175410929160364e+01
8.930763685183831058e+01,8.930761141472962095e+01
8.929349315353293548e+01,8.929347809467269315e+01
8.927933863760975441e+01,8.927933362171640397e+01
8.926519466232512912e+01,8.926518529662443768e+01
8.925104511130174956e+01,8.925104842185253062e+01
8.923692236433730329e+01,8.923690282087984826e+01
8.922276729650658922e+01,8.922276693162345396e+01
8.920861819602053799e+01,8.920862040083039801e+01
8.919448924666504297e+01,8.919447613679088249e+01
8.918033094192460908e+01,8.918033636487047033e+01
8.916620031015975201e+01,8.916619908348256729e+01
8.915208194601216007e+01,8.915205781733342860e+01
8.913792531844441669e+01,8.913791414213763176e+01
8.912376506074929239e+01,8.912376554651808647e+01
8.910961794871911934e+01,8.910962430042148696e+01
8.909549692670694299e+01,8.909548502683082916e+01
8.908137103637317011e+01,8.908134661408948318e+01
8.906719899836292598e+01,8.906719931886006236e+01
8.905305341186290491e+01,8.905306094180383525e+01
8.903891591918778659e+01,8.903891782193279880e+01
8.902477390498886223e+01,8.902476929005057116e+01
8.901064853643224239e+01,8.901063979709591933e+01
8.899647981250694784e+01,8.899649673331637700e+01
8.898234000019114376e+01,8.898235037171313877e+01
8.896820372343437100e+01,8.896820500991340452e+01
8.895407060840426539e+01,8.895406657176911835e+01
8.893990710523239329e+01,8.893992003354256326e+01
8.892576881048599091e+01,8.892577688659872592e+01
8.891163370549297440e+01,8.891164008933370155e+01
8.889748709338361721e+01,8.889750296993642564e+01
8.888335134825094030e+01,8.888335595021740687e+01
8.886921076109607043e+01,8.886920968202434779e+01
8.885507089252028834e+01,8.885506898810959342e+01
8.884094118984056365e+01,8.884093036101984353e+01
8.882679860333907129e+01,8.882678561817785123e+01
8.881266005651700368e+01,8.881264694992323427e+01
8.879849618444241344e+01,8.879850208188241822e+01
8.878435333062562052e+01,8.878435942738101971e+01
8.877022485509911576e+01,8.877021867653878928e+01
8.875608033310602707e+01,8.875608242791859936e+01
8.874194668544315334e+01,8.874193639532894906e+01
8.872781411333373569e+01,8.872779116530251997e+01
8.871366460907209728e+01,8.871365163063585157e+01
8.869952651062853022e+01,8.869950727536479462e+01
8.868537900351493874e+01,8.868536860636648100e+01
8.867122786378084243e+01,8.867122502195472578e+01
8.865710736961291616e+01,8.865707845922131014e+01
8.864297079304104443e+01,8.864293731892223605e+01
8.862880435292316861e+01,8.862879416438867963e+01
8.861467310949301179e+01,8.861465434270438379e+01
8.860051654102238672e+01,8.860050791740651732e+01
8.858638606225012779e+01,8.858636402266438381e+01
8.857225247792008815e+01,8.857223176713374357e+01
8.855809460778216646e+01,8.855807606126104758e+01
8.854395338902170920e+01,8.854393856390588269e+01
8.852981237098396150e+01,8.852980294644542880e+01
8.851566772246290782e+01,8.851566062009185032e+01
8.850151488394620003e+01,8.850151912189480186e+01
8.848737258247632553e+01,8.848737353442652420e+01
8.847324762979050661e+01,8.847323557407260353e+01
8.845909646619389832e+01,8.845909018215786546e+01
8.844495390402738622e+01,8.844494622363433223e+01
8.843081068553991031e+01,8.843080273751731113e+01
8.841666767333366295e+01,8.841667173344595199e+01
8.840253799754276542e+01,8.840251932147174330e+01
8.838837861218118519e+01,8.838837723466791374e+01
8.837425740326312962e+01,8.837424408198266690e+01
8.836009827005932493e+01,8.836010287551353315e+01
8.834594091035870633e+01,8.834595120664010892e+01
8.833181227830354487e+01,8.833181412059730064e+01
8.831767791766230857e+01,8.831767672546644121e+01
8.830353780558060350e+01,8.830352818792793812e+01
8.828937709266782008e+01,8.828939059545696466e+01
8.827524983010235360e+01,8.827524416794025797e+01
8.826110737234628800e+01,8.826110308101935686e+01
8.824695586524420321e+01,8.824696257151983048e+01
8.823281242724982576e+01,8.823281719952693436e+01
8.821869632551094753e+01,8.821867985695702430e+01
8.820453739529492054e+01,8.820453541885018467e+01
8.819038952265745479e+01,8.819039138709517545e+01
8.817626844685146636e+01,8.817625019048985280e+01
8.816210753046360082e+01,8.816210740058592421e+01
8.814796850551951479e+01,8.814796648475820007e+01
8.813382828744049391e+01,8.813381998119038485e+01
8.811968374454538377e+01,8.811967983241444813e+01
8.810553310909702418e+01,8.810553458305165009e+01
8.809140313977144388e+01,8.809139686991727558e+01
8.807726498879389965e+01,8.807725941286744842e+01
8.806312269040773799e+01,8.806311064574707359e+01
8.804896519854715109e+01,8.804896791508899412e+01
8.803482872171838380e+01,8.803482633872340557e+01
8.802067829587386427e+01,8.802068513764517377e+01
8.800654558358625934e+01,8.800654574708141809e+01
8.799242251931060821e+01,8.799240166037273525e+01
8.797826345538783244e+01,8.797826162418672880e+01
8.796412489071352070e+01,8.796411836032955023e+01
8.794998986845332922e+01,8.794997540045353901e+01
8.793583212228128332e+01,8.793583727945322437e+01
8.792170242470146491e+01,8.792169666952706564e+01
8.790756610344486432e+01,8.790754455961148039e+01
8.789341510788706557e+01,8.789340309888474678e+01
8.787927099796104358e+01,8.787926319609981363e+01
8.786514196251624753e+01,8.786512474236143078e+01
8.785099686206778813e+01,8.785098067293101565e+01
8.783685021844534901e+01,8.783683670688030531e+01
8.782271096150365963e+01,8.782269936679141153e+01
8.780855162732130736e+01,8.780855038793271206e+01
8.779441524995259272e+01,8.779441486224516211e+01
8.778028134620025469e+01,8.778026908700910269e+01
8.776612980669753483e+01,8.776612835577687122e+01
8.775199756614165381e+01,8.775198879000096497e+01
8.773785589647955874e+01,8.773784501288841398e+01
8.772369433016443452e+01,8.772369932118230906e+01
8.770957967568072888e+01,8.770955833621196973e+01
8.769542517963958517e+01,8.769541486389414331e+01
8.768128086284438893e+01,8.768127286418854283e+01
8.766715180014450937e+01,8.766713259134326108e+01
8.765299531252232157e+01,8.765299111526437059e+01
8.763886352088334775e+01,8.763884646346090790e+01
8.762471444947462373e+01,8.762470129083826009e+01
8.761055596138869817e+01,8.761056169470704447e+01
8.759641133458578111e+01,8.759641769476715467e+01
8.758227532378086266e+01,8.758227557713307476e+01
8.756814861251467619e+01,8.756813467670572493e+01
8.755401214191830661e+01,8.755399312221338448e+01
8.753985943231444367e+01,8.753984579765747753e+01
8.752573493921072156e+01,8.752570683719243050e+01
8.751158056710188760e+01,8.751156672153341276e+01
8.749742553139529377e+01,8.749742673342574051e+01
8.748328521958326576e+01,8.748328328174869739e+01
8.746912674858623404e+01,8.746913883112171106e+01
8.745499683010206127e+01,8.745499740258047439e+01
8.744086293758240913e+01,8.744085618102668889e+01
8.742671909953195097e+01,8.742671494893110662e+01
8.741257268488661225e+01,8.741257959142249945e+01
8.739842243504686792e+01,8.739842794756260957e+01
8.738429760159749549e+01,8.738428980812008717e+01
8.737014412131507868e+01,8.737014520664355643e+01
8.735600571916569379e+01,8.735600169990520669e+01
8.734186892560518345e+01,8.734186481393052759e+01
8.732772831255202561e+01,8.732771141610955112e+01
8.731358756948253586e+01,8.731357547198051350e+01
8.729943410160552730e+01,8.729943373981818411e+01
8.728530200047080712e+01,8.728528889902477772e+01
8.727115805041648855e+01,8.727114922180857093e+01
8.725700291762912286e+01,8.725700357322652678e+01
8.724287690599881273e+01,8.724286675957834802e+01
8.722873129990773577e+01,8.722872351309085559e+01
8.721460131374740854e+01,8.721457561559157057e+01
8.720044652797149354e+01,8.720043902214689524e+01
8.718632572771477385e+01,8.718629920628309549e+01
8.717215245330996254e+01,8.717215641541554305e+01
8.715802611704638991e+01,8.715801783493476762e+01
8.714389228693278255e+01,8.714386827580467809e+01
8.713060756929583306e+01,8.713060036102963579e+01
8.711686144931877607e+01,8.711687438402915973e+01
8.710251893952215596e+01,8.710251749105734120e+01
8.708849685483062331e+01,8.708848885118365502e+01
8.707428911723231124e+01,8.707428443983187094e+01
8.706015300095279486e+01,8.706017004714790630e+01
8.704595792931748122e+01,8.704595756334884982e+01
8.703171800248844647e+01,8.703172179759626204e+01
8.701747008036180375e+01,8.701748589872828177e+01
8.700323985344095945e+01,8.700325179118900110e+01
8.698900475282874822e+01,8.698901822564867814e+01
8.697476898976829318e+01,8.697478491328584482e+01
8.696053289482321702e+01,8.696054651954875681e+01
8.694632418379882211e+01,8.694633286172164333e+01
8.693210096982832624e+01,8.693211286753933109e+01
8.691787571713746274e+01,8.691790359057098669e+01
8.690368796748713009e+01,8.690370335544827185e+01
8.688950761791133459e+01,8.688950950267287965e+01
8.687531350798977314e+01,8.687532621875577377e+01
8.686112379896883340e+01,8.686114285664476142e+01
8.684697126774102571e+01,8.684697363293450678e+01
8.683279691098312014e+01,8.683280942013549009e+01
8.681863450027950080e+01,8.681864573213233882e+01
8.680447596704142654e+01,8.680447747417009907e+01
8.679031540993322835e+01,8.679033217079032170e+01
8.677615751576102809e+01,8.677617634065346408e+01
8.676203537398907883e+01,8.676202823349163396e+01
8.674786914966560403e+01,8.674787856075481329e+01
8.673373990931719391e+01,8.673373152919474194e+01
8.671957658111148248e+01,8.671958286569984864e+01
8.670545409587954566e+01,8.670544314726890889e+01
8.669129749719728295e+01,8.669130167714824609e+01
8.667715476346997150e+01,8.667715568097470680e+01
8.666303483401685526e+01,8.666301280189976808e+01
8.664888467545806350e+01,8.664887344526295010e+01
8.663473805110669446e+01,8.663473576923701103e+01
8.662059687432079613e+01,8.662059265046084988e+01
8.660646819827590548e+01,8.660645735978202708e+01
8.659234496110167356e+01,8.659231720059361237e+01
8.657816259965979100e+01,8.657817376539428267e+01
8.656404136701225127e+01,8.656403447835451459e+01
8.654989620023343377e+01,8.654989520263362124e+01
8.653574983932681164e+01,8.653575036703647072e+01
8.652163170453587782e+01,8.652161441881770543e+01
8.650747316681882637e+01,8.650746978618477101e+01
8.649332481291422425e+01,8.649332683740644256e+01
8.647920503819030102e+01,8.647918687174248475e+01
8.646504119690378332e+01,8.646504443986729882e+01
8.645092009102299357e+01,8.645090553808151412e+01
8.643675825455792960e+01,8.643676398000408767e+01
8.642261080753895897e+01,8.642262461799087703e+01
8.640847111018274518e+01,8.640848664316081340e+01
8.639433718301376075e+01,8.639433766515014668e+01
8.638020736047437254e+01,8.638019583038862947e+01
8.636606214281830773e+01,8.636604822886388888e+01
8.635193398284464195e+01,8.635191305419523644e+01
8.633777958375776507e+01,8.633777222305042187e+01
8.632363604362906528e+01,8.632362041305272271e+01
8.630951519934129124e+01,8.630948828390653205e+01
8.629535616335476789e+01,8.629533687812958931e+01
8.628121926255404617e+01,8.628119957580524613e+01
8.626708449357380459e+01,8.626705737527790063e+01
8.625292191875455217e+01,8.625290804360682273e+01
8.623880808016886590e+01,8.623877404008996450e+01
8.622464961098015124e+01,8.622463154931128315e+01
8.621049557446372091e+01,8.621049064044403565e+01
8.619634609995193841e+01,8.619634439176830654e+01
8.618220302836375879e+01,8.618221141403661534e+01
8.616808687600772032e+01,8.616806369206864247e+01
8.615391935873438456e+01,8.615392418259435203e+01
8.613978948508687949e+01,8.613977662529718771e+01
8.612563513512733948e+01,8.612563386171716218e+01
8.611150184179840039e+01,8.611149351985184808e+01
8.609737962046214932e+01,8.609735390375621478e+01
8.608321842510441968e+01,8.608321306652071314e+01
8.606908436845843369e+01,8.606906810858305334e+01
8.605492097233224058e+01,8.605492809689337719e+01
8.604079732880720144e+01,8.604078611410342603e+01
8.602665796287784872e+01,8.602664324189609601e+01
8.601249324780619077e+01,8.601249366540783114e+01
8.599837903347113865e+01,8.599835961002006002e+01
8.598422385179122784e+01,8.598421241874379461e+01
8.597008361133731569e+01,8.597007201700066048e+01
8.595593552352325162e+01,8.595592680158232213e+01
8.594180483420552719e+01,8.594178855656601002e+01
8.592766295218378048e+01,8.592764437833318425e+01
8.591351289159648275e+01,8.591350059627039570e+01
8.589938354060687686e+01,8.589936439220491593e+01
8.588521797724034457e+01,8.588522159954054302e+01
8.587108796632206520e+01,8.587107500918688174e+01
8.585694788007371869e+01,8.585693477947471308e+01
8.584279418801237682e+01,8.584280032261507642e+01
8.582866762362840518e+01,8.582865059454726975e+01
8.581451050252725565e+01,8.581451124549018061e+01
8.580038228811766032e+01,8.580036860254902820e+01
8.578622384698057601e+01,8.578623043928497793e+01
8.577209010410183510e+01,8.577208916394904747e+01
8.575793942680837745e+01,8.575794129253648634e+01
8.574381278090964997e+01,8.574380129796971062e+01
8.572967163029898074e+01,8.572965569017684118e+01
8.571553248909516753e+01,8.571552193309184986e+01
8.570137916352209118e+01,8.570137677800015297e+01
8.568723604148286199e+01,8.568723306647781612e+01
8.567309524974247381e+01,8.567309541926191230e+01
8.565894837069645007e+01,8.565895271749994322e+01
8.564481168723114024e+01,8.564481134082342351e+01
8.563067799938443159e+01,8.563066480934122637e+01
8.561652946934120223e+01,8.561651821916494498e+01
8.560239379768401591e+01,8.560238455336907748e+01
8.558825059427337578e+01,8.558823983381175537e+01
8.557410009336034307e+01,8.557409537194870097e+01
8.555996309844606174e+01,8.555995191933655519e+01
8.554580795937495452e+01,8.554580907249997779e+01
8.553168616447571537e+01,8.553167346909812352e+01
8.551754840912279576e+01,8.551752729535029118e+01
8.550338796435205779e+01,8.550338488724001706e+01
8.548925311611769473e+01,8.548923972026362605e+01
8.547510552647378290e+01,8.547509972356195362e+01
8.546095484169774181e+01,8.546096110522532285e+01
8.544681047818073694e+01,8.544681656210978815e+01
8.543267995582594665e+01,8.543266912843834859e+01
8.541852066407133748e+01,8.541853138256152533e+01
8.540439327192601127e+01,8.540439625909239396e+01
8.539024715422453937e+01,8.539025490828458942e+01
8.537610524795270805e+01,8.537610298262293895e+01
8.536195781161764273e+01,8.536196328100442088e+01
8.534781005844352819e+01,8.534781781973718751e+01
8.533365555035487660e+01,8.533367886799008772e+01
8.531953328476453180e+01,8.531953687369292538e+01
8.530540614131251687e+01,8.530539484837194664e+01
8.529123581569038492e+01,8.529125160295201624e+01
8.527710735416233945e+01,8.527711076504418486e+01
8.526296439259452598e+01,8.526296444616882297e+01
8.524881048333807598e+01,8.524882367353475843e+01
8.523469542834526180e+01,8.523468098753647837e+01
8.522055049772278323e+01,8.522053633751949064e+01
8.520641720847783063e+01,8.520639888491918157e+01
8.519225465987280188e+01,8.519224905574891693e+01
8.517811585033666688e+01,8.517811263367134700e+01
8.516399086454725875e+01,8.516397189253648037e+01
8.514983721156852425e+01,8.514982480532904674e+01
8.513569641783915642e+01,8.513569027813514367e+01
8.512154864500904239e+01,8.512155023376244856e+01
8.510740177071232893e+01,8.510739970295676926e+01
8.509328191469083436e+01,8.509326294177276395e+01
8.507913339931934615e+01,8.507911949398047113e+01
8.506497999710614977e+01,8.506497636206333368e+01
8.505083347472331923e+01,8.505083401881161365e+01
8.503670832115227540e+01,8.503668885336600169e+01
8.502256469357516266e+01,8.502254774241910695e+01
8.500841320826408776e+01,8.500840183580635312e+01
8.499427247588658929e+01,8.499426241888593836e+01
8.498014857747971007e+01,8.498012556659558925e+01
8.496599269296945067e+01,8.496598069796520747e+01
8.495185662172080754e+01,8.495184431494510591e+01
8.493771390944934296e+01,8.493769629984197422e+01
8.492356268546483022e+01,8.492355446667612284e+01
8.490941500740308356e+01,8.490941338428042684e+01
8.489527875304554527e+01,8.489526781852326565e+01
8.488113364923670190e+01,8.488113409154208000e+01
8.486700271418470720e+01,8.486699050318340198e+01
8.485284188490811630e+01,8.485284519556063287e+01
8.483871773741645939e+01,8.483870877332159921e+01
8.482455979639951238e+01,8.482456550378782367e+01
8.481042654989667540e+01,8.481041863336234599e+01
8.479628236193674695e+01,8.479627754333034773e+01
8.478213088064256908e+01,8.478213626153568327e+01
8.476800377298762612e+01,8.476799773025508955e+01
8.475385550190054573e+01,8.475385236359866781e+01
8.473970901098699926e+01,8.473970834185088563e+01
8.472556939363551010e+01,8.472556475837915002e+01
8.471142911827088540e+01,8.471142223159345974e+01
8.469729992871312163e+01,8.469728136704060262e+01
8.468314142076563655e+01,8.468314420040432822e+01
8.466900006718512373e+01,8.466900392994642743e+01
8.465486591601184330e+01,8.465485855491128575e+01
8.464072356678869369e+01,8.464071381518913029e+01
8.462657781883268626e+01,8.462657458663329635e+01
8.461245254302016860e+01,8.461243205376297283e+01
8.459830158558891355e+01,8.459828854652657526e+01
8.458501680217962360e+01,8.458500980156273386e+01
8.457130293544554434e+01,8.457128924076381793e+01
8.455693710473241254e+01,8.455692969351983379e+01
8.454291427601715725e+01,8.454290169403537902e+01
8.452870711941191928e+01,8.452869449883270647e+01
8.451458431590585008e+01,8.451458815567133342e+01
8.450040303878228087e+01,8.450037337735453491e+01
8.448615066963023423e+01,8.448613929657032884e+01
8.447189253319960756e+01,8.447189442116221869e+01
8.445769158753732597e+01,8.445766490957687722e+01
8.444343211863021281e+01,8.444342101206090945e+01
8.442920390435077138e+01,8.442919090001754512e+01
8.441497592906983982e+01,8.441496151707634965e+01
8.440074301239268095e+01,8.440073760556232685e+01
8.438653171050054880e+01,8.438652088630166759e+01
8.437232146821365575e+01,8.437232127232158518e+01
8.435813770939475376e+01,8.435811780759037504e+01
8.434393151810324696e+01,8.434392958507893923e+01
8.432974272428013762e+01,8.432973808018627437e+01
8.431559363950972852e+01,8.431555973909738100e+01
8.430139740194272235e+01,8.430139011117427117e+01
8.428722433310666418e+01,8.428721682802753890e+01
8.427307224445031864e+01,8.427306192345209013e+01
8.425891165132449601e+01,8.425890125050166546e+01
8.424476968043479985e+01,8.424474230157829879e+01
8.423060292190746168e+01,8.423059363673023370e+01
8.421645268483905511e+01,8.421644052819983983e+01
8.420230115751769517e+01,8.420229909829038206e+01
8.418815802908845569e+01,8.418814760396637098e+01
8.417401149368335211e+01,8.417400207802904788e+01
8.415986764077139526e+01,8.415985755799594870e+01
8.414571559141688795e+01,8.414571273140384733e+01
8.413159271687953833e+01,8.413157610119117180e+01
8.411743328713819778e+01,8.411743803910485440e+01
8.410329465676730365e+01,8.410329008843871179e+01
8.408915894716400885e+01,8.408915511812415389e+01
8.407502833445201418e+01,8.407500982650181243e+01
8.406087803773735345e+01,8.406087437578324284e+01
8.404674521366915485e+01,8.404673004011091564e+01
8.403261200987076052e+01,8.403259796518116787e+01
8.401844619043070850e+01,8.401845237629447638e+01
8.400432226266619296e+01,8.400431064960893934e+01
8.399019103746930170e+01,8.399016908603681486e+01
8.397602959100800035e+01,8.397603184319429204e+01
8.396188286934061296e+01,8.396189085503107208e+01
8.394773882521364783e+01,8.394774980769365413e+01
8.393360950580303381e+01,8.393360570631028850e+01
8.391946956339003805e+01,8.391946139008233274e+01
8.390532476338523793e+01,8.390531740895917778e+01
8.389119737860941939e+01,8.389118055720527423e+01
8.387703044171018973e+01,8.387703695302366214e+01
8.386289784096156552e+01,8.386289560557399625e+01
8.384876459190324738e+01,8.384875474215984070e+01
8.383460564474411569e+01,8.383461316233702121e+01
8.382046928666072461e+01,8.382046202321929229e+01
8.380634308316730596e+01,8.380633040884094953e+01
8.379219424972244212e+01,8.379218507642049474e+01
8.377804897447479959e+01,8.377804201329067268e+01
8.376389971293684766e+01,8.376389856856428651e+01
8.374975223346017117e+01,8.374975635215969305e+01
8.373561552358893323e+01,8.373562071224854719e+01
8.372146009196814020e+01,8.372147903063917340e+01
8.370734863740088372e+01,8.370733574829534973e+01
8.369318978409789622e+01,8.369318898537454743e+01
8.367906615953846483e+01,8.367904620212749478e+01
8.366491775312204027e+01,8.366490225767361721e+01
8.365078196654289400e+01,8.365075940045099401e+01
8.363663103641231089e+01,8.363662206792260179e+01
8.362247975425560753e+01,8.362248002555242010e+01
8.360836372493297119e+01,8.360834046649478069e+01
8.359420449157249777e+01,8.359419896103746339e+01
8.358007054596265561e+01,8.358006028464609471e+01
8.356592570846308377e+01,8.356590975001982713e+01
8.355177960120279579e+01,8.355177123318269139e+01
8.353764400772575982e+01,8.353762812519227055e+01
8.352347849704129601e+01,8.352348427986675006e+01
8.350934127398481621e+01,8.350934859248278030e+01
8.349520130149072372e+01,8.349520723427588109e+01
8.348104979949154369e+01,8.348106623913612623e+01
8.346692240746882874e+01,8.346691620421353264e+01
8.345278468038277708e+01,8.345277724801707109e+01
8.343863785940270361e+01,8.343863836126287481e+01
8.342449522219342839e+01,8.342448903778749525e+01
8.341036217648084516e+01,8.341035241966734759e+01
8.339621369915008131e+01,8.339621013983392572e+01
8.338206636670554417e+01,8.338206786892084210e+01
8.336793619400103239e+01,8.336792247184990856e+01
8.335378423355967925e+01,8.335378159894150940e+01
8.333965275035231457e+01,8.333963762907231398e+01
8.332549889431312806e+01,8.332549218891203680e+01
8.331135493286957683e+01,8.331135368442231481e+01
8.329722570401479231e+01,8.329721154225046575e+01
8.328307410241198738e+01,8.328306839278064899e+01
8.326892274819542195e+01,8.326892607598738039e+01
8.325478944423721828e+01,8.325477992020863383e+01
8.324064673633114353e+01,8.324063971573130516e+01
8.322651816014780479e+01,8.322650625106140865e+01
8.321237897898377867e+01,8.321235621065667942e+01
8.319822134498706134e+01,8.319821050355619718e+01
8.318407692792864339e+01,8.318407304540764358e+01
8.316993547366371331e+01,8.316993068047840154e+01
8.315579849600891293e+01,8.315578906663510850e+01
8.314165332225698535e+01,8.314164739618533417e+01
8.312750448349741816e+01,8.312750087909731178e+01
8.311336554171418811e+01,8.311336175399145532e+01
8.309922957778240971e+01,8.309921703597997578e+01
8.308508269637196975e+01,8.308507834358501043e+01
8.307092580697896267e+01,8.307093891407606634e+01
8.305678635785403685e+01,8.305679664065544898e+01
8.304265621761236105e+01,8.304265530392709138e+01
8.302850671828923623e+01,8.302851900808012431e+01
8.301436501500462839e+01,8.301436631476769890e+01
8.300023291898119737e+01,8.300022666238730551e+01
8.298608597629144867e+01,8.298608712304589119e+01
8.297195951526268232e+01,8.297194367349956678e+01
8.295780071029798819e+01,8.295779877501047395e+01
8.294366358068279510e+01,8.294366159097766911e+01
8.292951854795548172e+01,8.292951929547133716e+01
8.291537709811805712e+01,8.291537740473246743e+01
8.290123438741068185e+01,8.290123034877073849e+01
8.288710218306405864e+01,8.288709690492530058e+01
8.287294852156409775e+01,8.287294484278739048e+01
8.285881440955085964e+01,8.285880625918929354e+01
8.284466999348454408e+01,8.284466218261506754e+01
8.283051859068835654e+01,8.283051241218363714e+01
8.281640573761292501e+01,8.281638296177631275e+01
8.280225302643503937e+01,8.280223485241894821e+01
8.278808819229014659e+01,8.278809726200923080e+01
8.277396011426255029e+01,8.277395219978453156e+01
8.275980544798665051e+01,8.275980577889197320e+01
8.274653785701022457e+01,8.274653681546720918e+01
8.273279446128506720e+01,8.273280980926324446e+01
8.271846343368588350e+01,8.271845556385173381e+01
8.270441620430948149e+01,8.270441771317653945e+01
8.269023785726237463e+01,8.269022125554796787e+01
8.267611187731156974e+01,8.267610620156457912e+01
8.266190115164884844e+01,8.266189296956059707e+01
8.264767411125878027e+01,8.264765311477673038e+01
8.263343615081859639e+01,8.263341837444677651e+01
8.261919149409020235e+01,8.261918970020229835e+01
8.260497091257828117e+01,8.260495218757459668e+01
8.259073940424454463e+01,8.259072013254970557e+01
8.257649667670756344e+01,8.257648190748477646e+01
8.256228435632448281e+01,8.256226272435182523e+01
8.254806926342045870e+01,8.254805504522160220e+01
8.253384506626075279e+01,8.253383542529337547e+01
8.251966756818063686e+01,8.251964134165584142e+01
8.250546586802336435e+01,8.250545153520378960e+01
8.249127196499924253e+01,8.249126227655719390e+01
8.247710455588168088e+01,8.247708638025095240e+01
8.246292410923702221e+01,8.246291002223593125e+01
8.244877137022636759e+01,8.244875247835027210e+01
8.243458419189119013e+01,8.243458703272001742e+01
8.242043075078125014e+01,8.242042430618228366e+01
8.240628057004514062e+01,8.240626796218172956e+01
8.239214361102398243e+01,8.239211855929107742e+01
8.237797523892926677e+01,8.237796740133030937e+01
8.236382853053308395e+01,8.236382404240315225e+01
8.234968720561852251e+01,8.234967571427240784e+01
8.233553345403107926e+01,8.233553302571993981e+01
8.232140440277281357e+01,8.232138690097316669e+01
8.230724935228869299e+01,8.230724553308010627e+01
8.229311205094295190e+01,8.229310548938258307e+01
8.227898526476965912e+01,8.227896165442317056e+01
8.226483640455779778e+01,8.226482824366117086e+01
8.225067241409905705e+01,8.225068265581454341e+01
8.223654366880893463e+01,8.223654062320449043e+01
8.222240763512839123e+01,8.222239785759519748e+01
8.220826099599786119e+01,8.220825571619784000e+01
8.219410917176574571e+01,8.219412013278488871e+01
8.217997541229463820e+01,8.217998000655543933e+01
8.216586421954957586e+01,8.216583029082173084e+01
8.215172190364521043e+01,8.215168555537135830e+01
8.213756115508273581e+01,8.213754576051947254e+01
8.212341360998608764e+01,8.212341323623067524e+01
8.210927386745262879e+01,8.210926527151735854e+01
8.209513498949635846e+01,8.209512341882896180e+01
8.208099062344882668e+01,8.208097581430043022e+01
8.206685676920768913e+01,8.206684178502167981e+01
8.205270748212366527e+01,8.205270145574525031e+01
8.203856931888829251e+01,8.203856192363933530e+01
8.202444858749252887e+01,8.202441382361297428e+01
8.201028647440841723e+01,8.201027428653827656e+01
8.199615751243270267e+01,8.199613204540645484e+01
8.198199439954048273e+01,8.198198865475868047e+01
8.196785418085099195e+01,8.196784695122508424e+01
8.195371301228523464e+01,8.195371194810870463e+01
8.193955669190707169e+01,8.193956523671684522e+01
8.192544015715797912e+01,8.192541599448480838e+01
8.191128617103453280e+01,8.191128190397280662e+01
8.189714268339906766e+01,8.189714378253047755e+01
8.188300486970574354e+01,8.188299528672216354e+01
8.186886460841235191e+01,8.186885310517615721e+01
8.185471917884051152e+01,8.185471679546908774e+01
8.184058968050734961e+01,8.184057048610337404e+01
8.182643299558317551e+01,8.182643540887404754e+01
8.181228379549330043e+01,8.181228925052884904e+01
8.179814388671854886e+01,8.179814446988699217e+01
8.178401932378218930e+01,8.178400212321081142e+01
8.176985912063955197e+01,8.176986876660221526e+01
8.175573235095815505e+01,8.175572705362567660e+01
8.174158681958446948e+01,8.174157936797742252e+01
8.172743462406768344e+01,8.172743739982934130e+01
8.171330348429727053e+01,8.171329745416939261e+01
8.169913941923145728e+01,8.169915085988000669e+01
8.168502870545694350e+01,8.168501378192978279e+01
8.167085910867184850e+01,8.167086744784404573e+01
8.165672536885801946e+01,8.165672979864078229e+01
8.164259248548120240e+01,8.164258205736911123e+01
8.162845865525282818e+01,8.162844055307014912e+01
8.161429942112553704e+01,8.161429232902672481e+01
8.160016761166330923e+01,8.160015171352212349e+01
8.158600678658318373e+01,8.158601067944925944e+01
8.157185978245188096e+01,8.157186529601437996e+01
8.155773687180581533e+01,8.155772748538501560e+01
8.154358553390038367e+01,8.154357822032551439e+01
8.152944474406919539e+01,8.152944067174126985e+01
8.151530359682682558e+01,8.151529809195591270e+01
8.150116209184710669e+01,8.150115048135143070e+01
8.148702688494886104e+01,8.148701617171123246e+01
8.147287984824950513e+01,8.147286974553304617e+01
8.145875027326501083e+01,8.145873094832793981e+01
8.144459168271062310e+01,8.144459081560661673e+01
8.143045355989278278e+01,8.143044696969035101e+01
8.141630665316441196e+01,8.141630374561924555e+01
8.140216481596506526e+01,8.140216106906736115e+01
8.138803741785737600e+01,8.138802035976233640e+01
8.137389427792184904e+01,8.137387888900694577e+01
8.135975501561993894e+01,8.135973275884830969e+01
8.134560063085270087e+01,8.134559218741338782e+01
8.133146669094772108e+01,8.133144800587763257e+01
8.131731945477613976e+01,8.131730925526220233e+01
8.130319599496851879e+01,8.130316646489576726e+01
8.128904353416962181e+01,8.128902327529637262e+01
8.127490491487701263e+01,8.127489284608131470e+01
8.126075144378411608e+01,8.126074500113411148e+01
8.124660577310767451e+01,8.124659860404233314e+01
8.123247453653195294e+01,8.123246444028929147e+01
8.121833420317622654e+01,8.121831999734358476e+01
8.120418990334999876e+01,8.120417486335873036e+01
8.119004556701584363e+01,8.119003676178607520e+01
8.117589270974188764e+01,8.117588762048126227e+01
8.116177240337654553e+01,8.116174710764566669e+01
8.114763607072397633e+01,8.114761112723438430e+01
8.113347492623420010e+01,8.113345719676215140e+01
8.111933728460829229e+01,8.111932299702026228e+01
8.110518209246039589e+01,8.110517744894495706e+01
8.109105791620852699e+01,8.109103375528798097e+01
8.107690656041154398e+01,8.107688896379275434e+01
8.106277204765291344e+01,8.106274674046318296e+01
8.104862573933688452e+01,8.104860999360084861e+01
8.103448237990178882e+01,8.103446743559581478e+01
8.102033506032165633e+01,8.102032603612309458e+01
8.100621242074086581e+01,8.100618115577724154e+01
8.099203452801722847e+01,8.099203940197067197e+01
8.097876653022919413e+01,8.097876501875779809e+01
8.096504817211199168e+01,8.096504296583495375e+01
8.095066826696262297e+01,8.095068186562016876e+01
8.093664162429625719e+01,8.093665609001422467e+01
8.092244395844495841e+01,8.092244731510413658e+01
8.090833840740340577e+01,8.090833925339049415e+01
8.089411856634001197e+01,8.089412597695775275e+01
8.087989163895764477e+01,8.087988691727055368e+01
8.086564836739370321e+01,8.086565882988411147e+01
8.085143252062810859e+01,8.085142701708424795e+01
8.083717766042951780e+01,8.083718780228988976e+01
8.082294145927376405e+01,8.082295021826827508e+01
8.080873752781209873e+01,8.080872676527880571e+01
8.079450217387812927e+01,8.079450186719797955e+01
8.078028583715178002e+01,8.078028858623255815e+01
8.076606975160450475e+01,8.076607601937519121e+01
8.075187691006608759e+01,8.075187588783850856e+01
8.073769644917395283e+01,8.073768812251043414e+01
8.072349183100226355e+01,8.072350458185105992e+01
8.070932035189964893e+01,8.070931735793220696e+01
8.069514043296028660e+01,8.069515250872522927e+01
8.068098823369156491e+01,8.068097829621912354e+01
8.066681822357817566e+01,8.066681478739586453e+01
8.065265545265248193e+01,8.065266317052937950e+01
8.063848991924507459e+01,8.063850615886570949e+01
8.062436809696134787e+01,8.062435229400318804e+01
8.061019074196056522e+01,8.061020687023012954e+01
8.059605436512319443e+01,8.059605286240757493e+01
8.058190350231707555e+01,8.058191004146914338e+01
8.056778062702755960e+01,8.056776386378966492e+01
8.055362754809863191e+01,8.055362180103892911e+01
8.053947685693000835e+01,8.053947527305655285e+01
8.052533517679975716e+01,8.052533562068316542e+01
8.051120370996706299e+01,8.051119674643449287e+01
8.049705346675450812e+01,8.049705240801098682e+01
8.048291435630100921e+01,8.048290896052269261e+01
8.046878306254539837e+01,8.046876660936599990e+01
8.045464900485185922e+01,8.045463027311825499e+01
8.044049828480665099e+01,8.044048283411429168e+01
8.042637562823168196e+01,8.042634867445578095e+01
8.041223327057389270e+01,8.041220871376246748e+01
8.039807637577806076e+01,8.039806250360669537e+01
8.038394118618361972e+01,8.038392378257788096e+01
8.036979688738720995e+01,8.036978575704320349e+01
8.035565341791696881e+01,8.035563719012230877e+01
8.034149788158647709e+01,8.034149962194000238e+01
8.032737033198731069e+01,8.032735892023380586e+01
8.031320806217971153e+01,8.031321665456160019e+01
8.029908437250259112e+01,8.029907774701804613e+01
8.028496031038220337e+01,8.028493393245537391e+01
8.027080632931836135e+01,8.027078862085721767e+01
8.025664477921445439e+01,8.025664880359011022e+01
8.024251785159690087e+01,8.024250635482216865e+01
8.022836588064404850e+01,8.022836884774778810e+01
8.021422891740179750e+01,8.021422237773305142e+01
8.020009433827354428e+01,8.020008123757988017e+01
8.018594944780150513e+01,8.018593490215968700e+01
8.017179911530162428e+01,8.017180052402206059e+01
8.015766287192144546e+01,8.015765580927157430e+01
8.014354107737544552e+01,8.014351326365677153e+01
8.012937461164386832e+01,8.012937993238119816e+01
8.011523671049857853e+01,8.011523176286999615e+01
8.010109548410123637e+01,8.010108945047767293e+01
8.008694034773445480e+01,8.008694777418247668e+01
8.007280896210950516e+01,8.007280202124465518e+01
8.005867305466725270e+01,8.005866844310426700e+01
8.004451534215596098e+01,8.004452217222898014e+01
8.003039288045810906e+01,8.003037921255189246e+01
8.001624472657083231e+01,8.001623558405056258e+01
8.000208506023423638e+01,8.000209193726298906e+01
7.998795466160974854e+01,7.998795625291853639e+01
7.997380908488489126e+01,7.997380872311188682e+01
7.995965989758671810e+01,7.995967301391607407e+01
7.994553171965105776e+01,7.994552242818511445e+01
7.993137396452452492e+01,7.993138227603026280e+01
7.991724421530605582e+01,7.991723841195683065e+01
7.990309963052577302e+01,7.990309461887532905e+01
7.988895835248597166e+01,7.988895729458972994e+01
7.987481035884093217e+01,7.987480895587451357e+01
7.986067202002533350e+01,7.986067308639370310e+01
7.984652244938857280e+01,7.984653181211683659e+01
7.983240418884204814e+01,7.983238729119526056e+01
7.981825029204532029e+01,7.981824147547231973e+01
7.980410964706268828e+01,7.980410299272912766e+01
7.978996770639099623e+01,7.978995892960577407e+01
7.977582365300222023e+01,7.977581544129994029e+01
7.976168557200695375e+01,7.976167351227168467e+01
7.974753691306639780e+01,7.974753087201769119e+01
7.973341264305682330e+01,7.973339136712895936e+01
7.971927594065199685e+01,7.971925093920845029e+01
7.970512440998162162e+01,7.970511047540514937e+01
7.969097343045753234e+01,7.969096544840957108e+01
7.967682060342896477e+01,7.967682619938581468e+01
7.966267616587236944e+01,7.966267715201122712e+01
7.964856071816588212e+01,7.964854223859674676e+01
7.963442134020979779e+01,7.963440005869392735e+01
7.962026077119367073e+01,7.962025230354599614e+01
7.960611770008034682e+01,7.960611131280835195e+01
7.959198060812300923e+01,7.959197176780008931e+01
7.957783228192279523e+01,7.957782659536582059e+01
7.956369390097522398e+01,7.956368792232785836e+01
7.954953884373362882e+01,7.954953829933380405e+01
7.953542275028897279e+01,7.953540275652001412e+01
7.952127064160984560e+01,7.952125447692638716e+01
7.950714145363011198e+01,7.950711907694253000e+01
7.949298381865982321e+01,7.949297143123420994e+01
7.947884182800363817e+01,7.947883147701918460e+01
7.946469707053485365e+01,7.946468625817846032e+01
7.945052700255911304e+01,7.945055162174109853e+01
7.943640029650259748e+01,7.943640883020842125e+01
7.942225811711863059e+01,7.942225994591518656e+01
7.940814493486287517e+01,7.940812541041528050e+01
7.939399124829735399e+01,7.939398307911163499e+01
7.937984685647857930e+01,7.937984152243613778e+01
7.936571028651098914e+01,7.936570162374779613e+01
7.935153650780564760e+01,7.935155496941517583e+01
7.933742461704248683e+01,7.933741786860500156e+01
7.932328639438229345e+01,7.932327418506611139e+01
7.930913664600159052e+01,7.930913025925001136e+01
7.929499538105245904e+01,7.929499359877026166e+01
7.928083679036789988e+01,7.928085097869734454e+01
7.926671134965835108e+01,7.926670507246070940e+01
7.925255994128286829e+01,7.925256414490030465e+01
7.923841783427293706e+01,7.923842410935186820e+01
7.922428502334686584e+01,7.922427471591356607e+01
7.921015009941552876e+01,7.921013683307295139e+01
7.919601571930186878e+01,7.919599403921037606e+01
7.918186890430159508e+01,7.918185102910973683e+01
7.916771813299391169e+01,7.916770849362715978e+01
7.915357095361687811e+01,7.915356680400313394e+01
7.913944420752673636e+01,7.913942157238017217e+01
7.912526617522013339e+01,7.912528523758105337e+01
7.911115112659197735e+01,7.911113655036550085e+01
7.909699141771014297e+01,7.909699713219391981e+01
7.908285997751788443e+01,7.908284847459147215e+01
7.906872163450904623e+01,7.906871137678716366e+01
7.905457047994150344e+01,7.905456307013028550e+01
7.904042236423526901e+01,7.904042717753381453e+01
7.902628833577351486e+01,7.902628072298750794e+01
7.901214741280124088e+01,7.901214640867571859e+01
7.899800666237085522e+01,7.899799586427599252e+01
7.898386445305480663e+01,7.898386265541674334e+01
7.896974082283283281e+01,7.896971430330422947e+01
7.895560845143755557e+01,7.895557787629209656e+01
7.894145398279228232e+01,7.894143466304423384e+01
7.892730972564923775e+01,7.892729300559113881e+01
7.891316482856130676e+01,7.891315184564237484e+01
7.889901955019219315e+01,7.889900625549623214e+01
7.888487786529330492e+01,7.888486104855761027e+01
7.887072864379315718e+01,7.887072158321404913e+01
7.885660051292906303e+01,7.885658428303477763e+01
7.884246536937290273e+01,7.884244183479057710e+01
7.882831023977074381e+01,7.882829858050379812e+01
7.881416560014928052e+01,7.881415092677210055e+01
7.880001314655183364e+01,7.880001473782296273e+01
7.878587635577098069e+01,7.878587494686524906e+01
7.877174554354013480e+01,7.877173568880677124e+01
7.875759289622835979e+01,7.875758505802315312e+01
7.874345774658767994e+01,7.874344161631597672e+01
7.872930657352139860e+01,7.872930332840130063e+01
7.871517014474082430e+01,7.871516111308727659e+01
7.870101887524191397e+01,7.870101887712593225e+01
7.868689135742081930e+01,7.868687276846385714e+01
7.867274304329372114e+01,7.867273210511497439e+01
7.865860191698477877e+01,7.865858635500411822e+01
7.864446013780126066e+01,7.864444178727194412e+01
7.863033493193344725e+01,7.863030417143615125e+01
7.861617317478466305e+01,7.861616523637135856e+01
7.860204363849996412e+01,7.860202311685146981e+01
7.858789171771147153e+01,7.858788073214338965e+01
7.857375731090901638e+01,7.857374530784828437e+01
7.855959350850338296e+01,7.855959782499452615e+01
7.854545172467619807e+01,7.854545226873710817e+01
7.853131656898796109e+01,7.853131361785459319e+01
7.851717774188436749e+01,7.851716917221686742e+01
7.850302619360277845e+01,7.850303103028360852e+01
7.848889693371918952e+01,7.848888897291615763e+01
7.847475192683452860e+01,7.847474635435585810e+01
7.846059234796794613e+01,7.846059834345510353e+01
7.844645453378815603e+01,7.844645764158558165e+01
7.843231275841745287e+01,7.843231752827226444e+01
7.841817365301801601e+01,7.841817804594077757e+01
7.840401998214416324e+01,7.840403306142154349e+01
7.838989072582732831e+01,7.838989036637916286e+01
7.837574000606710456e+01,7.837574683488583105e+01
7.836159407552754885e+01,7.836160979107542346e+01
7.834746196434866761e+01,7.834745756208039325e+01
7.833332958380745481e+01,7.833332793988998333e+01
7.831919525404690319e+01,7.831917695057943263e+01
7.830506039104132299e+01,7.830504359514918633e+01
7.829090634561580941e+01,7.829089275068612608e+01
7.827675112029282900e+01,7.827675396169379951e+01
7.826260969122152744e+01,7.826261113112479961e+01
7.824847280072151534e+01,7.824846866914916177e+01
7.823432014241824106e+01,7.823432644806753444e+01
7.822018553659395934e+01,7.822017996317067912e+01
7.820605094681815217e+01,7.820604036669253389e+01
7.819191478389841166e+01,7.819190070845506568e+01
7.817776804437947646e+01,7.817776140034725074e+01
7.816362118525387359e+01,7.816361137163698913e+01
7.814946466138096071e+01,7.814947316535173627e+01
7.813532500537016290e+01,7.813532493991237970e+01
7.812120922043764892e+01,7.812119019600022796e+01
7.810703898265106204e+01,7.810704153250364357e+01
7.809292217348225051e+01,7.809290240335722899e+01
7.807878655262943823e+01,7.807875755085885316e+01
7.806462830205455816e+01,7.806461751625542433e+01
7.805049869186150602e+01,7.805047916836329591e+01
7.803634696061681097e+01,7.803633565985914800e+01
7.802220121498292826e+01,7.802219234207542797e+01
7.800805695335783696e+01,7.800804480024289944e+01
7.799393298764410076e+01,7.799391565098737544e+01
7.797979407355778392e+01,7.797976902976452607e+01
7.796564787061096524e+01,7.796562366266842048e+01
7.795149321391322417e+01,7.795148314241112075e+01
7.793734877226502533e+01,7.793734485305348869e+01
7.792407325249855887e+01,7.792406196852648748e+01
7.791035445851690611e+01,7.791034246563918941e+01
7.789598203889565298e+01,7.789597977803509821e+01
7.788195981086576580e+01,7.788195358800381030e+01
7.786775791414397929e+01,7.786775265964143955e+01
7.785364722835132056e+01,7.785363987916194617e+01
7.783943515529676915e+01,7.783942854648849163e+01
7.782518818706178365e+01,7.782518470731776006e+01
7.781095965892691879e+01,7.781094836224293942e+01
7.779672757559850993e+01,7.779672302426374131e+01
7.778248356607419112e+01,7.778248720414718775e+01
7.776825070296401066e+01,7.776825213022590333e+01
7.775401718696139142e+01,7.775401790653992862e+01
7.773980438845325125e+01,7.773980176618879057e+01
7.772558762631270213e+01,7.772558486780630460e+01
7.771136851217323738e+01,7.771137393100876523e+01
7.769718362716274385e+01,7.769717597496546091e+01
7.768298908061819930e+01,7.768297835074700686e+01
7.766880915836884469e+01,7.766879781703579511e+01
7.765461626413375029e+01,7.765461693160460754e+01
7.764044514089816573e+01,7.764044251451822731e+01
7.762628915257866424e+01,7.762627578919173743e+01
7.761212324799299722e+01,7.761211410163942048e+01
7.759796494127991195e+01,7.759795863077225420e+01
7.758380055424585464e+01,7.758379767780706970e+01
7.756966362473252730e+01,7.756964413513968282e+01
7.755550948737534611e+01,7.755549013277519066e+01
7.754136624878847783e+01,7.754134324885318108e+01
7.752721879967700147e+01,7.752720201596696370e+01
7.751307163777656228e+01,7.751306183329518262e+01
7.749893166057451310e+01,7.749891587478113308e+01
7.748478651293746111e+01,7.748477623506805401e+01
7.747063767931726375e+01,7.747063205830079369e+01
7.745649975653535080e+01,7.745649422449983490e+01
7.744236899562488929e+01,7.744235276226309850e+01
7.742821585039355625e+01,7.742820994876969110e+01
7.741406632110887642e+01,7.741406798300418757e+01
7.739995112615103778e+01,7.739992850908825517e+01
7.738579632190619861e+01,7.738578171189240607e+01
7.737165971623001326e+01,7.737164844453239709e+01
7.735752204745351435e+01,7.735750426446168149e+01
7.734338442064887431e+01,7.734336651106157490e+01
7.732922465601417628e+01,7.732922249501288547e+01
7.731508600124348618e+01,7.731508082916290903e+01
7.730096393499462692e+01,7.730094563517603490e+01
7.728679919601812287e+01,7.728679807990597794e+01
7.727265886278203766e+01,7.727265276399670313e+01
7.725853512466977691e+01,7.725851403876846746e+01
7.724437906973015799e+01,7.724437461336870570e+01
7.723022993416370241e+01,7.723023604504294326e+01
7.721610996279284223e+01,7.721608885269593259e+01
7.720196378837850659e+01,7.720195196524603887e+01
7.718780210699941335e+01,7.718780917755067605e+01
7.717368021784436394e+01,7.717366337019844025e+01
7.715953211362885611e+01,7.715952878282097060e+01
7.714537657584722297e+01,7.714537731149106037e+01
7.713124986405810546e+01,7.713124475676877978e+01
7.711710485075400356e+01,7.711709521013187896e+01
7.710294900891446446e+01,7.710295139917168683e+01
7.708882750785659255e+01,7.708881018380718331e+01
7.707468455575842370e+01,7.707466852852222416e+01
7.706052559387066481e+01,7.706053194928183814e+01
7.704640241374600862e+01,7.704638685528490782e+01
7.703225780148123647e+01,7.703224145207391871e+01
7.701810471307315709e+01,7.701810246884730304e+01
7.700395618166865574e+01,7.700396341775521591e+01
7.698982475011824533e+01,7.698982121772125709e+01
7.697568206403848023e+01,7.697567300635320464e+01
7.696154154380647583e+01,7.696153604659640735e+01
7.694738763789344205e+01,7.694738916208557100e+01
7.693324276650594129e+01,7.693324861803830572e+01
7.691909726472196951e+01,7.691910869662065409e+01
7.690497072928063460e+01,7.690496479522003881e+01
7.689082182174391278e+01,7.689082072716435334e+01
7.687666870735235136e+01,7.687668250828245675e+01
7.686254381355190901e+01,7.686253510075950146e+01
7.684840359011144528e+01,7.684839880271825052e+01
7.683424879639967742e+01,7.683425694084020563e+01
7.682010780373555292e+01,7.682011033904225883e+01
7.680597702970040075e+01,7.680596594828912771e+01
7.679183212192063479e+01,7.679182639080664785e+01
7.677769413099021278e+01,7.677768834254658259e+01
7.676354819897198922e+01,7.676354430759130310e+01
7.674941248599499488e+01,7.674940225213005363e+01
7.673527664499759737e+01,7.673524928089391040e+01
7.672112521604887547e+01,7.672111312529990812e+01
7.670698332510937689e+01,7.670697268969315985e+01
7.669284531427480545e+01,7.669282693284297636e+01
7.667870402711129429e+01,7.667868748659623179e+01
7.666455147134661274e+01,7.666454326505498784e+01
7.665042334210563979e+01,7.665039992152507864e+01
7.663627681326320840e+01,7.663626276077194177e+01
7.662214339582921241e+01,7.662211517226371882e+01
7.660799252698825512e+01,7.660797351815206468e+01
7.659384764535725765e+01,7.659383251434441320e+01
7.657969812354704686e+01,7.657968631155232231e+01
7.656554602305121193e+01,7.656555176301418442e+01
7.655142546070482013e+01,7.655140869857385155e+01
7.653726833050382083e+01,7.653726420409874720e+01
7.652313986015313674e+01,7.652312237111868853e+01
7.650898119931655117e+01,7.650898435691603083e+01
7.649485144477586118e+01,7.649484352144361310e+01
7.648070261399493575e+01,7.648070273562798604e+01
7.646656757596392140e+01,7.646655708593958423e+01
7.645241935865838911e+01,7.645241741099249566e+01
7.643829154508402723e+01,7.643827331914062029e+01
7.642413803185814913e+01,7.642412905293512893e+01
7.640999475108347383e+01,7.640998630859725438e+01
7.639584396008724809e+01,7.639584897258691853e+01
7.638171332729218932e+01,7.638171339088601997e+01
7.636756862913409805e+01,7.636756096726702481e+01
7.635342609507952716e+01,7.635342023789674215e+01
7.633927724572249929e+01,7.633928057122199107e+01
7.632512799927535241e+01,7.632513580895543726e+01
7.631098898558911969e+01,7.631099187453482102e+01
7.629685264469739536e+01,7.629684903379134653e+01
7.628271209083048632e+01,7.628271226051919029e+01
7.626857421617556554e+01,7.626857600859196396e+01
7.625441870250629961e+01,7.625442906535944587e+01
7.624028854915884779e+01,7.624028330053310754e+01
7.622615419571701523e+01,7.622614430451073986e+01
7.621201826307121507e+01,7.621200526056485103e+01
7.619786893064453182e+01,7.619785573640599807e+01
7.618373571160030622e+01,7.618372384058135083e+01
7.616958510807445748e+01,7.616957555677093694e+01
7.615545111735798400e+01,7.615543395250064407e+01
7.614128716818969167e+01,7.614129115589739172e+01
7.612714881667994860e+01,7.612714562810616314e+01
7.611302115787880496e+01,7.611301166292905407e+01
7.609886097908415081e+01,7.609886053622047086e+01
7.608472896605536562e+01,7.608472276744595320e+01
7.607058168733553316e+01,7.607057343919728964e+01
7.605644814932340125e+01,7.605644283980407749e+01
7.604229297186522274e+01,7.604229441135758805e+01
7.602816857854878663e+01,7.602815398344429809e+01
7.601403149343619248e+01,7.601400823068362911e+01
7.599987508837418204e+01,7.599986755833455732e+01
7.598573223165685420e+01,7.598572818679201646e+01
7.597157928734469579e+01,7.597157789854504983e+01
7.595746019463078369e+01,7.595744144157363564e+01
7.594330478709771626e+01,7.594329766234392309e+01
7.592916055250046270e+01,7.592915559675546433e+01
7.591501804600078174e+01,7.591501384381064099e+01
7.590087702412606063e+01,7.590086798041512850e+01
7.588673868161340863e+01,7.588672240834073079e+01
7.587260345789567850e+01,7.587258907255079521e+01
7.585846051298754844e+01,7.585844505656415038e+01
7.584432355590131181e+01,7.584430145901930587e+01
7.583017934097071588e+01,7.583015868472328691e+01
7.581601580260682738e+01,7.581602080018204504e+01
7.580188448935153644e+01,7.580187981900617444e+01
7.578773647746615438e+01,7.578772771873325098e+01
7.577360127554125313e+01,7.577359344261006413e+01
7.575945148360349890e+01,7.575945385743683858e+01
7.574530461735055553e+01,7.574530920885801777e+01
7.573117860893142961e+01,7.573117219885226348e+01
7.571702739844059238e+01,7.571702307049241654e+01
7.570288973056723592e+01,7.570287557903226627e+01
7.568875449061602012e+01,7.568873384403167393e+01
7.567458456242052023e+01,7.567459182230497561e+01
7.566046010214067508e+01,7.566044705679286153e+01
7.564632813555404312e+01,7.564630804520183460e+01
7.563217046950087763e+01,7.563216843142737389e+01
7.561804834237199202e+01,7.561802572832942815e+01
7.560389933604847101e+01,7.560388746911945645e+01
7.558975086872816007e+01,7.558974524295517483e+01
7.557562706456002388e+01,7.557559903435605975e+01
7.556147402217651177e+01,7.556145669882489813e+01
7.554732363326469624e+01,7.554731632293341193e+01
7.553316718100590776e+01,7.553317074249157770e+01
7.551902333690280500e+01,7.551902556438631109e+01
7.550489065113221443e+01,7.550488288305714946e+01
7.549075403129445760e+01,7.549073993772813651e+01
7.547662314146954543e+01,7.547660328603701885e+01
7.546246774910318322e+01,7.546246135553676027e+01
7.544830959007290971e+01,7.544832453853840093e+01
7.543418577834052030e+01,7.543417968895779779e+01
7.542005351305577676e+01,7.542004057893134927e+01
7.540589911744152118e+01,7.540589531917009936e+01
7.539177314813548492e+01,7.539175802233938839e+01
7.537762622714943461e+01,7.537760884029866304e+01
7.536348029508292257e+01,7.536347759494036325e+01
7.534933847067185297e+01,7.534933567308384283e+01
7.533517851115014707e+01,7.533519350085039434e+01
7.532103990541907024e+01,7.532104790541592365e+01
7.530690040548533659e+01,7.530690849919068341e+01
7.529276383387346527e+01,7.529276369215297393e+01
7.527863748611603967e+01,7.527862014655998735e+01
7.526449064938668698e+01,7.526447735612336487e+01
7.525035191598385609e+01,7.525033998218975739e+01
7.523618797229100608e+01,7.523619098061695354e+01
7.522205315853776142e+01,7.522205594206563717e+01
7.520790731835010945e+01,7.520790936376648972e+01
7.519378589226057841e+01,7.519376494474924755e+01
7.517964940103570370e+01,7.517962617603757280e+01
7.516550164723700789e+01,7.516548180149116831e+01
7.515136387673157969e+01,7.515134449813214701e+01
7.513721934144878389e+01,7.513719598970884306e+01
7.512307794198964928e+01,7.512305947162371922e+01
7.510891367997287205e+01,7.510891178293078951e+01
7.509477359753387304e+01,7.509477148981794414e+01
7.508062650901334223e+01,7.508062557387439995e+01
7.506649365628321391e+01,7.506648681737374318e+01
7.505237224519679273e+01,7.505234331427143957e+01
7.503819793175196651e+01,7.503820397849526103e+01
7.502406364664024352e+01,7.502405626627400181e+01
7.500992824216724841e+01,7.500992010027299273e+01
7.499577520691960331e+01,7.499577209488865037e+01
7.498164727902519644e+01,7.498163223622097462e+01
7.496750027561732566e+01,7.496749236214601808e+01
7.495334956820607886e+01,7.495334687328605128e+01
7.493920483940942745e+01,7.493920244085090587e+01
7.492507436037195134e+01,7.492506494260497618e+01
7.491092599883630498e+01,7.491092186994832502e+01
7.489677604374152509e+01,7.489677939769723025e+01
7.488265215804210584e+01,7.488264497445584311e+01
7.486850236210747767e+01,7.486849202811198722e+01
7.485436208136350444e+01,7.485435765369216199e+01
7.484020744840682937e+01,7.484021231076388858e+01
7.482608125115586972e+01,7.482607443921428114e+01
7.481192299238568921e+01,7.481193011677744664e+01
7.479779174055964575e+01,7.479778223673339710e+01
7.478365725838779099e+01,7.478364021552383178e+01
7.476950251146521964e+01,7.476950344815537619e+01
7.475535280469627253e+01,7.475535677838475124e+01
7.474123129748801375e+01,7.474122338343460115e+01
7.472706968552397200e+01,7.472707150941894838e+01
7.471294311086339235e+01,7.471292809762685749e+01
7.469879061649541541e+01,7.469878983128857897e+01
7.468464103436586754e+01,7.468464615999779710e+01
7.467051019647945509e+01,7.467050438738154128e+01
7.465636004499366152e+01,7.465636795497630374e+01
7.464222462162936722e+01,7.464222775595217740e+01
7.462807272073371223e+01,7.462808121449435816e+01
7.461393366814571948e+01,7.461394191674962428e+01
7.459978048937749406e+01,7.459979661377343518e+01
7.458565126668864309e+01,7.458565395951259802e+01
7.457150532936407217e+01,7.457151054096154041e+01
7.455737388942793586e+01,7.455736858966253067e+01
7.454323188034447867e+01,7.454322680978694393e+01
7.452908923852483269e+01,7.452908600019769381e+01
7.451493082759338904e+01,7.451494485249942556e+01
7.450080132334630889e+01,7.450080034902504167e+01
7.448666669645193394e+01,7.448666161215766124e+01
7.447252149510711661e+01,7.447252338873346389e+01
7.445839884226745653e+01,7.445837559076171885e+01
7.444424599436428025e+01,7.444423260935843700e+01
7.443011330334238096e+01,7.443009108995937595e+01
7.441595941347020471e+01,7.441594400367202411e+01
7.440181552685746169e+01,7.440180374950689668e+01
7.438767502776897800e+01,7.438766943400376874e+01
7.437352797820319950e+01,7.437351927601736179e+01
7.435938643740394127e+01,7.435938085541792475e+01
7.434522959543673437e+01,7.434523164540182449e+01
7.433109103887058211e+01,7.433109490060354574e+01
7.431696602350078251e+01,7.431695964478423377e+01
7.430282005446909466e+01,7.430281257122464922e+01
7.428866043068322256e+01,7.428867107391576496e+01
7.427451978956409562e+01,7.427452612074350213e+01
7.426038277119280906e+01,7.426038176206691332e+01
7.424626309370850663e+01,7.424625013321987410e+01
7.423209904067657305e+01,7.423209998711357116e+01
7.421796436931859375e+01,7.421795792317990959e+01
7.420382906568957537e+01,7.420381636859936236e+01
7.418969335151153643e+01,7.418967020143686852e+01
7.417554567358575923e+01,7.417553483599283481e+01
7.416139781788393748e+01,7.416138928602953229e+01
7.414724577777671755e+01,7.414724991523038966e+01
7.413311604047534331e+01,7.413310652696985414e+01
7.411896627088285072e+01,7.411896283743310221e+01
7.410481352105050235e+01,7.410481932554849038e+01
7.409066342369942504e+01,7.409067729865326157e+01
7.407653114096382296e+01,7.407653651044289234e+01
7.406241240557498884e+01,7.406239686548707368e+01
7.404826820806917453e+01,7.404825146523405976e+01
7.403411226404969625e+01,7.403411139563844756e+01
7.401997340587540464e+01,7.401996743183421756e+01
7.400583227415411613e+01,7.400583008935153373e+01
7.399168575705566298e+01,7.399168159942639988e+01
7.397754263861871493e+01,7.397753939502163689e+01
7.396340313932972776e+01,7.396339812458727181e+01
7.394925968900017210e+01,7.394925769188371589e+01
7.393512576593590779e+01,7.393511263714977133e+01
7.392097348276223556e+01,7.392097295056314010e+01
7.390683593250696504e+01,7.390682868422038609e+01
7.389269347659860898e+01,7.389268540649857187e+01
7.387855111302376088e+01,7.387854852039411924e+01
7.386441825939375860e+01,7.386440711090696709e+01
7.385027604378829835e+01,7.385025988644038364e+01
7.383611259567094010e+01,7.383611825923885874e+01
7.382198423983824398e+01,7.382197344667000038e+01
7.380785287539666228e+01,7.380784041182486988e+01
7.379369627095984185e+01,7.379369571393827698e+01
7.377957996483887371e+01,7.377955873959402311e+01
7.376541997550819474e+01,7.376540950461175328e+01
7.375129504803210523e+01,7.375126821696038348e+01
7.373714419727578218e+01,7.373713209759085885e+01
7.372300735309094932e+01,7.372298597785288621e+01
7.370885545735052347e+01,7.370884553156342633e+01
7.369470741692242655e+01,7.369470033972466183e+01
7.368056843230240816e+01,7.368056211302284453e+01
7.366644844392092750e+01,7.366641950391772298e+01
7.365229188414967609e+01,7.365227587442022639e+01
7.363813703448305148e+01,7.363813314151829559e+01
7.362399030907967301e+01,7.362398621658144293e+01
7.360984271562779213e+01,7.360984507458343273e+01
7.359569779601156370e+01,7.359570462139886615e+01
7.358157187015233092e+01,7.358156030076672494e+01
7.356744742624579203e+01,7.356742267349457620e+01
7.355330177736109931e+01,7.355327888013626136e+01
7.353914035819934725e+01,7.353913495238056441e+01
7.352498660308663148e+01,7.352499784637096525e+01
7.351085440742599530e+01,7.351085151251251659e+01
7.349671047840530491e+01,7.349671081253788429e+01
7.348256496171333652e+01,7.348257031512000026e+01
7.346842425361141693e+01,7.346842543674233639e+01
7.345427841464892538e+01,7.345428683190480967e+01
7.344015488607293207e+01,7.344014362156721631e+01
7.342599735522169624e+01,7.342599439788972404e+01
7.341185813868455057e+01,7.341185800287385632e+01
7.339773270055188448e+01,7.339771734825968963e+01
7.338357303859751823e+01,7.338357544707713487e+01
7.336943259977481091e+01,7.336942405359715735e+01
7.335529106111660269e+01,7.335528486414303018e+01
7.334200886723883173e+01,7.334201017132293998e+01
7.332828727514420564e+01,7.332828221652999900e+01
7.331392544336326011e+01,7.331392366895228463e+01
7.329990355110281541e+01,7.329989489024460170e+01
7.328571533120420156e+01,7.328569999928738810e+01
7.327159290330355645e+01,7.327158538247311981e+01
7.325737518003558080e+01,7.325737488383619223e+01
7.324316328988305713e+01,7.324313373726769782e+01
7.322891128348732082e+01,7.322889710311434897e+01
7.321468113244017673e+01,7.321466694159137489e+01
7.320043137484771023e+01,7.320042578542673084e+01
7.318621933885867747e+01,7.318619846674603480e+01
7.317197893979562195e+01,7.317196462918408884e+01
7.315773587077998741e+01,7.315773564396316431e+01
7.314353594787665713e+01,7.314352632835630175e+01
7.312933825544658362e+01,7.312931688530547092e+01
7.311511750136590138e+01,7.311512314040381000e+01
7.310092426426336942e+01,7.310092533661128300e+01
7.308675787586230399e+01,7.308674033904537737e+01
7.307256631513818945e+01,7.307256463184985762e+01
7.305840182668416105e+01,7.305839668116827568e+01
7.304423360739843929e+01,7.304422337363058659e+01
7.303008468173113954e+01,7.303006192657723261e+01
7.301590983685673564e+01,7.301590521342315299e+01
7.300175375760248642e+01,7.300175029469596666e+01
7.298760557715594643e+01,7.298759564704458569e+01
7.297345419504652853e+01,7.297344714545037903e+01
7.295930217928145112e+01,7.295929898161102756e+01
7.294515474227888774e+01,7.294515216403279112e+01
7.293101210156532943e+01,7.293101135217655440e+01
7.291686437218838535e+01,7.291686489552242278e+01
7.290273796944687490e+01,7.290271504655815704e+01
7.288858755235233389e+01,7.288858168029901208e+01
7.287444313156090914e+01,7.287443781483790417e+01
7.286030351033872421e+01,7.286030012980162951e+01
7.284617766412659989e+01,7.284615794870931893e+01
7.283203111538452390e+01,7.283202151322332440e+01
7.281786475623898980e+01,7.281787927246629977e+01
7.280375097891875669e+01,7.280373445654684872e+01
7.278960840495658147e+01,7.278959449971719664e+01
7.277547063605516087e+01,7.277545050166642682e+01
7.276131026483818687e+01,7.276131125610801575e+01
7.274717123050125167e+01,7.274716839470022478e+01
7.273303487386482402e+01,7.273302582116565418e+01
7.271889222612053061e+01,7.271888422210504643e+01
7.270475460419930869e+01,7.270474313109215814e+01
7.269062155913947265e+01,7.269060349261758347e+01
7.267647179112914557e+01,7.267646298829026819e+01
7.266233770412961235e+01,7.266231898657501631e+01
7.264818666032964245e+01,7.264817995415532437e+01
7.263404042989277798e+01,7.263403694709991498e+01
7.261989334698381526e+01,7.261989972247843639e+01
7.260576002980049282e+01,7.260575827927695514e+01
7.259161190194033964e+01,7.259161686298260463e+01
7.257747731457467921e+01,7.257747689698126692e+01
7.256333688713044694e+01,7.256332610771553959e+01
7.254918684870042966e+01,7.254918678731188209e+01
7.253504471504362527e+01,7.253504830898877742e+01
7.252091656839496636e+01,7.252090034341544822e+01
7.250677316768192782e+01,7.250676340327038361e+01
7.249261825121094205e+01,7.249262642519286715e+01
7.247848489187067855e+01,7.247848044076060603e+01
7.246436252955848545e+01,7.246434057479824276e+01
7.245020614859390662e+01,7.245019475815982446e+01
7.243606023207122746e+01,7.243604432221211198e+01
7.242193574720631943e+01,7.242191234603744476e+01
7.240777436922130050e+01,7.240776300983021940e+01
7.239363464717661145e+01,7.239362611888456911e+01
7.237950891540918974e+01,7.237947928451710311e+01
7.236535726871461804e+01,7.236533749057261389e+01
7.235120999290481336e+01,7.235120300121769787e+01
7.233705963444144516e+01,7.233705722592137022e+01
7.232293114616459206e+01,7.232291867481409042e+01
7.230877175371504961e+01,7.230876839943938705e+01
7.229465075272931074e+01,7.229462615501428502e+01
7.228050595735217598e+01,7.228049466152627645e+01
7.226634466098303733e+01,7.226634626027318120e+01
7.225221343906525817e+01,7.225220006693734831e+01
7.223808447022057067e+01,7.223805454519178681e+01
7.222392670488333977e+01,7.222391402720344900e+01
7.220979646719109724e+01,7.220976998449648931e+01
7.219565706024741303e+01,7.219562630302878858e+01
7.218149738868072518e+01,7.218148771389482476e+01
7.216735438203227204e+01,7.216734467553604304e+01
7.215321052248853562e+01,7.215320833379823284e+01
7.213906879898235047e+01,7.213906171580457283e+01
7.212492889904147830e+01,7.212492722680849511e+01
7.211077502790791982e+01,7.211078126442943415e+01
7.209663994193611813e+01,7.209663678782169427e+01
7.208249836078759643e+01,7.208249873794983387e+01
7.206835444035033333e+01,7.206835492731310921e+01
7.205422599815818785e+01,7.205421271224722091e+01
7.204007418371337224e+01,7.204007093917962834e+01
7.202593337953004493e+01,7.202593505116726647e+01
7.201178906371305288e+01,7.201178913602794296e+01
7.199767269643066925e+01,7.199763924474891041e+01
7.198349638823027874e+01,7.198350390012447519e+01
7.196936435650876263e+01,7.196936033926567688e+01
7.195521749902441400e+01,7.195521714895295418e+01
7.194108186764391633e+01,7.194107463380085221e+01
7.192694538573623220e+01,7.192693835206536335e+01
7.191278808903020092e+01,7.191279677789570712e+01
7.189867349942971941e+01,7.189865167194813012e+01
7.188450929073815132e+01,7.188451125085182980e+01
7.187037070661394011e+01,7.187036648275945083e+01
7.185623127246026343e+01,7.185622817860449629e+01
7.184208811052629073e+01,7.184208494272210999e+01
7.182793674582693200e+01,7.182794169275632612e+01
7.181380961122692952e+01,7.181379536786644735e+01
7.179966765260746797e+01,7.179965922993061156e+01
7.178553656076752532e+01,7.178550837476083757e+01
7.177137914806327501e+01,7.177137324295792098e+01
7.175724969441982637e+01,7.175722404162533508e+01
7.174310850389517213e+01,7.174309063236465533e+01
7.172895505724052612e+01,7.172894172030166260e+01
7.171481826622562039e+01,7.171479906861188169e+01
7.170067497940377166e+01,7.170066289313679420e+01
7.168653713362483870e+01,7.168651594015128126e+01
7.167238424767543847e+01,7.167237508665337486e+01
7.165825346985118927e+01,7.165823548971998491e+01
7.164409622377958442e+01,7.164409062462416955e+01
7.162995915349000597e+01,7.162994623813978023e+01
7.161580664453043710e+01,7.161580823606634283e+01
7.160168462565542313e+01,7.160166107137162328e+01
7.158752562020416121e+01,7.158752389923746762e+01
7.157338793635040020e+01,7.157338306581210929e+01
7.155923663489414821e+01,7.155923613430593377e+01
7.154510954778540111e+01,7.154509694267025566e+01
7.153097017509558952e+01,7.153095266621792803e+01
7.151680821954781209e+01,7.151681308036853579e+01
7.150267380297825071e+01,7.150267023598797778e+01
7.148854439413362627e+01,7.148852799613680986e+01
7.147438830634355611e+01,7.147438587633955365e+01
7.146026618262268926e+01,7.146024515294205059e+01
7.144610127148230561e+01,7.144610349510357139e+01
7.143196389746242403e+01,7.143195840030041666e+01
7.141782822548883303e+01,7.141781408342403381e+01
7.140367829870928063e+01,7.140368048697692416e+01
7.138953924545079133e+01,7.138953173319467282e+01
7.137540265941873940e+01,7.137538910299437589e+01
7.136125336619033988e+01,7.136125260678379334e+01
7.134711241615811161e+01,7.134710590823168275e+01
7.133297938060638899e+01,7.133296020866008291e+01
7.131883673636112064e+01,7.131882584845776307e+01
7.130470243528115759e+01,7.130468163189321729e+01
7.129055895098373696e+01,7.129053760885393842e+01
7.127641483616771723e+01,7.127639404244428079e+01
7.126226776195517232e+01,7.126225124939314526e+01
7.124813071619200855e+01,7.124811508061888787e+01
7.123399346222049644e+01,7.123396862383060579e+01
7.122071219838100831e+01,7.122069664831842317e+01
7.120697451710395853e+01,7.120696916749875527e+01
7.119260443469747202e+01,7.119260928332974458e+01
7.117859804075308716e+01,7.117858438118203424e+01
7.116438789447968816e+01,7.116437647884444573e+01
7.115028373515143301e+01,7.115026586555509880e+01
7.113605019622711723e+01,7.113605321902649337e+01
7.112182714635605407e+01,7.112182159472123999e+01
7.110759609574722617e+01,7.110758449165513184e+01
7.109336400638080988e+01,7.109334777797489835e+01
7.107911397230759576e+01,7.107911714575296003e+01
7.106488877357733713e+01,7.106487685160813328e+01
7.105065786541214834e+01,7.105064765274755700e+01
7.103644553535990269e+01,7.103642510889909545e+01
7.102221000847612231e+01,7.102221262791884726e+01
7.100799636666792480e+01,7.100800674106577048e+01
7.099381337009914716e+01,7.099380221370873301e+01
7.097960950677268954e+01,7.097960823722640100e+01
7.096543587078527082e+01,7.096542687354104828e+01
7.095124509483335373e+01,7.095124462967032741e+01
7.093708475926038659e+01,7.093706957162993376e+01
7.092290918984784298e+01,7.092290531632218631e+01
7.090875008851558903e+01,7.090874207833844878e+01
7.089458683541788275e+01,7.089458512247183819e+01
7.088043833018693363e+01,7.088042270903906683e+01
7.086714094167585642e+01,7.086713926952947418e+01
7.085341905742801316e+01,7.085340796373465366e+01
7.083904521973924773e+01,7.083904414888024803e+01
7.082501078336150613e+01,7.082501313374480389e+01
7.081082502487839747e+01,7.081081267245458832e+01
7.079670884343920534e+01,7.079669691149324251e+01
7.078248006127525116e+01,7.078248545985336193e+01
7.076824253079203686e+01,7.076824834066933079e+01
7.075400766496834137e+01,7.075401179789975004e+01
7.073979138490979324e+01,7.073978195990936513e+01
7.072554085201063856e+01,7.072555190204018061e+01
7.071131786190198909e+01,7.071131793376461872e+01
7.069709986888263131e+01,7.069708463421501676e+01
7.068287790194754905e+01,7.068286814526564399e+01
7.066867280102199800e+01,7.066865194815214579e+01
7.065445538161152683e+01,7.065444659843758757e+01
7.064025442706041247e+01,7.064024248755083590e+01
7.062606409617343672e+01,7.062605509301717177e+01
7.061187583658721678e+01,7.061187355996621307e+01
7.059770637586515818e+01,7.059769335490128128e+01
7.058354561728106091e+01,7.058351879947224461e+01
7.056936652431055279e+01,7.056934956045802210e+01
7.055519845864888850e+01,7.055518657247709768e+01
7.054103267600979166e+01,7.054102425308769853e+01
7.052688025261804228e+01,7.052686804467019499e+01
7.051273202711891486e+01,7.051272429879135473e+01
7.049858357902986938e+01,7.049856952685271949e+01
7.048442109790650534e+01,7.048441999958026827e+01
7.047028496199546055e+01,7.047028378285872918e+01
7.045612977234054597e+01,7.045613541320824424e+01
7.044199549796584847e+01,7.044199518613461919e+01
7.042782485996056607e+01,7.042784780466027428e+01
7.041370351287243068e+01,7.041370899496334346e+01
7.039955415370020830e+01,7.039956921877883644e+01
7.038541523807388955e+01,7.038542536915313974e+01
7.037127238155186149e+01,7.037128220218139063e+01
7.035714387282318683e+01,7.035714523141361099e+01
7.034300306623309496e+01,7.034300332791760013e+01
7.032887018238439225e+01,7.032886246654106799e+01
7.031472811839975634e+01,7.031472194182302360e+01
7.030057454289732277e+01,7.030058137192035872e+01
7.028643977336331261e+01,7.028644257865350653e+01
7.027229601436170014e+01,7.027229833891910005e+01
7.025817941093603736e+01,7.025816193622836181e+01
7.024401788566385108e+01,7.024401849492276995e+01
7.022989518078892957e+01,7.022987157765747668e+01
7.021574306935463028e+01,7.021573583140096275e+01
7.020159403886319183e+01,7.020158929529397085e+01
7.018746592922028071e+01,7.018745037389281549e+01
7.017330980685267150e+01,7.017331055201718470e+01
7.015918395184141332e+01,7.015916713050508235e+01
7.014502656808615200e+01,7.014502879794562773e+01
7.013088546271745827e+01,7.013088088603771553e+01
7.011673769815089940e+01,7.011674436747662753e+01
7.010259301303575796e+01,7.010259729133062478e+01
7.008846188019550993e+01,7.008845162305898668e+01
7.007431222151215877e+01,7.007431727724998893e+01
7.006018528180091209e+01,7.006016769095222685e+01
7.004602037511787671e+01,7.004602880367085049e+01
7.003188652556890759e+01,7.003189108142228747e+01
7.001774330520895262e+01,7.001774865330861530e+01
7.000359440304943348e+01,7.000360090704784000e+01
6.998946411173348281e+01,6.998946035094263607e+01
6.997532231392078472e+01,6.997531976272034626e+01
6.996117676930437312e+01,6.996117454553497339e+01
6.994703895820116202e+01,6.994703579514070668e+01
6.993289797852064282e+01,6.993288649677745639e+01
6.991877289725505307e+01,6.991875509274284184e+01
6.990460308071685347e+01,6.990461113553193684e+01
6.989047713623530456e+01,6.989047009188823267e+01
6.987633656831708606e+01,6.987632364519578232e+01
6.986218681201624747e+01,6.986217765181582706e+01
6.984803722646158519e+01,6.984803712470602477e+01
6.983389476955730402e+01,6.983389274415124248e+01
6.981975479975798748e+01,6.981975436585410932e+01
6.980562546683397329e+01,6.980560625659897767e+01
6.979147005084149669e+01,6.979146865085988338e+01
6.977734782407705438e+01,6.977732786521421815e+01
6.976316627516406754e+01,6.976318511915773968e+01
6.974906242413753432e+01,6.974904101050235283e+01
6.973490799332513745e+01,6.973490056475145593e+01
6.972076906061937507e+01,6.972076181192582567e+01
6.970663301004769608e+01,6.970661805007615897e+01
6.969249281285199515e+01,6.969248089635861731e+01
6.967834150721265019e+01,6.967833248363112375e+01
6.966421192835258580e+01,6.966419672148359155e+01
6.965005079811513156e+01,6.965004927417817271e+01
6.963591684761651379e+01,6.963590946889088684e+01
6.962177995322679180e+01,6.962176987357005942e+01
6.960762549481887618e+01,6.960762501425502080e+01
6.959347877856616549e+01,6.959348656094373098e+01
6.957934812931215163e+01,6.957934382012410879e+01
6.956519822882249571e+01,6.956519525467835763e+01
6.955106925710080645e+01,6.955105450590021121e+01
6.953691145893888859e+01,6.953691834103234726e+01
6.952277054559441183e+01,6.952277243564650178e+01
6.950864319526391455e+01,6.950862759374329869e+01
6.949447827076930650e+01,6.949448240635538809e+01
6.948034946705347181e+01,6.948034458976432859e+01
6.946621691594380366e+01,6.946620221061485267e+01
6.945206197740661480e+01,6.945205915366686611e+01
6.943792797130900851e+01,6.943792362311866384e+01
6.942378284815694656e+01,6.942377706722442099e+01
6.940962291138880857e+01,6.940963037893233434e+01
6.939547382993414715e+01,6.939549607907621009e+01
6.938136044489780829e+01,6.938135289008722850e+01
6.936718774256634390e+01,6.936720790801066983e+01
6.935305891691044167e+01,6.935306550916872936e+01
6.933893277119889831e+01,6.933892368441649978e+01
6.932476654782026060e+01,6.932478658397825200e+01
6.931062534212566106e+01,6.931063471064732084e+01
6.929650799269244033e+01,6.929650107313761964e+01
6.928235971238905222e+01,6.928235603274971766e+01
6.926820555126889190e+01,6.926821076789323683e+01
6.925406163522463032e+01,6.925406718204625633e+01
6.923992565749939843e+01,6.923992440223645417e+01
6.922579761400974974e+01,6.922578276730352798e+01
6.921164950112100200e+01,6.921164071864642153e+01
6.919750832442426258e+01,6.919750005798159975e+01
6.918337002372314259e+01,6.918335444747860663e+01
6.916923070900222115e+01,6.916922058461980782e+01
6.915509134323575324e+01,6.915507076663593011e+01
6.914094533720950153e+01,6.914093272958817238e+01
6.912679364048580055e+01,6.912678916970619980e+01
6.911266076703903138e+01,6.911264712662750753e+01
6.909851306946194427e+01,6.909850546017464978e+01
6.908437036236502138e+01,6.908436466976186807e+01
6.907022491536172026e+01,6.907021846246571783e+01
6.905607320894452528e+01,6.905607314520253226e+01
6.904193699832707409e+01,6.904194018944465938e+01
6.902780072707736281e+01,6.902779121403054319e+01
6.901366364105427920e+01,6.901364840682386159e+01
6.899950923370899147e+01,6.899951138430348863e+01
6.898537945766145185e+01,6.898537041212802023e+01
6.897122629206621980e+01,6.897122930890698456e+01
6.895707038221485163e+01,6.895708301514744676e+01
6.894292821699218621e+01,6.894293246278138554e+01
6.892881537120292990e+01,6.892879511309186569e+01
6.891465738571469046e+01,6.891465647557544116e+01
6.890051314925027270e+01,6.890051323943943373e+01
6.888639860704422802e+01,6.888637260020462350e+01
6.887223643156781350e+01,6.887223545080313158e+01
6.885808718641317228e+01,6.885808915513034378e+01
6.884395988359101182e+01,6.884394960158130061e+01
6.882981795426410088e+01,6.882980491607654017e+01
6.881567870766799899e+01,6.881566052051540794e+01
6.880152133237761802e+01,6.880151680382421375e+01
6.878738082637083551e+01,6.878737384256679377e+01
6.877323950604044001e+01,6.877323710236160537e+01
6.875910300352350646e+01,6.875909626222093607e+01
6.874494642558241253e+01,6.874495484881822449e+01
6.873082304493881622e+01,6.873081010082475473e+01
6.871668797315524557e+01,6.871667070595771065e+01
6.870253495392317689e+01,6.870252651233465713e+01
6.868838443689317330e+01,6.868838820416266344e+01
6.867425016180725095e+01,6.867424018148804521e+01
6.866009626599840487e+01,6.866009748290277059e+01
6.864595511549592288e+01,6.864595076957513697e+01
6.863181065401740000e+01,6.863181572874778169e+01
6.861766806022008325e+01,6.861767580702282032e+01
6.860353690914055846e+01,6.860353127654539662e+01
6.859025708513527775e+01,6.859025355369414001e+01
6.857654196283242243e+01,6.857653090779677996e+01
6.856218496207884527e+01,6.856217001665417854e+01
6.854812944897649629e+01,6.854813860737752407e+01
6.853393331386752152e+01,6.853393879272229583e+01
6.851982037474687104e+01,6.851983021521395756e+01
6.850561200597296363e+01,6.850561570453947979e+01
6.849136965596602522e+01,6.849137485074021470e+01
6.847715136292043780e+01,6.847714666347674495e+01
6.846291281360386449e+01,6.846291288730307656e+01
6.844866016543298315e+01,6.844866826881391830e+01
6.843446549614751007e+01,6.843444818348764613e+01
6.842021453127996722e+01,6.842020476626872494e+01
6.840600439821196233e+01,6.840598532049367009e+01
6.839175188483791601e+01,6.839176938535516115e+01
6.837755495810164064e+01,6.837756126001944779e+01
6.836337416614084361e+01,6.836336501170002578e+01
6.834917063200647647e+01,6.834916817294369196e+01
6.833501392399132612e+01,6.833498437594775510e+01
6.832082045785152502e+01,6.832080421979152618e+01
6.830661494327085848e+01,6.830663002686311813e+01
6.829246713131190916e+01,6.829246949163561453e+01
6.827830008253940264e+01,6.827830256688135080e+01
6.826415516080628265e+01,6.826413694012408939e+01
6.825086755599564015e+01,6.825085366802569808e+01
6.823711036041459010e+01,6.823711892099503018e+01
6.822277245266418788e+01,6.822275430243105632e+01
6.820872846100516540e+01,6.820871817777313595e+01
6.819452651549123345e+01,6.819451337055960494e+01
6.818039449277834763e+01,6.818040401774996440e+01
6.816620566148645821e+01,6.816619617404855092e+01
6.815195414799443085e+01,6.815195014515644800e+01
6.813773296739724117e+01,6.813771685293949076e+01
6.812350866994199805e+01,6.812348885952376065e+01
6.810925276491110480e+01,6.810924993140625361e+01
6.809502737917205195e+01,6.809501804557197602e+01
6.808078468418635509e+01,6.808079140246547922e+01
6.806657167985949286e+01,6.806656644692048985e+01
6.805235850593159341e+01,6.805235788949578080e+01
6.803814435190913912e+01,6.803814948539786656e+01
6.802393038566324890e+01,6.802394642109395306e+01
6.800975451572062980e+01,6.800975078705603494e+01
6.799556936886878589e+01,6.799557704728462681e+01
6.798140671566760318e+01,6.798139338536792309e+01
6.796721800625881826e+01,6.796721947231260685e+01
6.795392751529489317e+01,6.795392322148363462e+01
6.794018996810828526e+01,6.794017102646047590e+01
6.792581122566848251e+01,6.792579282283564623e+01
6.791177765373294051e+01,6.791175010831950942e+01
6.789756930710595384e+01,6.789754359958820373e+01
6.788343014249166174e+01,6.788342707088848726e+01
6.786922320042307888e+01,6.786921156046133774e+01
6.785498783128912237e+01,6.785496987445419848e+01
6.784073516228555434e+01,6.784073339031537841e+01
6.782650691739735294e+01,6.782649831315667655e+01
6.781226403624836507e+01,6.781225821420829902e+01
6.779803748718822476e+01,6.779802456776145902e+01
6.778381573931268633e+01,6.778379715445575471e+01
6.776959614190826642e+01,6.776957540953092973e+01
6.775536551735879698e+01,6.775535876869481910e+01
6.774116966801614126e+01,6.774116014125040408e+01
6.772697106363399655e+01,6.772695604974342132e+01
6.771278301298693236e+01,6.771276358190736744e+01
6.769856872655442714e+01,6.769858684492261602e+01
6.768441566521897812e+01,6.768440740250925103e+01
6.767022916198698113e+01,6.767023186903763587e+01
6.765609495710315002e+01,6.765606412376584444e+01
6.764192050710776982e+01,6.764190648761572788e+01
6.762774330592496597e+01,6.762774350162287362e+01
6.761358457377180287e+01,6.761359277260596912e+01
6.759943728470079805e+01,6.759943708526958517e+01
6.758531077132852261e+01,6.758529424279340958e+01
6.757116519969616775e+01,6.757113991628853000e+01
6.755700148382837256e+01,6.755699644073679622e+01
6.754287375750550382e+01,6.754285511724017965e+01
6.752870318089007640e+01,6.752871279676945449e+01
6.751457786988507337e+01,6.751456154046216795e+01
6.750044809151776803e+01,6.750042764562186903e+01
6.748628753082596177e+01,6.748628710021316124e+01
6.747216773153850511e+01,6.747214410641370819e+01
6.745801431792504843e+01,6.745801089269326667e+01
6.744388026869556541e+01,6.744386281077653678e+01
6.742973895875138624e+01,6.742972631385777049e+01
6.741559507618781311e+01,6.741557906711653914e+01
6.740144809510290713e+01,6.740143785848148639e+01
6.738730787976601277e+01,6.738730375632410130e+01
6.737316212281575645e+01,6.737315865413216898e+01
6.735902396671431802e+01,6.735902559263371359e+01
6.734487713364089245e+01,6.734487636101536623e+01
6.733073476715915717e+01,6.733073388340129384e+01
6.731658964453797012e+01,6.731659684778571773e+01
6.730245460814866476e+01,6.730245619012045211e+01
6.728831734062769954e+01,6.728830413598852545e+01
6.727418088114180250e+01,6.727417027155840401e+01
6.726003029104373354e+01,6.726002520086761649e+01
6.724589624554168665e+01,6.724588135447154968e+01
6.723174192961789686e+01,6.723174306602946615e+01
6.721761437583616328e+01,6.721759592774277792e+01
6.720346757195200382e+01,6.720345343590825848e+01
6.718931878021548698e+01,6.718932342042215566e+01
6.717517089768023197e+01,6.717517697085131090e+01
6.716104167689374549e+01,6.716103759356215619e+01
6.714689484654053331e+01,6.714689260438289864e+01
6.713274177586049518e+01,6.713274840872827554e+01
6.711861068238727057e+01,6.711861117640192731e+01
6.710447931569316893e+01,6.710446332828455240e+01
6.709032437187450171e+01,6.709032104861965706e+01
6.707619157592604608e+01,6.707618032495868476e+01
6.706204643362917750e+01,6.706203452325331682e+01
6.704791587868116665e+01,6.704788922703581022e+01
6.703376701635315271e+01,6.703375026895243138e+01
6.701963172235713273e+01,6.701961209611805259e+01
6.700549019376585136e+01,6.700547460923041854e+01
6.699130946072791915e+01,6.699132496211993271e+01
6.697720033913424231e+01,6.697719004261941222e+01
6.696304640547434417e+01,6.696304307564936664e+01
6.694891691928680189e+01,6.694889749428682535e+01
6.693476403082739523e+01,6.693475203463857781e+01
6.692062453204137285e+01,6.692061314847565257e+01
6.690648756496490535e+01,6.690646964945625541e+01
6.689236398834447073e+01,6.689233272235644279e+01
6.687820647458029555e+01,6.687818441021127569e+01
6.686403940939204915e+01,6.686404733909623133e+01
6.684989994366195276e+01,6.684990656293619793e+01
6.683577421265040641e+01,6.683576121850535401e+01
6.682163366460322607e+01,6.682161654223759228e+01
6.680747846387612299e+01,6.680747688324689193e+01
6.679333089411706226e+01,6.679333871248530841e+01
6.677920266252063186e+01,6.677919625976585394e+01
6.676593614540189492e+01,6.676592113852434807e+01
6.675219055876449659e+01,6.675219068579779957e+01
6.673786033612331892e+01,6.673783408917168458e+01
6.672380608330540497e+01,6.672380376632239063e+01
6.670961816501757369e+01,6.670960684902959770e+01
6.669550622561277464e+01,6.669549436048509961e+01
6.668128722425464616e+01,6.668128151272742343e+01
6.666704727031495281e+01,6.666704348500111621e+01
6.665280668300685818e+01,6.665280598768855214e+01
6.663857370953761006e+01,6.663858023454814372e+01
6.662434044744863115e+01,6.662434434486738155e+01
6.661011530618353049e+01,6.661010377686901052e+01
6.659588043453223349e+01,6.659588018988530678e+01
6.658165981865580818e+01,6.658165654845629433e+01
6.656745556998031077e+01,6.656743943158436139e+01
6.655411326691017848e+01,6.655409911157637737e+01
6.654032718935744128e+01,6.654031638733911791e+01
6.652591520205899656e+01,6.652590532318778571e+01
6.651183778574285554e+01,6.651183299164884488e+01
6.649758834643661487e+01,6.649759193282308445e+01
6.648346457705966372e+01,6.648345328482294292e+01
6.646923351494437782e+01,6.646920873490999782e+01
6.645495709526551309e+01,6.645494851817565518e+01
6.644071005422918574e+01,6.644070070933533145e+01
6.642646850575414419e+01,6.642645849320189200e+01
6.641223209288584428e+01,6.641221204545729506e+01
6.639797839579541971e+01,6.639797024026958638e+01
6.638374881230416236e+01,6.638373056876474720e+01
6.636950823457299009e+01,6.636950609990272199e+01
6.635530019260662016e+01,6.635528882140394558e+01
6.634108607424929005e+01,6.634107652718773807e+01
6.632688869734383275e+01,6.632688144737073799e+01
6.631271261870674039e+01,6.631268187229672151e+01
6.629851978267842583e+01,6.629850346618403023e+01
6.628432316832940785e+01,6.628431994990950216e+01
6.627015680368251083e+01,6.627015388366899629e+01
6.625600138683162754e+01,6.625598888315022350e+01
6.624182587509626785e+01,6.624182323149257456e+01
6.622767763418380582e+01,6.622766440538495658e+01
6.621352859742738417e+01,6.621351160181887963e+01
6.619935140811929841e+01,6.619936377367378100e+01
6.618524337414187642e+01,6.618521333278989971e+01
6.617107912942830694e+01,6.617106668302068329e+01
6.615691953951713344e+01,6.615692114554482828e+01
6.614279298719273470e+01,6.614277737242481692e+01
6.612864057266409645e+01,6.612863885883697890e+01
6.611451048415459297e+01,6.611449619423605384e+01
6.610037977369228201e+01,6.610035399818403334e+01
6.608622005700694046e+01,6.608621190524965527e+01
6.607207950483862646e+01,6.607207073798632280e+01
6.605794692295530979e+01,6.605793068706196891e+01
6.604378864506662694e+01,6.604379027844487382e+01
6.602965134235390110e+01,6.602965718703259768e+01
6.601551721768339576e+01,6.601550821009846004e+01
6.600137985741154978e+01,6.600137043758971345e+01
6.598723029829425002e+01,6.598722216454731893e+01
6.597310256927947592e+01,6.597308641982814947e+01
6.595896019113851594e+01,6.595894569001779928e+01
6.594483137983378640e+01,6.594480571694981563e+01
6.593067687812688860e+01,6.593066546012921947e+01
6.591653508035263087e+01,6.591652142340537068e+01
6.590237933146907778e+01,6.590238267551069384e+01
6.588824819007983535e+01,6.588824021384549212e+01
6.587409135806753113e+01,6.587409735578337688e+01
6.585997301485487299e+01,6.585995138954439199e+01
6.584582912252119513e+01,6.584581026422308980e+01
6.583167270961601503e+01,6.583166972753333823e+01
6.581753616816764918e+01,6.581753018603104977e+01
6.580342076420055264e+01,6.580339267045458485e+01
6.578924616755197974e+01,6.578924803735270643e+01
6.577510477031557912e+01,6.577509980841122683e+01
6.576097678250410183e+01,6.576095813552812785e+01
6.574683397722672851e+01,6.574681686418497861e+01
6.573268810427940423e+01,6.573268146196846828e+01
6.571853562534475657e+01,6.571853562381195957e+01
6.570442249734028906e+01,6.570439194272708505e+01
6.569027736492128611e+01,6.569024784862445188e+01
6.567612916195136563e+01,6.567610961618086662e+01
6.566197190054386112e+01,6.566196627934716901e+01
6.564786716431112268e+01,6.564782585111576907e+01
6.563369463125951597e+01,6.563367795717992692e+01
6.561955269368885979e+01,6.561953742245984245e+01
6.560540382508720825e+01,6.560539728842998386e+01
6.559126080484517729e+01,6.559125259288401821e+01
6.557713347673912097e+01,6.557711437361598428e+01
6.556298061751941475e+01,6.556297067025569447e+01
6.554885504422253462e+01,6.554883437715957939e+01
6.553470110171805629e+01,6.553468639867450918e+01
6.552055182091919505e+01,6.552053952584374485e+01
6.550640718546681285e+01,6.550640467826505642e+01
6.549226856737129765e+01,6.549225943803480732e+01
6.547812056686899496e+01,6.547812009839559266e+01
6.546399158197731083e+01,6.546397699372791124e+01
6.544984462088926591e+01,6.544983927347355745e+01
6.543569278908972819e+01,6.543569069033846120e+01
6.542155333799836114e+01,6.542154909649144656e+01
6.540742186535385372e+01,6.540740867313265028e+01
6.539327557938818813e+01,6.539326832150065627e+01
6.537913544846701086e+01,6.537912292838412043e+01
6.536499138656020591e+01,6.536497823950874420e+01
6.535085741958702954e+01,6.535084059763018161e+01
6.533669792502182361e+01,6.533669686098794216e+01
6.532256059330333642e+01,6.532255461458238699e+01
6.530841932920733939e+01,6.530841335682195847e+01
6.529427231626668515e+01,6.529426649322468279e+01
6.528014730754034645e+01,6.528012673208677086e+01
6.526600417937002874e+01,6.526598740215472105e+01
6.525184110392132197e+01,6.525184234863678512e+01
6.523770879829849889e+01,6.523769897296145359e+01
6.522355623164729366e+01,6.522356099435602061e+01
6.520942165299625515e+01,6.520941952469360103e+01
6.519530167454077230e+01,6.519527829419712361e+01
6.518114424540573282e+01,6.518113164363772682e+01
6.516698375618629768e+01,6.516699068638220638e+01
6.515286088203563963e+01,6.515285234762188793e+01
6.513871018696880810e+01,6.513870797015854919e+01
6.512457078292307244e+01,6.512456406547389065e+01
6.511042443195456997e+01,6.511042118137535795e+01
6.509628031977183582e+01,6.509628452748837901e+01
6.508215464861206101e+01,6.508213850965033487e+01
6.506799856312152031e+01,6.506799712180168171e+01
6.505386692921760527e+01,6.505385744497959877e+01
6.503972622934566061e+01,6.503971262440795442e+01
6.502558474853790926e+01,6.502557411029152945e+01
6.501143162791211694e+01,6.501143038037288591e+01
6.499727486857530323e+01,6.499728743864255875e+01
6.498314888559353619e+01,6.498314587798770958e+01
6.496901367758069057e+01,6.496900484032116196e+01
6.495486381454024638e+01,6.495485856623029974e+01
6.494072736231342446e+01,6.494071869474647940e+01
6.492658470416907335e+01,6.492657960780923077e+01
6.491243297300228221e+01,6.491243542645128173e+01
6.489830341602083763e+01,6.489829250584855913e+01
6.488414816668668550e+01,6.488414928644550628e+01
6.487001405620438277e+01,6.487000799710484955e+01
6.485586844260255646e+01,6.485586667371431702e+01
6.484172220715078083e+01,6.484172622230394722e+01
6.482760160648305714e+01,6.482758134547128748e+01
6.481345413084498830e+01,6.481344206880481806e+01
6.479932582394766882e+01,6.479929362435989049e+01
6.478516850173143382e+01,6.478515534643653950e+01
6.477101703191510751e+01,6.477101261707456104e+01
6.475687354871253376e+01,6.475687065175449675e+01
6.474273187652956096e+01,6.474272422300876428e+01
6.472860030616793381e+01,6.472858459407143528e+01
6.471443775470005733e+01,6.471444399541587700e+01
6.470029752672485301e+01,6.470029948760206651e+01
6.468617616217090927e+01,6.468615634427470695e+01
6.467203138119968742e+01,6.467201346910873383e+01
6.465787494335162933e+01,6.465787605839989283e+01
6.464375716578314268e+01,6.464372998465812259e+01
6.462961367606337149e+01,6.462959429288962099e+01
6.461546429003138314e+01,6.461544805679783110e+01
6.460131081451328328e+01,6.460130869778856777e+01
6.458717106518869855e+01,6.458716446907322961e+01
6.457302841749897482e+01,6.457302072454882591e+01
6.455887866748101089e+01,6.455888310683687337e+01
6.454474007587208462e+01,6.454474128475199279e+01
6.453059254360327657e+01,6.453059927715599997e+01
6.451645829219110340e+01,6.451645888363687220e+01
6.450231799291968571e+01,6.450231338715661877e+01
6.448816316443787855e+01,6.448816806853396599e+01
6.447404124210841303e+01,6.447402997877811970e+01
6.445987958855454281e+01,6.445988591552735159e+01
6.444574223282184278e+01,6.444574902328440658e+01
6.443159368304523582e+01,6.443160096225160771e+01
6.441747244873002387e+01,6.441746041952254132e+01
6.440332265299804249e+01,6.440331409648172212e+01
6.438916877488907176e+01,6.438917414252608751e+01
6.437502619307143448e+01,6.437503482042279757e+01
6.436090836735429832e+01,6.436088585309970256e+01
6.434675034900747903e+01,6.434674772367679907e+01
6.433261451263717845e+01,6.433261078264519028e+01
6.431848063071622335e+01,6.431846359632294252e+01
6.430433509830263006e+01,6.430432223329205499e+01
6.429019424085281287e+01,6.429018196321297296e+01
6.427603342256938390e+01,6.427603630501806720e+01
6.426190021839302347e+01,6.426189706668638735e+01
6.424776625777317918e+01,6.424775368713784474e+01
6.423359269941303751e+01,6.423360925022349477e+01
6.421946308083681743e+01,6.421946730663522374e+01
6.420534129924139677e+01,6.420533177046368678e+01
6.419118551433008690e+01,6.419118493336566189e+01
6.417704315484074584e+01,6.417704437862303735e+01
6.416291120280328641e+01,6.416289974518826966e+01
6.414875113672383122e+01,6.414875989571929438e+01
6.413461794302277497e+01,6.413461666291622976e+01
6.412048185819907076e+01,6.412047369520745121e+01
6.410635045194703707e+01,6.410633188004558747e+01
6.409219032272254424e+01,6.409218983746551146e+01
6.407805237601205306e+01,6.407804891334291142e+01
6.406392242089144418e+01,6.406390879843938535e+01
6.404976374213627821e+01,6.404976845816956654e+01
6.403562938215605982e+01,6.403562471398289802e+01
6.402150859302905417e+01,6.402148203465812060e+01
6.400736211331827974e+01,6.400733881063408148e+01
6.399320640204528132e+01,6.399319635684546625e+01
6.397907287269989496e+01,6.397905495626859107e+01
6.396491591866313797e+01,6.396491384301052108e+01
6.395076483589597416e+01,6.395076779007032286e+01
6.393664032424994303e+01,6.393662919759990615e+01
6.392248166117371255e+01,6.392248448218180812e+01
6.390833959613286908e+01,6.390834123833432301e+01
6.389421110223361211e+01,6.389419894185542148e+01
6.388006765429540934e+01,6.388006219532705643e+01
6.386591511816496336e+01,6.386592061014506072e+01
6.385178491071170725e+01,6.385177487124617812e+01
6.383762886718808005e+01,6.383763425965853600e+01
6.382349411312210208e+01,6.382349016714429979e+01
6.380935631930042007e+01,6.380935175892717126e+01
6.379520944265910742e+01,6.379520829931743009e+01
6.378105982115926054e+01,6.378105996006504341e+01
6.376692589705030656e+01,6.376691803596683172e+01
6.375278562658330372e+01,6.375278255567565111e+01
6.373864502694260636e+01,6.373863668511950920e+01
6.372451800020847656e+01,6.372449182044120164e+01
6.371036168033835168e+01,6.371035803198114422e+01
6.369621061021220498e+01,6.369621388571464138e+01
6.368207098658290022e+01,6.368206516105572490e+01
6.366791295265844752e+01,6.366792781944250379e+01
6.365377739502110188e+01,6.365378066508110066e+01
6.363965511528359542e+01,6.363964576082187818e+01
6.362550970699833641e+01,6.362549980302461705e+01
6.361135264957109570e+01,6.361135960877488316e+01
6.359722549468619235e+01,6.359721590988437612e+01
6.358395216542081130e+01,6.358394002453047023e+01
6.357024225763977654e+01,6.357021045434918705e+01
6.355587489590929096e+01,6.355585915033755384e+01
6.354183702824283131e+01,6.354182684145139604e+01
6.352762801536194104e+01,6.352762285870185366e+01
6.351351535265126103e+01,6.351351378102409484e+01
6.349929677293262387e+01,6.349930050738880993e+01
6.348505699012553549e+01,6.348506240979705950e+01
6.347081973984047920e+01,6.347083037258247629e+01
6.345660240328901125e+01,6.345659854449453974e+01
6.344236418799128785e+01,6.344235673856528024e+01
6.342812809265077334e+01,6.342812661126604468e+01
6.341387414620665197e+01,6.341389644666302416e+01
6.339966807329198417e+01,6.339967312278980671e+01
6.338545565364453438e+01,6.338545532751863476e+01
6.337126271413669087e+01,6.337125445314256211e+01
6.335706357292435342e+01,6.335705362317122535e+01
6.334284947276389488e+01,6.334285805680807613e+01
6.332868325404842125e+01,6.332866949902183507e+01
6.331450297386480486e+01,6.331449129035904377e+01
6.330032950564873317e+01,6.330031952418564600e+01
6.328616161789430095e+01,6.328615364641408547e+01
6.327199311030010165e+01,6.327198790063341960e+01
6.325783245635752650e+01,6.325782826201958642e+01
6.324370259843752251e+01,6.324367006745341513e+01
6.322952395616081844e+01,6.322952171380295994e+01
6.321537852733252549e+01,6.321536943406168518e+01
6.320123006855843784e+01,6.320122295488564390e+01
6.318708643732424690e+01,6.318707207687860006e+01
6.317294521732172541e+01,6.317293229331735915e+01
6.315881439774448580e+01,6.315878824390542690e+01
6.314465788740921681e+01,6.314464403487736632e+01
6.313050075630726354e+01,6.313050052507153964e+01
6.311637655486317300e+01,6.311636426714221670e+01
6.310224961398120769e+01,6.310222274846897506e+01
6.308809063031908693e+01,6.308808112943293622e+01
6.307394825856545850e+01,6.307394078317417296e+01
6.305981084429649286e+01,6.305980105446197115e+01
6.304566950080983645e+01,6.304566237710346854e+01
6.303153098757947959e+01,6.303151862710831210e+01
6.301739702540448462e+01,6.301738144558193255e+01
6.300325727741413573e+01,6.300323910954494977e+01
6.298911995111631512e+01,6.298909787451083275e+01
6.297496477365089618e+01,6.297495642972607044e+01
6.296082302949561438e+01,6.296082173988675379e+01
6.294669487146640563e+01,6.294667742893637552e+01
6.293254659513839044e+01,6.293253304602259846e+01
6.291839770295432288e+01,6.291838931745309083e+01
6.290426238082869048e+01,6.290424662393108690e+01
6.289012073059333829e+01,6.289011003845741499e+01
6.287599278984534834e+01,6.287596900814774159e+01
6.286185017753267346e+01,6.286182286288789811e+01
6.284769819343773634e+01,6.284768254014498723e+01
6.283355434672449746e+01,6.283353769518363663e+01
6.281942062309972385e+01,6.281939983037896269e+01
6.280528111487754472e+01,6.280525642457507729e+01
6.279112122046069544e+01,6.279111346783805203e+01
6.277699771072883550e+01,6.277697197250557082e+01
6.276283989103428240e+01,6.276283019393483897e+01
6.274870095272317627e+01,6.274868994130564204e+01
6.273454429574762514e+01,6.273454429290727319e+01
6.272041845308812213e+01,6.272040002617846000e+01
6.270626347069186579e+01,6.270626144160577553e+01
6.269213638989154447e+01,6.269211863488602887e+01
6.267799436594580698e+01,6.267798174382066634e+01
6.266385199230690972e+01,6.266383464300866990e+01
6.264968379521737774e+01,6.264969260657828443e+01
6.263555437950357430e+01,6.263554708382306302e+01
6.262141001513538185e+01,6.262140757610364972e+01
6.260727379439993001e+01,6.260726333139251665e+01
6.259312819652816984e+01,6.259312512452605404e+01
6.257897985612152780e+01,6.257898165839188209e+01
6.256486128392791812e+01,6.256484040260163226e+01
6.255070839869948429e+01,6.255069869835212870e+01
6.253655184310340331e+01,6.253655757881222854e+01
6.252242067385812163e+01,6.252241234261382630e+01
6.250826924141883012e+01,6.250827250858619522e+01
6.249413670185480640e+01,6.249413398700634303e+01
6.248000938156897632e+01,6.247998534189571274e+01
6.246582771387920729e+01,6.246584714163796548e+01
6.245171626732355463e+01,6.245170582958849081e+01
6.243755870983525114e+01,6.243755875682797551e+01
6.242341233126499844e+01,6.242341776520498797e+01
6.240927621686124382e+01,6.240927809933263859e+01
6.239513948751043415e+01,6.239513897299540446e+01
6.238097733152876856e+01,6.238098898557935001e+01
6.236685355847485113e+01,6.236685153851740182e+01
6.235269865750144902e+01,6.235270857887557128e+01
6.233858240789678007e+01,6.233856714631401985e+01
6.232441764837032849e+01,6.232442534647704946e+01
6.231116229512464599e+01,6.231114988535343002e+01
6.229742198020420574e+01,6.229742041245092565e+01
6.228306103794854920e+01,6.228306236766709958e+01
6.226903921455723889e+01,6.226903339690955619e+01
6.225482832554880019e+01,6.225483274106684206e+01
6.224071403296355953e+01,6.224072153662286411e+01
6.222651875706919355e+01,6.222650733504632115e+01
6.221226382436211111e+01,6.221227199179897838e+01
6.219804196717554845e+01,6.219803827221831227e+01
6.218381721949305074e+01,6.218380470147602779e+01
6.216957129343305866e+01,6.216957194731760694e+01
6.215535300585169409e+01,6.215533508322562284e+01
6.214111762887211654e+01,6.214110889021547735e+01
6.212688468261975316e+01,6.212688282683917151e+01
6.211265403526854811e+01,6.211266259593491412e+01
6.209845937462087306e+01,6.209845968850079601e+01
6.208426158048209942e+01,6.208425712029772114e+01
6.207006859885390782e+01,6.207006000246239807e+01
6.205587539602178992e+01,6.205587968370596030e+01
6.204171196530224819e+01,6.204170057545394457e+01
6.202755758980878653e+01,6.202752140452415830e+01
6.201336518622726146e+01,6.201335828800243632e+01
6.199921223261407732e+01,6.199919647343652684e+01
6.198505640222086299e+01,6.198503470491267819e+01
6.197090194966401810e+01,6.197088438522831666e+01
6.195673918480734699e+01,6.195672902274080940e+01
6.194260074679832684e+01,6.194258019615477195e+01
6.192845930109012897e+01,6.192843728501778600e+01
6.191429774312953072e+01,6.191428351919106632e+01
6.190015493048298367e+01,6.190014708211165839e+01
6.188600619924937263e+01,6.188600034411589945e+01
6.187184822528519845e+01,6.187185395797539655e+01
6.185770675591335532e+01,6.185771411476505932e+01
6.184357885934785770e+01,6.184357528480320099e+01
6.182943854482163459e+01,6.182943146948067437e+01
6.181529522504779095e+01,6.181529368477618647e+01
6.180114266121621114e+01,6.180115653645864882e+01
6.178700699517231243e+01,6.178700946584505971e+01
6.177287601890553503e+01,6.177287394445344404e+01
6.175873049427904249e+01,6.175872782132266536e+01
6.174457878543824307e+01,6.174458266866241019e+01
6.173045458846495848e+01,6.173044950921886453e+01
6.171629302095850989e+01,6.171630542092366056e+01
6.170215922118574525e+01,6.170216249330641034e+01
6.168801593216912238e+01,6.168802043899563614e+01
6.167389802667715060e+01,6.167388498769733474e+01
6.165975694435954324e+01,6.165973852927989896e+01
6.164561498655855587e+01,6.164560394024815793e+01
6.163146403939370543e+01,6.163145876066469953e+01
6.161732960455460528e+01,6.161732040823633838e+01
6.160318618370943966e+01,6.160317130623135995e+01
6.158903963716663554e+01,6.158903365883945469e+01
6.157489485204318669e+01,6.157489154412925814e+01
6.156076046502487742e+01,6.156074522762364154e+01
6.154662307992679615e+01,6.154660471970173319e+01
6.153246000052573805e+01,6.153246416884749692e+01
6.151833570136503937e+01,6.151831991111310316e+01
6.150419090576908587e+01,6.150418139741973533e+01
6.149005118265728953e+01,6.149003824704181653e+01
6.147589996012975178e+01,6.147589520073742619e+01
6.146175900403267178e+01,6.146175346337354739e+01
6.144762831706221107e+01,6.144761281226953997e+01
6.143346968307545097e+01,6.143347181559830261e+01
6.141934426556180426e+01,6.141932714711504815e+01
6.140520428021942223e+01,6.140518247496888904e+01
6.139103185997544898e+01,6.139104360792941151e+01
6.137691878756755415e+01,6.137690119625028018e+01
6.136275707652301037e+01,6.136276363242495790e+01
6.134863095903504160e+01,6.134861717154502259e+01
6.133448563979465717e+01,6.133447566927445394e+01
6.132031902411134183e+01,6.132032947861538474e+01
6.130619743717870307e+01,6.130618506695661551e+01
6.129203833102675247e+01,6.129204569611006548e+01
6.127790131954845521e+01,6.127790239317258880e+01
6.126378344809095466e+01,6.126376006331162927e+01
6.124963645147284552e+01,6.124962335974602468e+01
6.123547807598746573e+01,6.123548151350372137e+01
6.122134428914517201e+01,6.122133553498674985e+01
6.120720112890236209e+01,6.120719555187712047e+01
6.119305829983704115e+01,6.119305061789140865e+01
6.117892266466846252e+01,6.117890676014511797e+01
6.116477222210590980e+01,6.116476342757888318e+01
6.115063310286144826e+01,6.115062067456758399e+01
6.113648993784209296e+01,6.113648422772829605e+01
6.112234958958435982e+01,6.112234289786700714e+01
6.110821407464477062e+01,6.110819711192864645e+01
6.109404103348656889e+01,6.109405653820626725e+01
6.107992711514057049e+01,6.107991265032338646e+01
6.106579518829263975e+01,6.106577445942228621e+01
6.105164632575829131e+01,6.105163119233608171e+01
6.103748809039772993e+01,6.103749369187157470e+01
6.102336319722483893e+01,6.102334698474788155e+01
6.100921248891052073e+01,6.100920561444621626e+01
6.099507217412853066e+01,6.099505997510571120e+01
6.098093442843178025e+01,6.098092026470727944e+01
6.096679287971581118e+01,6.096677614670961987e+01
6.095264314111669535e+01,6.095263179225884187e+01
6.093847528743479813e+01,6.093848821092142742e+01
6.092434596411876413e+01,6.092435181135785172e+01
6.091020846230002661e+01,6.091020487754337154e+01
6.089606158921327506e+01,6.089606388869898979e+01
6.088193054457133258e+01,6.088192409995014032e+01
6.086779107434199432e+01,6.086778469348499954e+01
6.085365336453134688e+01,6.085364073850256972e+01
6.083951834341530684e+01,6.083949740886151147e+01
6.082536296044280988e+01,6.082535438320157795e+01
6.081121239657834820e+01,6.081121741542108339e+01
6.079707565215628762e+01,6.079707075257918802e+01
6.078295201368797507e+01,6.078293624945365536e+01
6.076881085690393292e+01,6.076878539712318883e+01
6.075466646667159409e+01,6.075465171491686078e+01
6.074052738542106056e+01,6.074050209014242796e+01
6.072637633184907457e+01,6.072636419200921409e+01
6.071223046056053363e+01,6.071221608323556751e+01
6.069808385670344819e+01,6.069807409959256006e+01
6.068395082791033701e+01,6.068393299078606873e+01
6.066978879846823958e+01,6.066979223932908383e+01
6.065562946292681801e+01,6.065565178629923082e+01
6.064151423305806077e+01,6.064150799390628777e+01
6.062738750319063996e+01,6.062736449217312895e+01
6.061321745991168086e+01,6.061322634771970286e+01
6.059907542478972431e+01,6.059907856213019528e+01
6.058495536835339124e+01,6.058494275891919756e+01
6.057080868042523036e+01,6.057080193697516535e+01
6.055667343993893326e+01,6.055665645279669462e+01
6.054252031185971816e+01,6.054251100634147065e+01
6.052838372192567107e+01,6.052837234076662298e+01
6.051423575398550980e+01,6.051422840391342106e+01
6.050008941830601117e+01,6.050008536606797804e+01
6.048593691034734121e+01,6.048594319587459012e+01
6.047181205670862170e+01,6.047180760199385929e+01
6.045766932550752415e+01,6.045766169760450026e+01
6.044352692290087958e+01,6.044352153288890150e+01
6.042938626975543315e+01,6.042937668820157171e+01
6.041525352182254238e+01,6.041523840634435061e+01
6.040109756456088519e+01,6.040108946706423865e+01
6.038697222860088942e+01,6.038695260322602820e+01
6.037282911758063619e+01,6.037281065595739449e+01
6.035869403194497096e+01,6.035866958648134073e+01
6.034453337159172293e+01,6.034452307383735103e+01
6.033040569597486069e+01,6.033038358612470375e+01
6.031625799799347476e+01,6.031623871315966312e+01
6.030211181706385304e+01,6.030210020952873862e+01
6.028794538911647294e+01,6.028795677376424322e+01
6.027382401281618485e+01,6.027381482714949357e+01
6.025968474510220574e+01,6.025967321458212922e+01
6.024553409341328347e+01,6.024552626782566023e+01
6.023140756880534497e+01,6.023138664158308586e+01
6.021726645633989961e+01,6.021724703621824659e+01
6.020310616429714656e+01,6.020310197388298690e+01
6.018985114444275553e+01,6.018983295927350241e+01
6.017609728093793109e+01,6.017610255605409009e+01
6.016175024218407685e+01,6.016174616454070190e+01
6.014774364477221269e+01,6.014771622822140529e+01
6.013353347662072679e+01,6.013351583503472142e+01
6.011941744548009581e+01,6.011940399411788150e+01
6.010521749627181265e+01,6.010518936593751249e+01
6.009096235536866715e+01,6.009094926302606154e+01
6.007673239972020696e+01,6.007671581556299145e+01
6.006248448158857656e+01,6.006248491665994038e+01
6.004826759130562408e+01,6.004824761622271723e+01
6.003402488412828575e+01,6.003401551436170536e+01
6.001978380099883026e+01,6.001978426966978475e+01
6.000555695877187645e+01,6.000556134633443861e+01
5.999136310323663679e+01,5.999134492341291747e+01
5.997714646546654649e+01,5.997713634881723976e+01
5.996293767588966972e+01,5.996293636007433747e+01
5.994875957297053048e+01,5.994874528303692074e+01
5.993457518678276585e+01,5.993455973883849452e+01
5.992037923907097507e+01,5.992037659418992490e+01
5.990620837209782934e+01,5.990620525226032100e+01
5.989203122433086435e+01,5.989203961506351703e+01
5.987788718083144346e+01,5.987787522920575611e+01
5.986372063679201005e+01,5.986371574460896738e+01
5.984955875601145436e+01,5.984955975343950740e+01
5.983539384629306568e+01,5.983541229034486264e+01
5.982126755000816587e+01,5.982125841465998661e+01
5.980710477670338321e+01,5.980710894654869492e+01
5.979294666715017570e+01,5.979296319652938507e+01
5.977883889642374982e+01,5.977882207999058295e+01
5.976469914593481292e+01,5.976467546874217618e+01
5.975054778185621274e+01,5.975053450176838510e+01
5.973640456190453563e+01,5.973638895305028740e+01
5.972227144375582242e+01,5.972225274469299450e+01
5.970812688292861026e+01,5.970811394894496971e+01
5.969397093655838660e+01,5.969396990313884288e+01
5.967983614783878465e+01,5.967982759381434477e+01
5.966569284589925104e+01,5.966569092650595962e+01
5.965154588645014400e+01,5.965155235735586103e+01
5.963741790441130775e+01,5.963741211142252752e+01
5.962326988814900375e+01,5.962326662199727423e+01
5.960914393198422800e+01,5.960913034026049218e+01
5.959498380287284647e+01,5.959498581900117387e+01
5.958082834545429307e+01,5.958084503121603603e+01
5.956669516667546560e+01,5.956670281184898386e+01
5.955256367284326302e+01,5.955255871318473737e+01
5.953842056757605405e+01,5.953842043434155329e+01
5.952428555027564272e+01,5.952428023552122482e+01
5.951016086329860855e+01,5.951013842501743056e+01
5.949600519891037465e+01,5.949599365072012347e+01
5.948184556051739946e+01,5.948185233642966097e+01
5.946770825859267973e+01,5.946770675667246309e+01
5.945357887701160138e+01,5.945356771074265367e+01
5.943944023841515190e+01,5.943942900256815420e+01
5.942530339145810814e+01,5.942528307119302866e+01
5.941115275185338618e+01,5.941113983225751838e+01
5.939699819064714603e+01,5.939699754473237903e+01
5.938286585838157094e+01,5.938285644844162903e+01
5.936871871680617829e+01,5.936871584460823925e+01
5.935458739760163382e+01,5.935457629523049405e+01
5.934044244906398546e+01,5.934043142917705183e+01
5.932629912611028544e+01,5.932628745743780740e+01
5.931216047748937825e+01,5.931214726756554967e+01
5.929801363624982002e+01,5.929800709199519559e+01
5.928386063756111923e+01,5.928386763728051534e+01
5.926972031168094901e+01,5.926972145621243726e+01
5.925558033508075795e+01,5.925558084439888518e+01
5.924144209250451354e+01,5.924143573538400886e+01
5.922729976573355515e+01,5.922729986577906658e+01
5.921315582145885514e+01,5.921315564227425199e+01
5.919901243283632652e+01,5.919901297022181552e+01
5.918486944877675171e+01,5.918487308562577454e+01
5.917073689914241896e+01,5.917072623833600176e+01
5.915660026636713553e+01,5.915658857199012743e+01
5.914244141170154023e+01,5.914244250436910733e+01
5.912829053906152410e+01,5.912830007764434725e+01
5.911415554013723295e+01,5.911415597102497088e+01
5.910002852262771711e+01,5.910001555655286154e+01
5.908590094528218373e+01,5.908587312473758146e+01
5.907174986126695870e+01,5.907173373605721878e+01
5.905761022723408615e+01,5.905758956605755117e+01
5.904345573376166811e+01,5.904344863460034531e+01
5.902930291878501379e+01,5.902930582027418893e+01
5.901515590634684116e+01,5.901516357691289727e+01
5.900102140097011727e+01,5.900102294174108408e+01
5.898686456504260178e+01,5.898687930261712609e+01
5.897276043650247601e+01,5.897273508114790275e+01
5.895859143720872453e+01,5.895859515396681871e+01
5.894445011838791260e+01,5.894445122249108948e+01
5.893031820191584558e+01,5.893030852947143927e+01
5.891618985170769207e+01,5.891616627372056314e+01
5.890204893366542649e+01,5.890202466804188930e+01
5.888791605300469456e+01,5.888788397074626602e+01
5.887374348606962116e+01,5.887374270634156659e+01
5.885960083455181291e+01,5.885959795580644283e+01
5.884544658093087577e+01,5.884545870375042398e+01
5.883132224406805477e+01,5.883131585275926767e+01
5.881717552243303970e+01,5.881717278080488143e+01
5.880301735480218639e+01,5.880302731971207919e+01
5.878889448942456397e+01,5.878888619083216582e+01
5.877474593124523494e+01,5.877474525674297468e+01
5.876061853563283677e+01,5.876060591752242601e+01
5.874647745841176771e+01,5.874646383244475345e+01
5.873233582046651691e+01,5.873231979065813135e+01
5.871818486825094396e+01,5.871817887921184109e+01
5.870403335502791009e+01,5.870403601163180696e+01
5.868990076928972854e+01,5.868989437970218148e+01
5.867577958202461019e+01,5.867575085842715765e+01
5.866163717289443724e+01,5.866160767820966981e+01
5.864749186591330243e+01,5.864746775392541878e+01
5.863334599887175358e+01,5.863332576311357514e+01
5.861920491653044252e+01,5.861918237518554520e+01
5.860504917271431680e+01,5.860504161322845107e+01
5.859092111363409572e+01,5.859089689531969469e+01
5.857677061819777720e+01,5.857675480391888811e+01
5.856263257721715831e+01,5.856261692095548455e+01
5.854847760376262045e+01,5.854847361259017191e+01
5.853432760883546138e+01,5.853432845414180719e+01
5.852018229816390971e+01,5.852018700434843623e+01
5.850604075588773867e+01,5.850604570791732328e+01
5.849189422094091384e+01,5.849190579491953201e+01
5.847775048451615021e+01,5.847776085383239320e+01
5.846361702276964678e+01,5.846361705630068428e+01
5.844944698260605520e+01,5.844947292829807139e+01
5.843533504304330251e+01,5.843533631922397120e+01
5.842118332240094247e+01,5.842119413710156550e+01
5.840704518177440718e+01,5.840705295690042220e+01
5.839290322627307717e+01,5.839290713158856505e+01
5.837876163260273188e+01,5.837876703752659324e+01
5.836462165943467539e+01,5.836462783366267359e+01
5.835048987979976687e+01,5.835048153816625671e+01
5.833635403294561428e+01,5.833634414770723708e+01
5.832220367145658457e+01,5.832220144949729956e+01
5.830805581530965753e+01,5.830805967048563332e+01
5.829392494989481577e+01,5.829391304523147710e+01
5.827978680895979124e+01,5.827977034696981917e+01
5.826563711969497916e+01,5.826563065610420011e+01
5.825148151951523801e+01,5.825148863069854599e+01
5.823734490238952333e+01,5.823734505368809522e+01
5.822320213631509489e+01,5.822320220334425755e+01
5.820906424647089494e+01,5.820906271576122037e+01
5.819492896330356047e+01,5.819491881694024471e+01
5.818078990289792074e+01,5.818077793093788586e+01
5.816663385532542208e+01,5.816663479155580774e+01
5.815249892124371200e+01,5.815249582364448599e+01
5.813835807693197211e+01,5.813835435927904882e+01
5.812420583109684458e+01,5.812420796236260401e+01
5.811007559074400319e+01,5.811006560061785819e+01
5.809592737703488297e+01,5.809592623941233569e+01
5.808177864947612079e+01,5.808178231678562753e+01
5.806764345572966590e+01,5.806764183474925289e+01
5.805349132659194566e+01,5.805349627822185710e+01
5.803935490979473855e+01,5.803935733456026469e+01
5.802522115313231410e+01,5.802521110281080041e+01
5.801108356540650846e+01,5.801107070442518676e+01
5.799693769998011561e+01,5.799692547991934077e+01
5.798279335541631241e+01,5.798278652972668112e+01
5.796865170583565430e+01,5.796864804150498429e+01
5.795451712455083282e+01,5.795450550176326487e+01
5.794037222028798340e+01,5.794035739226990955e+01
5.792623641707824333e+01,5.792621622316971042e+01
5.791208688841322783e+01,5.791207512229411947e+01
5.789793897656165456e+01,5.789793496291105157e+01
5.788378827422666006e+01,5.788379256796685013e+01
5.786967075092172763e+01,5.786964889678457524e+01
5.785552110473326337e+01,5.785550533349532998e+01
5.784137945802228131e+01,5.784136550505218821e+01
5.782722413421592478e+01,5.782722296658520378e+01
5.781308131466872879e+01,5.781308179149755233e+01
5.779893793451393691e+01,5.779893850731848914e+01
5.778479399183192555e+01,5.778479327741354155e+01
5.777064488510235662e+01,5.777065372693186163e+01
5.775651921957003054e+01,5.775651313026605749e+01
5.774237121753936464e+01,5.774236975624472734e+01
5.772823344395205680e+01,5.772823023047549640e+01
5.771408199374755554e+01,5.771408805590107249e+01
5.769994309520561870e+01,5.769994440857405493e+01
5.768580358692987886e+01,5.768580153867533511e+01
5.767168627428514327e+01,5.767166239344469147e+01
5.765753465793987687e+01,5.765752053889723783e+01
5.764339118611064805e+01,5.764337420066399886e+01
5.762923504303222444e+01,5.762923385682551469e+01
5.761511315883356588e+01,5.761509190914168244e+01
5.760096445589559977e+01,5.760095323614540064e+01
5.758681854419425861e+01,5.758680959562286006e+01
5.757268290840927705e+01,5.757266713520029100e+01
5.755853577764875695e+01,5.755852476215383717e+01
5.754437384112048193e+01,5.754438310439059023e+01
5.753024834398850373e+01,5.753024267535923997e+01
5.751610483173570287e+01,5.751609744419101133e+01
5.750195525816396724e+01,5.750195809602022479e+01
5.748782802562726602e+01,5.748781426727789068e+01
5.747367179458071007e+01,5.747367082496337076e+01
5.745954869717029112e+01,5.745952885547259115e+01
5.744539124757631043e+01,5.744538673920648364e+01
5.743124524844412093e+01,5.743123994300899682e+01
5.741711165878342626e+01,5.741709993857256933e+01
5.740296108799034158e+01,5.740295743344413637e+01
5.738881539182539626e+01,5.738881834091741041e+01
5.737466364768678773e+01,5.737467455109585046e+01
5.736055052353901118e+01,5.736053481441911117e+01
5.734641175242548172e+01,5.734639266742073005e+01
5.733225827287455445e+01,5.733224548686114730e+01
5.731811823629330149e+01,5.731810743498054705e+01
5.730396353664168885e+01,5.730396168685974345e+01
5.728983094453622016e+01,5.728982519206238777e+01
5.727568368845089708e+01,5.727568105433482515e+01
5.726152933592841521e+01,5.726154039366210924e+01
5.724739505469066359e+01,5.724739779229954451e+01
5.723324932063255943e+01,5.723325289092336021e+01
5.721912466135596276e+01,5.721911478397542794e+01
5.720498311286555548e+01,5.720496891928528527e+01
5.719085732521105570e+01,5.719082686408348337e+01
5.717667540827821426e+01,5.717668392815692613e+01
5.716256573212508840e+01,5.716254355741438786e+01
5.714840441616245670e+01,5.714840014687364089e+01
5.713425755158970532e+01,5.713426024124022717e+01
5.712013747133718056e+01,5.712011650980771549e+01
5.710599170257660973e+01,5.710597283744761654e+01
5.709184853895541778e+01,5.709183500036800751e+01
5.707769288614620251e+01,5.707769252788845904e+01
5.706354528867255027e+01,5.706355094731576116e+01
5.704941672485331594e+01,5.704940517143830903e+01
5.703526254935999873e+01,5.703526459986343866e+01
5.702111312332326776e+01,5.702112516875306625e+01
5.700699470286059523e+01,5.700698140863170238e+01
5.699283326128276173e+01,5.699283758536096656e+01
5.697870165100940198e+01,5.697869533763243766e+01
5.696454765779051854e+01,5.696455290154073481e+01
5.695042906751422152e+01,5.695040952158071690e+01
5.693624877256486627e+01,5.693626813326365976e+01
5.692215186832584095e+01,5.692212379346231188e+01
5.690798346454279510e+01,5.690798441143387265e+01
5.689384710840713666e+01,5.689384288358624531e+01
5.687969712924118681e+01,5.687970002005551606e+01
5.686556177688797931e+01,5.686556021362321189e+01
5.685139969149812345e+01,5.685141838660891267e+01
5.683729695726237452e+01,5.683727529619603303e+01
5.682313143424201485e+01,5.682313457290781855e+01
5.680899604240308065e+01,5.680898693867656846e+01
5.679484018869805340e+01,5.679484804668160791e+01
5.678070127016983548e+01,5.678070705460276457e+01
5.676657259714375670e+01,5.676655947826900217e+01
5.675243576669467416e+01,5.675241961231455434e+01
5.673827752172434913e+01,5.673828082243302617e+01
5.672416121649203546e+01,5.672413543092540067e+01
5.671000292671454446e+01,5.670999216876957405e+01
5.669585713627303392e+01,5.669585024803863149e+01
5.668171931740955927e+01,5.668171452587699122e+01
5.666757884554438363e+01,5.666756856262249187e+01
5.665343994146105899e+01,5.665342602857540300e+01
5.663929825104728621e+01,5.663928143706417728e+01
5.662514719787170492e+01,5.662514277345764668e+01
5.661101187302686100e+01,5.661100009621097229e+01
5.659687388216012494e+01,5.659685752023147387e+01
5.658272423289716357e+01,5.658271583471856303e+01
5.656858171899738608e+01,5.656857489091806457e+01
5.655443646372673783e+01,5.655442907260606944e+01
5.654029051410530826e+01,5.654028928781444563e+01
5.652615488530177856e+01,5.652614806101895795e+01
5.651200228053021846e+01,5.651200425981672026e+01
5.649785459087602391e+01,5.649786125989980690e+01
5.648371165674045358e+01,5.648371928448619173e+01
5.646958557057391914e+01,5.646958068086216542e+01
5.645543614044189695e+01,5.645543440868698326e+01
5.644128271142728437e+01,5.644129442505359862e+01
5.642716891983223348e+01,5.642715307759419119e+01
5.641300338514229651e+01,5.641301413589076930e+01
5.639887438582164947e+01,5.639887087615046113e+01
5.638475018402813532e+01,5.638472608950510789e+01
5.637059157964839073e+01,5.637058399034862788e+01
5.635644660305054998e+01,5.635644003421150217e+01
5.634229545229193548e+01,5.634229953667580304e+01
5.632815793019270956e+01,5.632815707107135239e+01
5.631402847140258672e+01,5.631401549261180861e+01
5.629987779710906182e+01,5.629987194712834508e+01
5.628574712047520734e+01,5.628573190903445322e+01
5.627159849606735520e+01,5.627159199338949946e+01
5.625746333983268244e+01,5.625745087691038293e+01
5.624331136377237073e+01,5.624330691007929062e+01
5.622914995232738988e+01,5.622916389454702824e+01
5.621504140146635820e+01,5.621502242995584453e+01
5.620089296775747556e+01,5.620088098448180602e+01
5.618673529563311320e+01,5.618673726822616032e+01
5.617259992204692054e+01,5.617259207979405744e+01
5.615846385924379547e+01,5.615845270172741266e+01
5.614433263561222986e+01,5.614430924673383316e+01
5.613017257317556385e+01,5.613016570420320051e+01
5.611601835709505792e+01,5.611602292137483516e+01
5.610189083286190481e+01,5.610188143352092283e+01
5.608774624911589513e+01,5.608774307580080887e+01
5.607360448762396743e+01,5.607359694218938984e+01
5.605945550560024060e+01,5.605945213952292505e+01
5.604532663992475250e+01,5.604531299499673480e+01
5.603117974847727112e+01,5.603116932608320155e+01
5.601702890292292381e+01,5.601702928547206284e+01
5.600288410073962808e+01,5.600288685570256320e+01
5.598875825296914854e+01,5.598874557367988558e+01
5.597461981942240783e+01,5.597460499646550858e+01
5.596046771589482205e+01,5.596046188603767746e+01
5.594630850394730714e+01,5.594632226106318029e+01
5.593219123514884927e+01,5.593217609949830660e+01
5.591804602332331342e+01,5.591803254201328599e+01
5.590389148866782421e+01,5.590389225048086530e+01
5.588976146911924303e+01,5.588975047170663402e+01
5.587560241333527955e+01,5.587561181219400908e+01
5.586146795383134389e+01,5.586146630701278326e+01
5.584732304929885771e+01,5.584732337828587134e+01
5.583318733469040751e+01,5.583318191073581716e+01
5.581905743221798843e+01,5.581904385719075634e+01
5.580489013097398754e+01,5.580489749858629978e+01
5.579077324910964109e+01,5.579075824958170671e+01
5.577662966490003527e+01,5.577661424146690905e+01
5.576247785059617712e+01,5.576247306472718890e+01
5.574832546795111909e+01,5.574832992155624112e+01
5.573507054093425239e+01,5.573505369750608196e+01
5.572133318617248676e+01,5.572132705546833620e+01
5.570699122410051274e+01,5.570697296061592851e+01
5.569295036610262883e+01,5.569294186619076470e+01
5.567875939783075268e+01,5.567873855487241030e+01
5.566462999602043737e+01,5.566462457002829467e+01
5.565042594410014232e+01,5.565041546287709195e+01
5.563617521307754288e+01,5.563617587002268294e+01
5.562194655065245286e+01,5.562194023337765003e+01
5.560770957260735514e+01,5.560771230923855057e+01
5.559349721959357282e+01,5.559347529223875739e+01
5.557924714665951171e+01,5.557924091065856942e+01
5.556502796762961793e+01,5.556501031133856117e+01
5.555078297364610762e+01,5.555078729305711960e+01
5.553658839979819817e+01,5.553657086724440717e+01
5.552236576297654125e+01,5.552236460496549597e+01
5.550817289005102140e+01,5.550816480165920552e+01
5.549398575230858199e+01,5.549397327309840477e+01
5.547979571588835768e+01,5.547978695852420117e+01
5.546561036257347155e+01,5.546560663603919039e+01
5.545143078779050683e+01,5.545143195125190516e+01
5.543727332114629291e+01,5.543726854275270455e+01
5.542312712210268444e+01,5.542310315818101429e+01
5.540893776074880606e+01,5.540894554609965184e+01
5.539477287364114488e+01,5.539478876429629395e+01
5.538064756910868169e+01,5.538063566729061193e+01
5.536649649708357401e+01,5.536648804689927772e+01
5.535233603442495109e+01,5.535233852603615645e+01
5.533820882986119472e+01,5.533819253361284751e+01
5.532405038210227133e+01,5.532404935827429426e+01
5.530992508890662407e+01,5.530990738804845108e+01
5.529576877134226010e+01,5.529576246815766183e+01
5.528162807031954173e+01,5.528162173862622097e+01
5.526750967367685519e+01,5.526747916732435328e+01
5.525334819211845172e+01,5.525333925418905778e+01
5.523920680487228196e+01,5.523919739406352392e+01
5.522506698279669735e+01,5.522505914834083285e+01
5.521093200441663384e+01,5.521091653284626233e+01
5.519677681366118804e+01,5.519677683352836084e+01
5.518265485266560688e+01,5.518263313737754316e+01
5.516848755993315478e+01,5.516849451666474380e+01
5.515434798328612231e+01,5.515435191270456983e+01
5.514022416766617596e+01,5.514021290330809677e+01
5.512606601858752953e+01,5.512607139336540740e+01
5.511194974344098085e+01,5.511192866145049152e+01
5.509779685306233432e+01,5.509778858299768700e+01
5.508365428337680214e+01,5.508364674607388167e+01
5.506952750925475470e+01,5.506950600425299314e+01
5.505537504560409445e+01,5.505536554356241652e+01
5.504123069368926480e+01,5.504122319074318170e+01
5.502708907765434532e+01,5.502707857027634475e+01
5.501293483253417094e+01,5.501293746159004172e+01
5.499881374400722933e+01,5.499879781821928049e+01
5.498466700387125883e+01,5.498465558997135361e+01
5.497050549968975020e+01,5.497051124213938778e+01
5.495638042252509337e+01,5.495637070626497689e+01
5.494223190045948968e+01,5.494222788269439661e+01
5.492808056425882768e+01,5.492808561930057465e+01
5.491395594903592325e+01,5.491394199383898922e+01
5.489982517873382761e+01,5.489980183477449316e+01
5.488654403083314293e+01,5.488652738884639604e+01
5.487279890279188521e+01,5.487280167348596649e+01
5.485846501811288078e+01,5.485844254560277733e+01
5.484442112504830646e+01,5.484441320214764914e+01
5.483021785581265561e+01,5.483021252450620153e+01
5.481610794125599284e+01,5.481610137950344352e+01
5.480191465721233612e+01,5.480188935936464389e+01
5.478764711204544824e+01,5.478765200493256771e+01
5.477342364446204925e+01,5.477341346620138296e+01
5.475917437189170300e+01,5.475918282340923327e+01
5.474494967623859054e+01,5.474494580226222240e+01
5.473071119954172303e+01,5.473071399905655454e+01
5.471648299926727077e+01,5.471648314601734597e+01
5.470227368589834072e+01,5.470225813785768310e+01
5.468804280555146136e+01,5.468804355313572074e+01
5.467384718115250308e+01,5.467383776781715454e+01
5.465964319253547643e+01,5.465963479600866748e+01
5.464542429300274051e+01,5.464543979013424746e+01
5.463125357187863784e+01,5.463125652252911379e+01
5.461710725473004402e+01,5.461707920408410644e+01
5.460290792096506607e+01,5.460290376301377790e+01
5.458876124916185546e+01,5.458873512523498306e+01
5.457459098653479401e+01,5.457457460471019317e+01
5.456041016233510277e+01,5.456041681577681146e+01
5.454627889804404361e+01,5.454626026763655489e+01
5.453210877947666546e+01,5.453210866132211976e+01
5.451797072182615977e+01,5.451795862456518904e+01
5.450381892988434629e+01,5.450381128150009147e+01
5.448966322819833152e+01,5.448966458535087298e+01
5.447553530723889281e+01,5.447551883658191940e+01
5.446137835819835260e+01,5.446137613479909589e+01
5.444724151317392824e+01,5.444723149512705618e+01
5.443308108084669783e+01,5.443309526883494698e+01
5.441896807423329818e+01,5.441895510253122836e+01
5.440480653396850386e+01,5.440481212190026383e+01
5.439068901151124180e+01,5.439067359488110753e+01
5.437653498026838861e+01,5.437652949159191706e+01
5.436240535858765099e+01,5.436239198020866326e+01
5.434826431145101822e+01,5.434824933232767563e+01
5.433410849754980632e+01,5.433410471644736361e+01
5.431998357844218361e+01,5.431996651690821665e+01
5.430583744367935140e+01,5.430582363903339882e+01
5.429169397536667674e+01,5.429168393836425821e+01
5.427755531703058267e+01,5.427754261692001592e+01
5.426342159525867004e+01,5.426339921688870049e+01
5.424925994801031237e+01,5.424925868140280727e+01
5.423513370210267936e+01,5.423511694153772567e+01
5.422097304776646354e+01,5.422097795687418653e+01
5.420683470316274111e+01,5.420683724296440431e+01
5.419270447318640294e+01,5.419269472854035286e+01
5.417857587385537954e+01,5.417855044750716331e+01
5.416441286572514713e+01,5.416440892507597482e+01
5.415029171077327419e+01,5.415026890164217832e+01
5.413613070594437460e+01,5.413612632473952146e+01
5.412199968639160375e+01,5.412198488145714492e+01
5.410785169934626282e+01,5.410784111089099468e+01
5.409371726917681400e+01,5.409370079974304701e+01
5.407956810500316180e+01,5.407955577251061641e+01
5.406542699121814621e+01,5.406541427414453693e+01
5.405126789634741158e+01,5.405127321246825289e+01
5.403713327968860369e+01,5.403713332152738502e+01
5.402297949547122613e+01,5.402299087501808117e+01
5.400884691741717347e+01,5.400884715050219143e+01
5.399471150100006867e+01,5.399470669543317314e+01
5.398057453042809328e+01,5.398056418635141540e+01
5.396644013832875686e+01,5.396642257778506035e+01
5.395228889977249054e+01,5.395227831931003237e+01
5.393815109869825619e+01,5.393813784488438046e+01
5.392400406733936080e+01,5.392399266406098945e+01
5.390985636718301066e+01,5.390985358762184632e+01
5.389573097889933706e+01,5.389571263300737058e+01
5.388156793876473927e+01,5.388156951283790619e+01
5.386744140526469948e+01,5.386742460046144032e+01
5.385327935556358625e+01,5.385328311186842143e+01
5.383914069077855657e+01,5.383914209345783064e+01
5.382500903868323405e+01,5.382499955373965861e+01
5.381086919697820292e+01,5.381085717031608340e+01
5.379672214087177906e+01,5.379671605011075997e+01
5.378258112165651994e+01,5.378257241227311880e+01
5.376843288881926952e+01,5.376842993357276157e+01
5.375428515657900874e+01,5.375428779234586329e+01
5.374014987685119848e+01,5.374014967353572558e+01
5.372602388516348526e+01,5.372600359583169904e+01
5.371186237651747319e+01,5.371186092597719153e+01
5.369772642118858386e+01,5.369772175687887739e+01
5.368357462391458768e+01,5.368357821875791558e+01
5.366942332894817014e+01,5.366943483348696731e+01
5.365530189977393860e+01,5.365529307085235189e+01
5.364114942751483284e+01,5.364114840931028994e+01
5.362704095333676690e+01,5.362701081141866410e+01
5.361287307790323098e+01,5.361286749421336850e+01
5.359874057135698422e+01,5.359872574693293501e+01
5.358458020984754455e+01,5.358458130323975155e+01
5.357045298947846845e+01,5.357044081297319593e+01
5.355630778047864027e+01,5.355630084976674254e+01
5.354217072109161535e+01,5.354215628146606321e+01
5.352803302759937054e+01,5.352801503330949373e+01
5.351390345183028074e+01,5.351387208864829859e+01
5.349974496783030986e+01,5.349973183662962839e+01
5.348558913049819807e+01,5.348558718773842457e+01
5.347145997086516900e+01,5.347144370563297855e+01
5.345731705957548741e+01,5.345730595434273624e+01
5.344316494209517998e+01,5.344316061786095418e+01
5.342902627239095636e+01,5.342901916063802759e+01
5.341488380617978748e+01,5.341487832897564658e+01
5.340074726356465362e+01,5.340073533515756310e+01
5.338660361994463699e+01,5.338659317685750949e+01
5.337245167466760165e+01,5.337245161455601306e+01
5.335830135193153012e+01,5.335830820042583156e+01
5.334416242364223848e+01,5.334416540482013858e+01
5.333002508777215667e+01,5.333002348535239889e+01
5.331588714755588398e+01,5.331588234234373402e+01
5.330174310335421950e+01,5.330174189553385133e+01
5.328758762476721245e+01,5.328759647948262312e+01
5.327346529135473929e+01,5.327345497001464025e+01
5.325931407604778656e+01,5.325931356930232141e+01
5.324517637021925509e+01,5.324517077121821274e+01
5.323103267147334350e+01,5.323102818865503849e+01
5.321689372904429405e+01,5.321688951020938418e+01
5.320274885173207480e+01,5.320274570146912652e+01
5.318859787168795350e+01,5.318860259618455899e+01
5.317446264751722396e+01,5.317446328707918468e+01
5.316031918407123413e+01,5.316031907481109187e+01
5.314619147725208137e+01,5.314617858218505120e+01
5.313205230627081477e+01,5.313203571347509069e+01
5.311788633636499668e+01,5.311789377825871128e+01
5.310374379288699487e+01,5.310374940684778977e+01
5.308962239665573435e+01,5.308960915081777898e+01
5.307546664553849780e+01,5.307546639234670494e+01
5.306132987696651071e+01,5.306132477248409174e+01
5.304806925278978014e+01,5.304804939398008656e+01
5.303432589853775170e+01,5.303432230115113555e+01
5.301995974025717828e+01,5.301996271653003134e+01
5.300593221771764263e+01,5.300593464806894417e+01
5.299173683976265892e+01,5.299173042593406535e+01
5.297763194990778857e+01,5.297762331593892071e+01
5.296340718931467961e+01,5.296340997713956256e+01
5.294917781947985702e+01,5.294917011683855890e+01
5.293495327963965735e+01,5.293493621556810780e+01
5.292071710563725162e+01,5.292070530087299574e+01
5.290646412219198425e+01,5.290646688689973587e+01
5.289223772062885587e+01,5.289223751072487545e+01
5.287801396435035883e+01,5.287800352462470244e+01
5.286379593453376202e+01,5.286378556718077704e+01
5.284957179734269772e+01,5.284956795511162397e+01
5.283536766793814365e+01,5.283535831363264634e+01
5.282116821166553677e+01,5.282116011536016487e+01
5.280695722947712767e+01,5.280696437720744285e+01
5.279278251307114544e+01,5.279278024468599284e+01
5.277861364115443621e+01,5.277860151395152144e+01
5.276442121571107435e+01,5.276442824823175926e+01
5.275025758363914008e+01,5.275025530148978703e+01
5.273610079467381695e+01,5.273609687675302382e+01
5.272195323992403360e+01,5.272193569509729372e+01
5.270780172179897960e+01,5.270778062702017763e+01
5.269362779285891918e+01,5.269362798191403385e+01
5.267948371144358788e+01,5.267947936880090509e+01
5.266535102956500936e+01,5.266533118566432847e+01
5.265119800102416292e+01,5.265118886453662839e+01
5.263704991876617356e+01,5.263704170296870899e+01
5.262291320929370642e+01,5.262289787262030671e+01
5.260876928920012574e+01,5.260875500367001223e+01
5.259461715325773667e+01,5.259461502224371543e+01
5.258048622128313809e+01,5.258047371233391232e+01
5.256633611177435483e+01,5.256633247947235077e+01
5.255220725310416441e+01,5.255219483167294214e+01
5.253806364962339615e+01,5.253805258480947060e+01
5.252388886425510606e+01,5.252391069903360687e+01
5.250977565053960916e+01,5.250977004022645644e+01
5.249563891341998811e+01,5.249563267342589512e+01
5.248149832171608153e+01,5.248149093596282455e+01
5.246734954202517542e+01,5.246734925594522991e+01
5.245323934126742671e+01,5.245320916056769533e+01
5.243907516180395589e+01,5.243906898043743325e+01
5.242492462656777263e+01,5.242492411740645508e+01
5.241079305377159869e+01,5.241078311916278665e+01
5.239663798306217757e+01,5.239664269269044183e+01
5.238251395835659707e+01,5.238249781069634992e+01
5.236835228600583747e+01,5.236835842091283411e+01
5.235420197157944955e+01,5.235421464106319434e+01
5.234008700414973703e+01,5.234007500441464344e+01
5.232593227728428076e+01,5.232593242171719083e+01
5.231179104645662647e+01,5.231179108869928029e+01
5.229765473128402675e+01,5.229764783013457929e+01
5.228350361973674865e+01,5.228350511215033691e+01
5.226938680863493403e+01,5.226936303703748621e+01
5.225522029734975860e+01,5.225522180415440943e+01
5.224109900276862817e+01,5.224107884038571115e+01
5.222694878634951721e+01,5.222693870574670427e+01
5.221280339056362862e+01,5.221279701847844734e+01
5.219866074707808679e+01,5.219865034351068545e+01
5.218451195894910200e+01,5.218450991382431425e+01
5.217037897650391898e+01,5.217036763703078606e+01
5.215623989956363715e+01,5.215622628172378938e+01
5.214210573733782894e+01,5.214208283015953782e+01
5.212795456627877400e+01,5.212794249626438869e+01
5.211379411462976208e+01,5.211380012990292698e+01
5.209966135774688922e+01,5.209965897333582774e+01
5.208551392118828716e+01,5.208551535621560191e+01
5.207139415505798752e+01,5.207137567893947505e+01
5.205721712538493762e+01,5.205723336265157286e+01
5.204308531408108252e+01,5.204308938628827974e+01
5.202894957236837570e+01,5.202894907571305083e+01
5.201481874371727088e+01,5.201480680120385358e+01
5.200066762815361443e+01,5.200066517493038987e+01
5.198653340949496027e+01,5.198652404084473488e+01
5.197238439423465195e+01,5.197238363400295214e+01
5.195825991093130369e+01,5.195823875904815736e+01
5.194409552141355846e+01,5.194409710558525717e+01
5.192996112938433839e+01,5.192995368884251661e+01
5.191581627358579709e+01,5.191581062107516686e+01
5.190168065402946951e+01,5.190167127226575161e+01
5.188752479560881170e+01,5.188752732096436660e+01
5.187339451534052159e+01,5.187338658633922250e+01
5.185926037665092991e+01,5.185924147997683775e+01
5.184512670752005192e+01,5.184510191289526659e+01
5.183097489136022773e+01,5.183096818041246934e+01
5.181685400906239636e+01,5.181684256413884526e+01
5.180274430734467472e+01,5.180273291003333469e+01
5.178863815508227475e+01,5.178864363234294643e+01
5.177458342927425150e+01,5.177457797847453236e+01
5.176055939485607382e+01,5.176053822993424802e+01
5.174653978851148395e+01,5.174653654428480110e+01
5.173256603800048481e+01,5.173256830846179355e+01
5.171864138307228131e+01,5.171864094387090915e+01
5.170476904630749004e+01,5.170475442808486832e+01
5.169092068415072561e+01,5.169091344838497548e+01
5.167712672091028026e+01,5.167712655368396923e+01
5.166339159236667911e+01,5.166338242083778454e+01
5.164968576732088223e+01,5.164969436191628205e+01
5.163605293833466447e+01,5.163605436992676090e+01
5.162247448822318319e+01,5.162247319016960745e+01
5.160896902454366142e+01,5.160894261813079709e+01
5.159547648906860218e+01,5.159547027539626640e+01
5.158204809511862976e+01,5.158205663560932663e+01
5.156870904150317614e+01,5.156869902110703663e+01
5.155538846862245350e+01,5.155539402753267098e+01
5.154215714316758579e+01,5.154214800979707434e+01
5.152897367077691371e+01,5.152896266512110657e+01
5.151584568982069356e+01,5.151583318525334931e+01
5.150276130075155834e+01,5.150275660243334386e+01
5.148975855623616837e+01,5.148974379211812646e+01
5.147679712879458691e+01,5.147678685673198373e+01
5.146389132494822150e+01,5.146388245202498268e+01
5.145105517456272537e+01,5.145104207310894395e+01
5.143828877263537436e+01,5.143825488381051514e+01
5.142553868944635553e+01,5.142552547874767299e+01
5.141285502015860231e+01,5.141285481382070088e+01
5.140026077799640802e+01,5.140023992871100944e+01
5.138770029080259150e+01,5.138768294998979513e+01
5.137519434959301634e+01,5.137517911600072296e+01
5.136275376629742340e+01,5.136273617884840093e+01
5.135033714861933873e+01,5.135034885407251437e+01
5.133802958951476825e+01,5.133801767470467325e+01
5.132576670861035240e+01,5.132574465161523847e+01
5.131352240651806085e+01,5.131352685685936876e+01
5.130138497908217232e+01,5.130136766718867136e+01
5.128928572100281968e+01,5.128926685387254025e+01
5.127722033935386037e+01,5.127721587160892369e+01
5.126524110769829434e+01,5.126522619768922340e+01
5.125330006351211409e+01,5.125329485936421747e+01
5.124140710846002378e+01,5.124141331144836187e+01
5.122960352559371699e+01,5.122959595014754797e+01
5.121785238516046235e+01,5.121783150588692024e+01
5.120612638454930732e+01,5.120612489012199120e+01
5.119448445251271806e+01,5.119447128923630430e+01
5.118289493827661829e+01,5.118287599084862904e+01
5.117136105288214054e+01,5.117134166694251007e+01
5.115986656728839677e+01,5.115985981433524898e+01
5.114842125448494414e+01,5.114843116106536769e+01
5.113706866739757118e+01,5.113706629382875946e+01
5.112576100189399142e+01,5.112575107796242690e+01
5.111448058519567184e+01,5.111449953069330832e+01
5.110328980874967897e+01,5.110329562389974711e+01
5.109215468206977562e+01,5.109215547589120376e+01
5.108106663843282291e+01,5.108107037228808878e+01
5.107002881322793542e+01,5.107004369784216635e+01
5.105906641519815281e+01,5.105906996127578168e+01
5.104815432347929516e+01,5.104815421605956516e+01
5.103729256379312318e+01,5.103729381079383387e+01
5.102648870901442990e+01,5.102649178776510297e+01
5.101575810326082916e+01,5.101574520828334158e+01
5.100506032766426046e+01,5.100505690620212107e+01
5.099443042471776977e+01,5.099442071980949009e+01
5.098384423355178541e+01,5.098384584282295151e+01
5.097333129361300763e+01,5.097332898505271714e+01
5.096287092302093669e+01,5.096286487331398973e+01
5.095245540525102967e+01,5.095246135363414908e+01
5.094210119888587229e+01,5.094210805370999395e+01
5.093183333506853216e+01,5.093181324359473194e+01
5.092158855841584142e+01,5.092157842586136240e+01
5.091140396409168289e+01,5.091139691056036298e+01
5.090128178693092309e+01,5.090127047131607441e+01
5.089122306649671401e+01,5.089120229489964231e+01
5.088118415050202969e+01,5.088119451665095738e+01
5.087123495122005323e+01,5.087123954814750704e+01
5.086134156298308540e+01,5.086134277584437768e+01
5.085150406433480441e+01,5.085150379258946884e+01
5.084169951864021186e+01,5.084171754957952771e+01
5.083196281553458817e+01,5.083198930947099115e+01
5.082232670618810744e+01,5.082231953057493001e+01
5.081269524794717540e+01,5.081270200314207131e+01
5.080313162831391338e+01,5.080314508304971355e+01
5.079364355058270775e+01,5.079364376980120710e+01
5.078418843590475973e+01,5.078419765059972946e+01
5.077481215722130514e+01,5.077480942226606686e+01
5.076546883184210657e+01,5.076547929084271260e+01
5.075622397539097364e+01,5.075620466802932640e+01
5.074699251552683421e+01,5.074698225088658177e+01
5.073781148326944646e+01,5.073782315878001015e+01
5.072870929620719949e+01,5.072871416046909587e+01
5.071965974290288415e+01,5.071966582276575508e+01
5.071066068815803618e+01,5.071067257871722944e+01
5.070173389976914535e+01,5.070173758377801931e+01
5.069286631398074405e+01,5.069286049208864853e+01
5.068403508321611639e+01,5.068403307309082351e+01
5.067525977481749777e+01,5.067527151232368965e+01
5.066656004027451132e+01,5.066656018066889544e+01
5.065790207992312588e+01,5.065790916105044062e+01
5.064929136435589641e+01,5.064931100731486424e+01
5.064075405457012380e+01,5.064077316930413986e+01
5.063229238759150519e+01,5.063228805034928826e+01
5.062385283712198003e+01,5.062386328942098146e+01
5.061548561590497997e+01,5.061549408523879379e+01
5.060717224951430637e+01,5.060717968914774190e+01
5.059890063637334379e+01,5.059892333204673065e+01
5.059070466875658667e+01,5.059072225431249592e+01
5.058254183581893670e+01,5.058257602269213749e+01
5.057448617473822594e+01,5.057449100440383205e+01
5.056645496012119878e+01,5.056645810088609494e+01
5.055849173265777097e+01,5.055848305586201263e+01
5.055054744296045754e+01,5.055056548432806807e+01
5.054269294916198874e+01,5.054270358932380702e+01
5.053489450509199088e+01,5.053489933298910586e+01
5.052715745778901635e+01,5.052715342156275824e+01
5.051945472205392917e+01,5.051945909914196164e+01
5.051182979381670179e+01,5.051182831319059829e+01
5.050423252759597403e+01,5.050424744321867365e+01
5.049672293736259121e+01,5.049672702740770092e+01
5.048927484970376156e+01,5.048926184468036382e+01
5.048184895209789858e+01,5.048185696064219030e+01
5.047449879499917103e+01,5.047450189792940733e+01
5.046720140047757042e+01,5.046720735080525344e+01
5.045995786841702824e+01,5.045996791113917368e+01
5.045277914319930090e+01,5.045278612777971006e+01
5.044566627623050437e+01,5.044566252844028753e+01
5.043858550055677625e+01,5.043859354492973779e+01
5.043159134266056753e+01,5.043157994309162007e+01
5.042464233243575933e+01,5.042462417362069260e+01
5.041772321744760887e+01,5.041772604038553141e+01
5.041086896591211541e+01,5.041088009443518558e+01
5.040410239018584093e+01,5.040409227217089239e+01
5.039737989695488096e+01,5.039736488666651582e+01
5.039070258663120683e+01,5.039069243796129172e+01
5.038409229361403874e+01,5.038407762221198993e+01
5.037752388681843030e+01,5.037751816790139259e+01
5.037100945508192495e+01,5.037101325406806041e+01
5.036455657197908664e+01,5.036456630705431081e+01
5.035818484825856700e+01,5.035817739333622711e+01
5.035186380599564160e+01,5.035184335161468994e+01
5.034558688957325501e+01,5.034556711509512894e+01
5.033933879567956637e+01,5.033934815671263863e+01
5.033320029815438801e+01,5.033318204076782365e+01
5.032706663795897128e+01,5.032707596093413116e+01
5.032102619366447271e+01,5.032102531657354660e+01
5.031501352118473847e+01,5.031503203985408135e+01
5.030909081521162562e+01,5.030909642718405905e+01
5.030321005114227262e+01,5.030321351406787755e+01
5.029737997908489433e+01,5.029738794976943694e+01
5.029162568789845977e+01,5.029162032262925663e+01
5.028591007447077033e+01,5.028591035596762282e+01
5.028025389568460213e+01,5.028025516976315146e+01
5.027465932887168520e+01,5.027465532312593410e+01
5.026912634278856018e+01,5.026911573918185638e+01
5.026362771413271702e+01,5.026363081674539046e+01
5.025821577482378189e+01,5.025820396782932420e+01
5.025284035588605747e+01,5.025283459905273276e+01
5.024750697145208278e+01,5.024751717964051778e+01
5.024225480691987400e+01,5.024225800794778252e+01
5.023705665195340941e+01,5.023705859515805372e+01
5.023192008398520159e+01,5.023191205379789892e+01
5.022682228749278721e+01,5.022682279339792188e+01
5.022178063570756024e+01,5.022179126680888572e+01
5.021682352056159004e+01,5.021681768622550379e+01
5.021189207233211960e+01,5.021189860940055638e+01
5.020704186254924650e+01,5.020703741034703427e+01
5.020223367649134616e+01,5.020223381268581164e+01
5.019746424653437344e+01,5.019748256842238732e+01
5.019278806645495195e+01,5.019279155502132284e+01
5.018816263475368089e+01,5.018815814902840344e+01
5.018356509151557532e+01,5.018357435443226677e+01
5.017901828449662816e+01,5.017905048086985431e+01
5.017458651976257045e+01,5.017458744960801198e+01
5.017018263360986907e+01,5.017017681049547662e+01
5.016580991481566087e+01,5.016582042436050415e+01
5.016152166580200600e+01,5.016152739595491994e+01
5.015729732510504846e+01,5.015728921104034299e+01
5.015310193865862232e+01,5.015310344668428399e+01
5.014897040200268208e+01,5.014897260260686096e+01
5.014491248233520793e+01,5.014490971039543155e+01
5.014090208146938465e+01,5.014089660699078621e+01
5.013693377040728905e+01,5.013693594620108485e+01
5.013302493733917942e+01,5.013303503364731029e+01
5.012919187394549425e+01,5.012919732019814489e+01
5.012541725782522661e+01,5.012541470808481847e+01
5.012166840390814571e+01,5.012167887037082892e+01
5.011801501328461939e+01,5.011800346850643706e+01
5.011439816531886748e+01,5.011439313702808818e+01
5.011083215467411378e+01,5.011083236495208126e+01
5.010732999854328540e+01,5.010732981866699021e+01
5.010389068825729453e+01,5.010387911499627478e+01
5.010050206087819902e+01,5.010049376313333624e+01
5.009715770016643432e+01,5.009716308590756739e+01
5.009389248047549614e+01,5.009388795822387408e+01
5.009065744630834871e+01,5.009065972381988274e+01
5.008749603113135151e+01,5.008749441157900861e+01
5.008439408735281972e+01,5.008439386163906448e+01
5.008132875256881533e+01,5.008135081416831014e+01
5.007836444353713290e+01,5.007835783139869079e+01
5.007540513126599535e+01,5.007542002224928979e+01
5.007253047994847606e+01,5.007253180106674506e+01
5.006971195598973168e+01,5.006971662560825820e+01
5.006695297769947217e+01,5.006695602418753310e+01
5.006424479571610675e+01,5.006425548873085063e+01
5.006158966508283470e+01,5.006160222092595546e+01
5.005902135907817296e+01,5.005900218719639128e+01
5.005645588658484968e+01,5.005645648309093332e+01
5.005399242478575417e+01,5.005397569125613444e+01
5.005155132837402476e+01,5.005156256980215801e+01
5.004920903535164456e+01,5.004920964008130113e+01
5.004691762835037139e+01,5.004690365456441015e+01
5.004465303248204577e+01,5.004465052485095100e+01
5.004243608214263617e+01,5.004244480715045995e+01
5.004028410641961955e+01,5.004029414257064445e+01
5.003820578970731248e+01,5.003821322558223983e+01
5.003620654849004268e+01,5.003620254787724519e+01
5.003424716745396950e+01,5.003425148356254226e+01
5.003236149704105173e+01,5.003236312644489914e+01
5.003051465099964901e+01,5.003052964749025477e+01
5.002874595896132348e+01,5.002874376786597566e+01
5.002701942825242298e+01,5.002700797040137104e+01
5.002530681087906572e+01,5.002530893909514731e+01
5.002364610106184983e+01,5.002366307412523128e+01
5.002211122753950434e+01,5.002210954607077298e+01
5.002064972278468247e+01,5.002065823203556505e+01
5.001929333231097985e+01,5.001929712766733616e+01
5.001802897715494822e+01,5.001802825275201059e+01
5.001683920830959806e+01,5.001684435227239334e+01
5.001574920498873666e+01,5.001574003084617459e+01
5.001472727546529740e+01,5.001471633169094844e+01
5.001376268505976697e+01,5.001375698899085620e+01
5.001285981132541281e+01,5.001285770326482805e+01
5.001200995192166232e+01,5.001201626900801500e+01
5.001120234325497194e+01,5.001121147287549462e+01
5.001044128302872593e+01,5.001045239372038509e+01
5.000971929498255264e+01,5.000972025508869478e+01
